289 750
241	241	241	241	241	241	241	241	241	241	241	241	240	241	241	242	241	241	241	241	241	242	242	242	242	242	241	242	242	242	242	242	242	242	242	242	242	242	242	243	243	243	243	243	243	243	243	243	243	243	243	244	243	243	244	244	244	245	245	245	243	243	245	245	244	244	245	245	245	245	245	245	244	244	244	244	245	245	245	245	244	244	245	244	245	245	245	245	244	244	244	244	243	243	243	243	244	244	244	244	244	244	244	244	244	244	244	244	245	245	245	245	244	244	244	244	244	244	244	244	244	244	244	244	243	244	244	244	244	244	244	244	244	244	244	244	244	244	244	244	244	244	244	244	245	245	236	174	147	157	178	162	170	190	150	128	191	240	242	243	245	246	245	245	245	245	246	245	245	245	245	245	245	245	245	245	246	246	245	245	245	245	245	245	244	244	244	244	244	244	244	244	245	245	245	245	244	244	244	244	245	245	245	245	245	245	245	245	245	245	245	245	245	245	245	245	245	245	245	245	245	245	245	245	245	245	245	245	245	245	245	245	245	245	245	245	245	245	245	245	245	245	245	245	245	245	245	245	245	245	245	245	245	245	245	245	245	245	245	245	245	245	245	245	244	244	244	244	244	244	244	244	244	244	244	244	244	244	244	244	244	244	244	244	244	244	244	244	244	244	244	244	244	244	244	244	244	244	244	244	244	244	244	244	244	244	244	244	244	244	244	244	244	244	244	244	244	244	244	244	244	244	244	244	243	243	243	243	243	243	243	243	244	244	244	244	244	244	244	244	244	244	244	244	243	244	245	245	244	244	244	244	244	244	244	244	244	244	244	244	244	244	244	244	243	243	243	243	244	243	243	243	243	243	243	243	243	243	243	243	243	243	243	243	242	243	243	243	242	242	242	242	242	242	242	242	243	241	241	243	243	243	243	241	241	240	240	241	241	241	241	241	241	240	241	241	241	241	241	240	241	242	242	241	241	241	241	241	242	242	242	242	241	241	241	241	242	241	241	240	241	241	241	241	242	242	242	242	242	241	243	242	241	242	242	241	242	242	241	241	242	241	241	241	242	242	242	243	241	242	242	243	243	243	242	242	242	243	242	243	243	242	243	242	243	242	243	243	242	243	242	242	242	242	242	242	242	242	242	242	241	242	242	241	242	242	242	242	241	241	241	241	242	242	242	242	241	241	241	241	241	241	241	241	241	241	241	241	241	242	242	242	242	242	242	242	241	241	242	241	241	241	241	241	241	241	241	242	241	241	241	241	242	242	242	242	242	242	242	242	242	242	242	242	242	242	242	242	242	241	241	242	241	241	241	241	241	241	242	241	241	241	241	241	241	241	241	241	241	241	241	241	241	242	241	241	240	240	241	241	241	240	241	241	240	241	242	242	242	241	241	241	241	241	241	241	241	241	241	241	240	241	240	240	240	240	241	240	240	240	240	240	239	239	239	238	239	239	239	238	239	239	240	239	239	239	239	239	239	239	239	239	238	239	239	239	239	239	239	239	238	238	238	238	238	238	238	238	238	238	238	239	238	239	239	240	239	239	239	239	239	238	238	239	238	238	238	238	238	238	238	238	238	238	238	238	238	238	238	238	238	238	238	238	238	238	238	238	238	238	238	238	238	238	238	238	238	238	238	238	238	238	238	238	238	238	238	238	238	238	238	238	238	238	238	238	238	237	237	238	238	238	238	238	238	238	238	238	238	238
241	241	241	241	241	241	241	241	242	242	241	241	241	241	241	242	242	241	241	242	242	242	242	242	242	242	241	241	241	242	242	242	242	242	242	242	242	242	243	243	243	243	243	243	243	243	243	243	243	243	244	243	245	245	245	245	243	243	243	243	243	243	243	244	245	245	245	245	244	244	244	244	243	243	243	243	244	244	244	244	244	245	245	245	244	244	244	244	244	244	244	244	243	243	243	243	243	243	243	243	244	244	244	244	244	244	244	244	244	244	244	244	244	244	244	244	244	244	244	244	244	244	244	244	244	244	244	244	244	244	244	244	244	244	244	244	244	244	244	244	245	245	245	245	245	245	245	246	217	192	202	190	171	168	162	158	226	245	244	245	245	245	245	245	245	245	245	245	245	245	245	245	245	245	245	245	245	245	245	245	245	245	245	245	245	245	245	245	244	245	245	245	245	245	245	245	245	245	245	245	245	245	245	245	245	245	245	245	245	245	245	245	245	245	245	245	245	245	245	245	246	245	245	245	245	245	245	245	245	245	245	245	245	245	245	245	245	245	245	245	245	245	245	245	245	245	245	245	245	245	245	245	245	245	245	245	245	245	245	245	245	245	245	245	245	245	245	245	245	245	245	245	245	245	245	245	245	245	245	245	245	245	245	245	245	245	245	245	245	245	245	245	245	245	245	245	245	245	245	245	245	245	245	245	245	245	245	245	245	245	245	245	243	243	243	244	244	244	244	244	244	244	244	244	243	243	243	243	243	243	243	244	245	245	245	245	245	245	245	245	245	245	244	244	244	244	244	244	244	244	244	245	245	245	245	245	245	245	245	245	245	245	245	245	243	243	243	243	244	243	243	243	243	243	243	243	243	243	243	243	243	244	244	244	243	243	242	242	243	242	242	243	243	242	243	243	241	241	241	241	241	241	241	241	241	243	243	241	241	241	241	241	241	241	241	241	241	241	243	243	241	241	241	241	241	241	241	241	242	242	241	241	241	241	241	242	242	241	241	242	243	241	241	241	242	241	241	241	242	242	241	242	241	242	242	242	242	242	242	242	242	241	241	241	241	241	241	241	241	241	241	241	242	242	242	242	242	242	242	243	242	242	242	243	242	242	243	242	242	241	242	241	242	242	242	242	242	242	243	242	242	242	242	242	242	241	242	242	241	242	242	242	242	241	241	241	241	241	241	241	241	241	241	241	242	242	242	241	242	242	241	242	242	242	242	242	241	242	241	241	242	242	242	242	241	241	241	241	241	241	242	241	242	242	241	242	242	242	242	241	242	242	242	242	242	242	242	242	242	242	242	242	242	242	242	242	242	242	241	241	241	241	241	241	242	242	241	241	241	241	241	241	241	241	241	241	241	241	241	241	241	241	241	241	241	241	241	241	242	241	241	241	240	241	241	241	242	242	240	242	241	241	240	240	240	240	240	240	240	240	240	240	238	239	239	238	239	239	239	239	240	240	240	240	240	240	240	240	240	240	240	240	239	239	239	239	239	239	239	239	239	238	238	238	239	239	239	239	239	239	239	239	240	240	240	240	240	240	240	240	239	239	239	239	239	239	239	239	238	238	238	238	238	238	238	238	238	238	238	238	239	239	239	239	238	238	238	238	238	238	238	238	238	238	238	238	239	239	239	239	239	239	239	239	238	238	238	238	238	238	238	238	238	238	238	238	238	238	238	238	238	238	238	238	238	238	238	238	238	237
241	241	241	241	241	241	241	241	242	241	241	241	241	241	241	241	241	241	242	242	242	242	242	242	242	242	242	242	242	242	242	242	242	242	242	242	243	243	243	243	243	243	243	243	243	243	243	243	243	243	243	243	245	245	245	245	243	243	245	245	244	243	244	244	245	245	245	245	244	244	244	244	243	243	243	243	244	244	244	244	244	245	245	245	244	244	244	244	244	244	244	244	243	243	243	243	243	243	243	243	244	244	244	244	244	244	244	244	244	244	244	244	244	244	244	244	244	244	244	244	244	244	244	244	244	244	244	244	244	244	244	244	244	244	244	244	244	244	244	244	245	245	245	245	245	245	245	247	228	230	215	237	245	236	186	200	231	245	245	244	245	245	245	245	245	245	245	245	246	246	246	246	245	245	245	245	245	245	245	245	245	245	245	245	245	245	245	245	245	245	245	245	245	245	245	245	245	245	245	245	245	245	245	245	245	245	245	245	245	245	245	245	245	245	245	245	245	245	245	245	246	245	245	245	245	245	245	245	245	245	245	245	245	245	245	245	245	245	245	245	245	245	245	245	245	245	245	245	245	245	245	245	245	245	245	245	245	245	245	245	245	245	245	245	245	245	245	245	245	245	245	245	245	245	245	245	245	245	245	245	245	245	245	245	245	245	245	245	245	245	245	245	245	245	245	245	245	245	245	245	245	245	245	245	245	245	245	245	245	245	245	245	243	243	244	244	243	243	243	243	244	244	244	244	243	243	243	243	244	244	244	244	245	245	245	245	245	245	245	245	245	245	244	244	244	244	244	244	244	244	245	245	245	245	245	245	245	245	245	245	245	245	245	245	243	243	243	243	243	243	243	243	243	243	243	243	243	243	243	243	243	243	244	244	243	243	242	242	243	241	242	243	242	243	243	242	241	241	241	241	241	241	241	241	241	243	243	241	243	243	241	243	241	243	241	241	243	243	241	243	243	243	243	243	243	243	243	243	241	241	242	243	243	241	243	241	241	241	241	242	241	243	243	243	241	241	241	241	241	243	241	241	242	243	242	242	242	242	242	241	242	241	241	242	243	241	241	241	241	241	242	242	242	242	242	242	242	242	241	242	242	242	242	242	242	242	242	242	242	242	241	241	243	242	242	242	243	243	242	243	242	242	243	243	242	242	242	242	241	241	242	242	241	241	241	241	243	243	243	243	241	241	242	242	242	242	242	242	242	242	242	242	242	242	242	242	241	242	241	241	242	242	242	242	240	240	240	241	242	242	241	241	242	242	241	241	242	242	242	242	242	242	242	242	242	242	242	242	242	242	242	242	242	242	242	241	242	242	242	242	242	242	241	241	242	241	241	241	241	241	241	241	241	241	241	241	241	241	241	241	241	241	241	241	241	241	241	241	241	241	241	241	241	241	241	241	241	241	241	241	241	241	241	240	240	240	240	240	240	240	240	240	239	239	239	239	239	239	239	239	240	240	240	240	239	239	240	240	240	240	240	239	239	239	239	239	239	239	239	239	239	239	238	238	239	239	239	239	239	239	239	239	240	240	240	240	240	240	240	240	239	239	239	239	239	239	239	239	238	238	238	238	238	238	238	238	238	238	238	238	239	239	239	239	238	238	238	238	238	238	238	238	238	238	238	238	239	239	239	239	239	239	239	239	238	238	238	238	238	238	238	238	238	238	238	238	238	238	238	238	238	238	238	238	238	238	238	238	238	238
241	241	241	241	241	241	241	241	242	241	241	241	241	241	241	241	242	242	242	242	242	242	242	242	241	241	242	242	242	242	242	242	242	242	243	243	243	243	243	243	243	243	243	243	243	243	244	243	244	244	243	243	245	245	245	245	245	245	243	243	243	244	244	244	245	245	245	245	244	244	244	244	244	244	244	244	244	244	244	244	244	245	245	245	244	244	244	244	244	244	244	244	243	243	243	243	243	243	243	243	244	244	244	244	244	244	244	244	244	244	244	244	244	244	244	244	244	244	244	244	244	244	244	244	244	244	244	244	244	244	244	244	244	244	244	244	244	244	244	244	245	245	245	245	245	245	245	247	223	171	195	236	231	235	200	208	226	247	245	245	245	245	245	245	245	245	245	245	243	243	243	244	245	245	245	245	245	245	245	245	245	245	245	245	245	246	246	245	245	245	245	245	245	245	245	245	245	245	245	245	245	245	245	245	245	245	245	245	245	245	245	245	245	245	245	245	245	245	245	245	245	245	245	245	245	245	245	245	245	245	245	245	245	245	245	245	245	245	245	245	245	245	245	245	245	245	245	245	245	245	245	245	245	245	245	245	245	245	245	245	245	245	245	245	245	245	245	245	245	245	245	245	245	245	245	245	245	245	245	245	245	245	245	245	245	245	245	245	245	245	245	245	245	245	245	245	245	245	245	245	245	245	245	245	245	245	245	245	245	245	245	245	243	244	244	244	244	244	244	244	244	244	244	244	243	243	243	243	244	244	243	243	245	245	245	245	245	245	245	245	245	244	244	244	244	244	244	244	245	244	244	244	244	244	244	244	245	245	245	245	245	245	245	245	243	243	243	243	243	243	243	243	243	243	243	243	244	244	244	244	243	243	244	244	243	243	243	242	243	242	242	243	242	242	242	242	242	241	241	241	241	241	241	241	241	243	243	241	242	241	243	243	241	241	241	242	243	243	243	242	242	241	242	242	241	241	241	241	241	241	243	243	243	241	241	242	241	241	241	243	243	243	243	241	241	243	243	241	241	241	241	241	242	242	243	242	242	242	242	241	242	241	243	243	243	241	241	241	242	242	242	242	242	242	242	242	242	242	242	242	241	243	242	242	242	242	242	242	242	241	241	242	242	242	242	242	242	242	242	242	242	242	242	242	242	242	243	242	241	241	241	241	241	241	241	241	241	240	241	242	242	243	242	242	242	242	243	242	243	243	242	242	242	242	242	242	241	241	241	241	242	241	241	241	242	241	241	241	241	242	242	241	242	241	241	241	241	242	242	241	242	241	241	242	242	242	242	242	242	242	242	242	242	242	242	241	242	242	242	242	242	242	242	242	242	241	241	241	241	241	241	241	241	241	241	241	241	241	241	241	241	242	242	241	241	241	240	241	241	241	241	242	241	241	241	241	241	241	241	241	240	241	241	241	241	241	240	240	240	240	240	240	239	238	238	239	239	239	239	239	239	239	240	240	240	240	240	240	240	240	240	240	239	239	239	239	239	239	239	238	239	239	239	239	238	238	238	239	239	239	239	239	240	240	240	240	240	240	240	240	239	239	239	239	239	239	239	239	238	238	238	238	238	238	238	238	238	238	238	238	239	239	239	239	238	238	238	238	238	238	238	238	238	238	238	238	239	239	239	239	239	239	239	239	238	238	238	238	238	238	238	238	238	238	238	238	238	238	238	238	238	238	238	238	238	238	238	238	237	238
241	241	241	241	241	241	241	241	241	241	241	241	241	241	242	242	242	242	242	242	242	242	242	242	242	242	242	242	242	242	242	242	243	243	243	243	243	243	243	243	243	243	243	243	243	243	243	243	243	244	243	244	245	245	245	245	245	244	244	244	244	244	244	244	245	244	244	244	244	244	244	244	244	244	244	244	244	244	244	244	245	245	245	245	244	244	244	244	244	244	243	243	243	243	243	243	243	243	243	243	244	243	244	244	244	244	244	244	244	244	244	244	244	244	244	244	244	244	244	244	244	244	244	244	244	244	244	244	244	244	244	244	244	243	243	244	244	244	244	245	245	245	245	245	245	245	245	248	192	135	193	234	226	233	197	208	219	246	246	245	245	245	245	245	245	245	245	245	244	242	241	242	245	245	245	245	245	245	245	245	245	245	245	245	245	245	245	245	245	245	245	245	245	245	245	245	245	245	245	245	245	245	245	245	245	245	245	245	245	245	245	245	245	245	245	245	245	245	245	245	245	245	245	245	245	245	245	245	245	245	245	245	245	245	245	245	245	245	245	245	245	245	245	245	245	245	245	245	245	245	245	245	245	245	245	245	245	245	245	245	245	245	245	245	245	245	245	245	245	245	245	245	245	245	245	245	245	245	245	245	245	245	245	245	245	245	245	245	245	245	245	245	245	245	245	245	245	245	245	245	245	245	245	245	245	245	244	245	245	245	245	245	243	243	243	243	244	244	244	244	244	244	244	244	244	244	244	244	244	244	244	244	245	245	245	245	245	245	245	245	245	244	245	245	244	244	244	244	245	244	244	244	244	244	244	244	245	245	245	245	245	245	245	245	244	244	244	244	243	244	244	243	243	243	243	243	244	244	244	243	243	243	243	243	244	244	244	244	243	243	243	244	243	243	243	243	243	243	243	243	242	242	242	242	242	243	243	242	242	242	242	243	242	243	243	243	243	242	243	243	242	242	242	242	241	241	241	241	241	243	243	243	241	241	242	242	241	243	243	243	242	242	242	242	242	243	243	242	243	242	243	242	243	243	243	242	241	243	243	241	241	243	243	243	243	243	243	243	243	243	241	241	242	242	242	242	243	242	242	243	242	242	242	242	242	242	242	242	241	241	242	242	242	242	242	241	241	242	242	242	241	242	242	242	242	242	242	242	242	242	242	241	241	243	241	242	242	242	242	242	242	242	242	242	242	242	243	243	243	242	242	242	243	242	242	243	242	242	242	242	242	241	241	241	241	241	241	241	241	241	241	242	242	242	241	241	242	242	241	242	242	242	242	242	242	242	242	242	242	242	242	242	242	242	242	242	241	242	242	242	242	242	243	242	242	242	242	241	242	242	242	242	241	242	242	241	242	242	241	241	242	242	241	241	241	241	241	241	241	241	241	242	242	241	241	241	241	241	241	241	241	241	240	240	240	240	241	240	239	239	239	240	239	239	240	240	240	240	240	240	240	240	240	241	240	239	239	240	240	239	240	240	239	239	240	239	239	239	240	240	239	239	239	239	239	239	239	239	239	239	239	239	240	241	240	241	241	241	241	241	239	239	240	239	238	238	238	238	238	238	238	238	238	238	238	238	238	238	238	238	239	239	239	239	238	238	238	238	239	239	239	239	239	238	239	239	239	239	239	239	239	240	240	238	238	238	238	238	238	238	238	238	238	238	238	238	238	238	238	238	238	238	238	238	238	238	238	238	238	238
241	241	241	241	241	241	241	241	241	241	241	241	242	242	242	242	242	242	242	242	242	242	242	242	242	242	242	242	242	242	243	242	243	243	243	243	243	243	243	243	243	243	243	243	243	244	243	243	243	243	244	244	243	243	243	243	243	244	244	244	244	244	244	244	244	244	244	245	244	244	244	244	243	243	243	243	244	244	244	244	244	244	244	244	244	244	244	244	243	242	243	243	242	242	242	242	241	241	243	243	243	243	242	242	244	244	244	244	244	244	244	244	244	244	244	244	244	244	244	244	244	244	244	244	244	244	244	244	244	244	244	244	244	244	244	244	245	245	245	245	245	245	245	245	245	245	245	247	190	179	213	243	240	241	208	184	208	245	246	245	245	245	245	245	245	245	245	245	244	244	242	242	243	245	245	245	245	245	245	245	245	245	245	245	245	245	245	245	245	245	245	245	245	245	245	245	245	245	245	245	245	245	245	245	245	245	245	245	245	245	245	245	245	245	245	245	245	245	245	245	245	245	245	245	245	245	245	245	245	245	245	245	246	246	245	245	245	245	245	245	245	245	245	245	245	245	245	245	245	245	245	245	245	245	245	245	245	245	245	245	245	245	245	245	245	245	245	245	245	245	245	245	245	245	245	245	245	245	245	245	245	245	245	245	245	245	245	245	245	245	245	245	245	245	245	245	245	245	245	245	245	245	245	245	244	244	244	244	245	245	245	245	244	244	244	244	244	244	244	244	245	245	245	245	245	245	245	245	245	245	245	245	245	245	245	245	245	245	245	245	245	245	245	245	244	244	245	245	243	243	244	244	245	245	245	245	244	244	245	245	245	245	244	244	245	245	245	245	244	244	244	243	243	243	243	243	244	244	244	243	244	243	244	244	244	242	242	242	243	243	243	244	244	244	243	243	244	244	244	244	243	243	243	243	243	243	243	243	243	243	243	242	242	243	243	243	243	243	243	242	243	243	243	243	243	243	243	243	243	243	243	243	241	241	241	241	243	243	243	243	243	243	243	243	244	243	243	243	243	243	242	243	243	243	243	243	243	241	241	243	243	243	243	243	243	243	241	241	241	241	241	241	243	241	241	241	242	241	242	242	241	241	243	243	241	241	241	241	241	243	243	241	241	241	241	243	241	243	241	241	242	241	242	242	241	241	240	242	242	241	242	242	243	241	242	242	243	243	243	242	242	242	242	242	242	242	242	242	243	242	242	242	242	242	242	242	243	243	243	243	243	241	241	242	242	243	241	241	241	242	241	242	242	242	242	242	242	242	242	242	242	242	242	242	242	242	242	242	241	241	242	242	242	242	242	242	242	242	242	242	242	242	242	242	242	242	242	242	242	242	242	242	242	242	242	241	242	242	242	241	241	241	241	241	241	241	241	241	241	241	241	241	241	241	241	241	241	241	241	241	241	241	241	240	239	239	239	239	239	239	239	239	240	240	240	240	240	241	240	240	240	240	240	240	240	239	239	240	240	239	240	240	240	240	240	240	240	240	240	240	240	240	240	240	240	239	239	239	239	240	240	241	241	240	241	241	241	241	241	240	241	241	240	240	239	239	239	239	239	239	239	239	239	239	239	239	239	238	238	238	239	239	239	239	238	239	239	238	240	240	240	240	240	239	240	240	240	240	240	240	240	239	240	240	238	238	238	238	239	239	239	238	238	238	238	238	238	238	238	238	238	238	238	238	238	238	238	238	238	238
241	241	243	243	241	241	241	241	241	241	241	242	242	242	242	242	242	242	242	242	242	242	242	242	242	242	242	242	243	243	243	243	243	243	243	243	243	243	243	243	243	243	243	243	243	243	243	243	243	244	244	244	243	243	243	243	243	244	244	244	244	244	244	244	244	244	245	245	244	244	244	244	243	243	243	243	244	244	244	244	244	244	244	244	244	244	244	244	242	242	243	243	242	242	242	242	243	243	242	242	243	243	242	242	244	244	244	244	244	244	244	244	244	244	244	244	244	244	244	244	244	244	244	244	244	244	244	244	244	244	244	244	244	244	244	244	245	245	245	245	245	245	245	245	245	245	245	246	226	213	210	243	239	235	180	164	230	246	245	245	245	245	245	245	245	245	245	245	242	242	244	244	245	245	245	245	245	245	245	245	245	245	245	245	245	245	245	245	245	245	245	245	245	245	245	245	245	245	245	245	245	245	245	245	245	245	245	245	245	245	245	245	245	245	245	245	245	245	245	245	245	245	245	245	245	245	245	245	245	245	245	245	245	245	245	245	245	245	245	245	245	245	245	245	245	245	245	245	245	245	245	245	245	245	245	245	245	245	245	245	245	245	245	245	245	245	245	245	245	245	245	245	245	245	245	245	245	245	245	245	245	245	245	245	245	245	245	245	245	245	245	245	245	245	245	245	245	245	245	245	245	245	245	245	244	244	244	244	245	245	245	245	244	244	244	244	244	244	244	244	245	245	245	245	245	245	245	245	244	244	244	244	245	245	245	245	245	245	245	245	245	245	245	245	245	245	244	244	244	244	244	244	244	244	244	244	244	244	244	245	245	245	244	244	245	245	245	245	244	244	244	244	244	244	243	243	244	243	243	242	243	243	243	243	243	243	243	243	244	244	244	244	244	244	244	243	244	244	244	244	243	243	243	243	243	243	243	243	243	242	243	242	243	243	243	243	243	243	243	243	243	243	243	243	243	243	243	243	243	243	243	243	243	243	242	242	243	243	243	243	243	243	243	243	242	242	242	243	243	243	243	242	243	243	243	243	243	243	243	243	243	243	243	243	241	241	243	243	243	243	241	241	241	241	241	243	241	241	242	243	242	243	241	241	241	241	241	243	241	243	243	241	241	243	243	241	241	243	243	241	242	242	243	242	241	242	242	242	241	241	241	241	241	241	242	242	242	242	242	242	242	242	242	242	242	242	242	242	242	242	242	242	242	242	242	243	243	242	242	242	241	241	242	242	242	242	242	242	241	241	241	242	242	242	242	242	242	242	243	242	243	243	242	242	242	242	242	242	242	241	241	242	242	242	242	241	241	242	242	242	241	242	242	242	242	242	242	242	242	242	241	242	242	242	242	242	242	242	241	241	241	241	242	242	241	241	241	241	241	241	241	241	241	241	241	241	241	241	241	241	241	241	241	241	239	239	239	239	239	239	239	238	240	240	240	240	240	240	240	240	241	240	240	240	240	240	240	240	240	240	240	240	240	240	240	240	240	239	239	240	240	239	239	240	239	239	240	240	241	240	240	241	241	240	241	241	241	241	241	241	241	239	240	240	239	239	239	239	239	239	239	239	239	239	239	239	239	239	238	238	239	239	239	239	238	239	239	238	240	240	240	240	240	240	240	240	239	239	240	240	240	239	239	240	239	239	239	239	239	239	239	238	238	238	238	238	238	238	238	238	238	238	238	238	238	238	238	238	238	238
241	241	241	241	241	241	242	242	241	241	242	242	242	241	241	242	242	242	242	242	241	241	242	242	242	242	242	243	243	243	243	243	243	243	243	243	243	243	243	243	243	243	243	243	243	243	243	243	244	244	243	244	245	243	243	245	244	244	244	244	244	244	244	244	244	245	245	244	244	244	244	244	243	243	243	243	244	244	244	244	244	244	244	244	244	244	244	244	243	242	243	243	241	241	241	241	243	243	243	243	243	243	243	243	244	244	244	244	244	244	244	244	244	244	244	244	244	244	244	244	244	244	244	244	244	244	244	244	244	244	244	244	243	243	244	244	245	245	245	245	245	245	245	245	245	245	245	246	233	228	221	235	239	243	200	215	240	246	246	245	245	245	245	245	245	245	245	245	242	242	244	244	245	245	245	245	245	245	245	245	245	245	245	245	245	245	245	245	245	245	245	245	245	245	245	245	245	245	245	245	245	245	245	245	245	245	245	245	245	245	245	245	245	245	245	245	245	245	245	245	245	245	245	245	245	245	245	245	245	245	245	245	245	245	245	245	245	245	245	245	246	245	245	245	245	245	245	245	245	245	245	245	245	245	245	245	245	245	245	245	245	245	245	245	245	245	245	245	245	245	245	245	245	245	245	245	245	245	245	245	245	245	245	245	245	245	245	245	245	245	245	245	245	245	245	245	245	245	245	245	244	244	244	244	244	244	244	242	245	245	245	245	243	243	244	244	244	244	244	244	245	245	245	245	245	245	245	245	244	244	244	244	245	245	245	245	245	245	245	245	245	245	245	245	244	244	244	244	244	244	244	244	244	244	244	244	245	245	244	244	244	244	245	245	245	245	245	245	244	244	244	244	244	244	244	243	244	244	244	244	243	243	243	242	244	244	244	244	243	243	243	243	243	243	243	243	243	243	243	243	243	243	243	243	243	243	243	243	243	243	243	243	243	243	243	243	243	243	243	243	243	243	243	243	243	243	243	243	241	241	241	241	243	243	243	243	243	243	243	243	243	243	243	243	242	243	243	243	243	242	242	242	243	242	242	243	241	242	242	241	243	243	243	243	243	243	243	243	243	243	241	241	243	241	241	241	241	241	243	243	241	243	242	242	241	243	241	243	241	241	241	241	241	243	243	241	241	241	243	243	241	242	243	241	242	243	242	241	242	241	241	241	241	241	242	242	242	243	242	242	242	242	243	243	242	243	242	242	243	243	242	242	242	242	242	243	242	242	243	242	242	241	242	242	242	242	242	242	241	241	241	242	242	242	242	242	242	242	242	242	242	242	242	243	243	242	242	242	242	242	242	243	242	242	242	242	241	242	242	242	242	242	242	242	242	242	242	242	242	242	241	241	242	242	242	242	242	242	242	242	241	241	242	242	241	241	241	241	241	241	241	241	241	242	241	241	241	241	241	241	241	241	241	241	239	239	239	239	239	239	239	239	240	240	240	240	240	240	239	240	241	240	240	241	240	239	240	240	240	239	240	240	240	240	240	239	240	239	239	240	240	239	239	240	240	240	240	240	240	241	241	240	241	240	241	241	241	241	241	241	241	241	240	240	239	239	239	239	239	239	239	239	239	239	239	239	238	238	238	239	239	239	238	239	238	239	239	238	240	239	239	240	240	239	240	239	239	239	240	240	240	240	240	240	239	239	239	239	238	238	239	239	238	238	238	238	238	238	238	238	238	238	238	238	238	238	238	238	238	238
241	241	241	241	241	241	241	242	242	242	242	242	242	242	242	242	242	242	242	242	242	242	242	242	242	243	243	243	243	243	243	243	243	243	243	243	243	243	243	243	245	245	245	245	245	245	245	245	244	244	245	245	245	245	245	245	244	244	245	245	244	244	244	244	244	244	244	244	245	244	244	244	244	244	244	244	244	244	244	244	244	244	244	244	244	243	244	244	243	243	243	243	242	242	242	242	241	242	242	242	243	243	243	243	244	244	244	244	244	244	244	244	245	245	245	245	244	244	244	244	244	244	244	244	244	244	244	244	244	244	244	244	244	244	245	244	245	245	245	245	245	245	245	245	245	245	245	246	227	221	215	224	230	241	224	229	231	245	245	245	245	245	245	245	245	243	243	245	244	242	244	244	243	245	245	245	245	245	245	245	245	245	245	245	245	245	245	245	245	245	245	245	245	245	245	245	245	245	245	245	245	245	245	245	245	245	245	245	245	245	245	245	245	245	245	245	245	245	245	245	245	245	245	245	245	245	245	245	245	245	245	245	245	245	245	245	245	245	245	245	245	245	245	245	245	245	245	245	245	245	245	245	245	245	245	245	245	245	245	245	245	245	245	245	245	245	245	245	245	245	245	245	245	245	245	245	245	245	245	245	245	245	245	245	245	245	245	245	245	245	245	245	245	245	245	245	245	245	245	245	244	244	244	244	244	244	244	244	244	244	244	244	243	243	244	244	245	245	245	245	245	245	245	245	245	245	245	245	245	245	245	245	245	245	245	245	245	245	245	245	245	245	245	245	244	244	245	245	244	244	244	244	244	244	244	244	244	244	244	244	244	244	244	244	245	245	245	245	245	245	245	245	244	244	244	244	245	245	244	244	244	244	244	244	244	244	244	244	243	243	243	243	244	244	244	244	244	243	243	244	244	244	244	244	244	244	244	244	244	244	244	244	244	244	244	243	244	244	243	243	244	244	244	244	244	243	243	243	243	243	243	243	244	244	244	244	243	244	244	243	244	243	243	244	244	244	244	244	244	243	243	244	243	243	243	243	242	242	242	242	243	243	243	243	243	242	241	241	241	241	241	241	242	242	241	241	241	241	241	241	241	241	242	242	241	243	241	241	241	241	242	242	243	243	241	241	241	243	243	242	242	241	241	241	241	241	241	241	242	242	242	242	242	242	242	242	243	243	243	243	243	242	242	243	243	242	243	242	242	242	242	242	242	242	242	242	242	242	242	242	241	241	241	241	242	241	242	242	242	242	242	242	242	242	242	242	242	242	242	242	243	242	242	242	243	242	242	242	242	242	242	242	242	242	242	242	242	242	242	242	242	242	242	241	241	242	242	242	242	242	242	242	241	241	242	241	242	242	242	242	241	241	241	241	241	241	241	241	241	241	241	242	242	241	241	241	241	241	241	241	241	241	241	241	240	240	240	240	240	240	240	241	240	240	240	240	240	241	241	241	240	240	241	241	241	240	240	240	240	240	240	240	240	241	240	240	241	241	241	241	241	241	241	241	241	240	240	240	242	242	242	242	242	242	242	242	241	241	240	241	241	241	241	241	239	239	239	239	239	239	239	239	240	240	240	239	239	239	239	239	239	239	239	239	239	239	239	239	240	240	240	240	240	240	240	240	240	240	240	240	240	240	240	240	239	239	239	239	238	238	239	239	238	238	238	238	238	238	238	238	238	238	238	238	238	238	238	238	238	238
241	241	241	241	241	241	241	242	242	242	242	242	242	242	242	242	244	244	244	244	243	242	242	243	243	243	243	243	243	243	243	243	243	243	243	243	243	243	243	243	245	245	245	245	245	245	245	245	245	245	245	245	244	244	244	244	245	245	245	245	244	244	244	244	244	244	244	244	245	245	244	244	244	244	244	244	244	244	244	244	244	244	244	244	243	243	243	243	243	243	243	243	243	243	243	242	241	242	242	243	243	243	243	243	244	244	244	244	244	244	244	244	244	244	244	244	244	244	244	244	244	244	244	244	244	244	244	244	245	245	244	244	244	244	244	244	245	245	245	245	245	245	245	245	245	245	245	247	229	227	213	231	229	226	217	227	229	245	243	244	245	246	245	245	245	243	243	245	245	245	244	244	243	243	246	246	245	245	245	245	245	245	245	245	245	245	245	245	245	245	245	245	245	245	245	245	245	245	245	245	245	245	245	245	245	245	245	245	245	245	245	245	245	245	245	245	245	245	245	245	245	245	245	245	245	245	245	245	245	245	245	245	245	245	245	245	245	245	245	245	245	245	245	245	245	245	245	245	245	245	245	245	245	245	245	245	245	245	245	245	245	245	245	245	245	245	245	245	245	245	245	245	245	245	245	245	245	245	245	245	245	245	245	245	245	245	245	245	245	245	245	245	245	245	245	245	245	245	245	245	244	244	244	244	244	244	244	244	244	244	244	244	245	245	245	245	244	244	244	244	245	245	245	245	245	245	245	245	245	245	245	245	245	245	245	245	245	245	245	245	245	245	245	245	245	245	245	245	244	244	244	244	244	244	244	244	243	242	242	242	244	244	244	244	244	244	244	244	245	245	245	245	245	245	245	245	245	245	245	245	245	245	245	245	244	244	244	244	244	244	244	244	244	244	244	244	244	244	244	244	244	244	244	244	244	244	244	244	244	244	244	244	244	244	243	243	244	244	244	244	244	244	244	244	244	243	243	244	243	244	244	244	244	244	244	244	244	244	244	244	244	244	244	244	244	244	244	244	244	244	244	244	243	243	243	243	243	243	243	243	242	241	243	243	243	243	243	243	241	241	241	241	242	241	243	241	243	243	241	241	241	241	241	241	243	241	243	243	241	241	241	241	243	243	241	241	243	243	241	242	243	243	243	243	242	241	241	242	243	243	243	243	243	243	243	243	243	242	242	243	242	242	242	242	243	242	243	242	241	242	242	243	241	243	243	241	241	241	241	241	241	242	242	241	242	242	242	242	243	243	243	242	242	243	243	243	242	242	242	242	242	243	242	242	243	243	242	242	242	242	242	242	242	243	243	242	242	242	242	242	243	242	242	241	241	242	242	242	242	242	242	242	242	242	242	242	242	242	242	242	241	242	242	242	242	241	241	241	241	242	241	241	241	242	242	241	241	241	241	241	241	241	241	241	240	240	241	240	240	241	241	241	241	241	240	240	242	242	242	242	241	241	241	241	241	241	241	241	240	240	241	241	240	240	240	241	241	240	240	241	243	243	243	243	241	241	241	241	243	243	243	243	243	243	243	243	241	241	240	240	241	241	241	241	241	241	241	241	240	240	240	241	240	240	240	240	240	240	240	240	241	240	240	240	240	240	240	240	240	240	240	240	240	240	241	241	240	240	240	239	240	240	240	240	239	239	239	239	239	239	239	238	238	238	238	238	238	238	238	238	238	238	238	238	238	238	238	238	238	238
241	241	241	242	241	241	242	242	242	242	242	242	242	242	242	242	244	244	244	244	242	242	243	243	243	243	243	243	243	243	243	243	243	243	244	243	243	243	243	243	245	245	245	245	245	245	245	245	244	244	244	244	244	244	244	244	245	245	245	245	244	244	244	244	244	244	244	244	245	245	244	244	244	244	244	244	244	244	244	244	244	244	244	244	243	243	243	243	243	242	242	243	242	242	241	241	243	243	242	243	243	243	243	243	244	244	244	244	244	244	244	244	244	244	244	244	244	244	244	244	244	244	244	244	243	243	243	244	245	245	243	244	244	244	244	244	245	245	245	245	245	245	245	245	245	245	245	247	222	216	216	237	232	226	197	216	222	247	243	244	245	246	245	245	245	243	244	245	245	245	245	245	245	245	246	246	245	245	245	245	245	245	245	245	245	245	245	245	245	245	245	245	245	245	245	245	245	245	245	245	245	245	245	245	245	245	245	245	245	245	245	245	245	245	245	245	245	245	245	245	245	245	245	245	245	245	245	245	245	245	245	245	245	245	245	245	245	245	245	245	245	245	245	245	245	245	245	245	245	245	245	245	245	245	245	245	245	245	245	245	245	245	245	245	245	245	245	245	245	245	245	245	245	245	245	245	245	245	245	245	245	245	245	245	245	245	245	245	245	245	245	245	245	245	245	245	245	245	245	245	244	244	244	244	244	244	244	245	244	244	244	244	245	245	245	245	244	244	244	244	245	245	245	245	245	245	245	245	245	245	245	245	245	245	245	245	245	245	245	245	245	245	245	245	245	245	245	245	244	244	244	244	244	244	244	244	244	244	244	244	245	245	245	245	244	244	244	244	244	244	244	244	245	245	245	245	245	245	245	245	245	245	245	245	244	244	244	244	244	244	244	244	244	244	244	244	244	244	244	244	244	244	244	244	244	244	244	244	244	244	244	244	244	243	243	243	244	244	244	244	244	244	244	244	244	243	243	243	243	243	243	243	244	244	244	244	244	244	244	244	244	244	244	244	244	244	244	244	244	244	244	244	243	243	243	243	242	243	243	243	241	243	243	241	243	243	243	243	243	243	243	241	241	243	241	243	243	241	243	243	243	243	243	242	243	243	243	243	243	243	243	242	243	243	241	241	243	243	241	241	243	243	243	243	242	241	241	242	243	243	242	242	242	243	243	242	242	242	243	243	243	242	243	242	242	242	243	243	241	242	242	241	241	243	243	243	241	241	241	241	241	242	242	241	242	242	242	243	242	242	242	242	242	242	242	242	243	242	242	243	242	242	243	243	242	243	243	242	242	243	243	243	242	243	243	242	242	242	242	242	242	242	242	242	242	242	242	242	242	242	242	242	242	242	242	242	242	242	242	242	241	241	241	241	241	241	241	241	241	241	241	241	241	242	241	241	241	241	242	241	241	241	241	241	240	240	240	240	240	241	241	241	241	241	241	240	241	241	241	241	241	241	241	241	241	241	241	241	241	241	241	241	241	240	240	241	241	240	240	241	243	243	243	243	242	242	242	242	243	243	243	243	243	243	243	243	241	241	241	241	241	241	241	241	240	240	240	240	240	240	240	239	240	240	240	240	240	240	240	240	241	241	241	240	240	240	240	240	240	241	241	240	240	240	241	241	239	239	240	239	240	240	240	240	239	239	239	239	239	239	239	238	238	238	238	238	238	238	238	238	238	238	238	238	238	238	238	238	238	238
241	241	242	242	241	242	242	242	242	242	242	242	242	242	242	242	244	244	244	244	242	243	243	243	243	243	243	243	243	243	243	243	243	244	243	243	243	243	243	243	245	244	244	245	245	245	245	245	244	244	244	244	244	244	244	244	245	245	245	245	244	244	244	244	244	244	244	244	245	245	244	244	244	244	244	244	244	244	244	244	244	244	244	244	243	243	243	243	243	243	242	242	242	242	241	241	242	243	242	242	243	243	243	243	244	244	244	242	244	244	244	244	244	244	244	244	244	244	244	244	245	245	245	245	244	243	243	243	245	244	244	243	244	244	245	244	245	245	245	245	245	245	245	245	245	245	245	246	220	213	218	242	236	221	177	201	221	245	244	244	245	245	245	245	245	245	245	245	245	245	245	245	245	246	246	245	245	245	245	245	245	245	245	245	245	245	245	245	245	245	245	245	245	245	245	245	245	245	245	245	245	245	245	245	245	245	245	245	246	246	246	246	246	246	246	246	246	246	246	246	246	246	246	246	246	246	246	246	246	246	246	246	245	245	245	245	245	245	245	245	245	245	245	245	245	245	245	245	245	245	245	245	245	245	245	245	245	245	245	245	245	245	245	245	245	245	245	245	245	245	245	245	245	245	245	245	245	245	245	245	245	245	245	245	245	245	245	245	245	245	245	245	245	245	245	245	245	245	245	245	244	244	244	244	244	244	245	245	244	244	244	244	245	245	245	245	244	244	244	244	245	245	245	245	245	245	245	245	245	245	245	245	245	245	245	245	245	245	245	245	245	245	245	245	245	245	245	245	244	244	244	244	244	244	244	244	244	244	244	244	244	244	244	245	244	244	244	244	244	244	244	244	245	245	245	245	245	245	245	245	245	245	245	245	244	244	244	244	244	244	244	244	244	244	244	244	244	244	244	244	244	244	244	244	244	244	244	244	244	244	244	244	244	244	244	244	244	244	244	244	244	244	244	244	244	243	243	244	244	244	243	243	244	244	244	244	244	244	244	244	244	244	244	244	244	244	244	244	244	244	244	244	243	243	243	243	242	243	243	243	243	243	241	241	243	243	243	243	243	243	243	242	243	241	243	243	243	243	243	243	243	243	243	243	243	243	243	243	243	243	241	241	241	241	243	243	241	241	243	243	241	241	241	241	242	243	243	242	243	243	243	243	243	243	243	242	242	242	242	242	243	243	243	243	243	242	243	242	241	241	241	243	243	241	241	243	241	241	241	241	241	241	241	241	242	242	242	242	242	242	243	242	242	242	242	242	241	241	242	242	242	242	242	242	242	243	243	242	242	242	242	243	243	242	242	242	242	242	242	242	242	242	242	242	242	242	242	242	242	243	242	242	242	242	240	242	242	242	242	242	241	241	241	241	241	241	241	241	241	241	241	241	241	241	241	241	241	241	242	242	241	241	241	241	240	240	241	240	240	240	241	241	241	241	241	241	241	241	241	241	241	241	241	241	241	241	241	241	241	241	241	241	241	240	240	241	241	241	241	241	243	243	243	243	240	240	240	240	243	243	243	243	243	243	243	243	241	240	241	241	241	241	241	241	240	240	240	240	240	240	240	241	239	239	240	240	240	240	240	240	240	240	241	241	240	240	240	240	240	240	240	240	241	241	240	240	240	240	240	240	240	240	240	240	239	239	239	239	239	239	239	238	238	238	238	238	238	238	238	238	238	238	238	238	238	238	238	238	238	238
241	241	241	241	242	242	242	242	242	242	242	242	242	242	242	242	242	242	243	243	243	243	243	243	243	243	243	243	243	243	243	243	244	243	243	244	245	245	245	245	245	245	245	245	245	245	245	245	245	245	245	245	245	245	245	245	245	245	245	245	244	244	244	244	244	244	244	244	245	245	244	244	244	244	244	244	244	244	244	244	244	244	244	244	243	242	243	243	243	243	243	242	243	242	242	242	242	242	243	244	244	244	244	244	244	244	244	244	244	244	243	243	244	244	244	244	244	244	244	245	244	245	245	244	245	245	245	245	244	244	244	244	244	245	244	245	245	245	245	244	244	245	245	245	245	245	245	247	227	217	210	243	235	232	209	212	230	244	245	244	245	245	245	245	245	245	245	245	245	245	245	245	245	245	245	245	245	245	245	245	245	245	245	245	245	245	245	245	245	245	245	245	245	245	245	245	246	246	246	246	246	246	246	246	246	246	246	246	246	246	246	246	246	246	246	246	246	246	246	246	246	246	246	246	246	246	246	246	246	246	246	246	245	246	246	246	245	245	245	245	245	245	245	245	245	245	245	245	245	245	245	245	245	245	245	245	245	245	245	245	245	245	245	245	245	245	245	245	245	245	245	245	245	245	245	245	245	245	245	245	245	245	245	245	245	245	245	245	245	245	245	245	245	245	245	245	244	244	244	244	244	244	244	244	244	244	244	244	244	244	244	244	244	244	244	244	244	244	244	244	245	245	245	245	245	245	245	245	245	245	245	245	244	244	244	244	244	244	244	244	245	245	245	245	245	245	245	245	244	244	244	244	244	244	244	244	244	244	244	244	244	244	244	244	244	244	244	244	244	244	244	244	244	244	245	245	245	245	245	245	244	244	244	244	244	244	244	244	244	244	244	244	245	245	245	245	245	245	245	245	245	245	245	245	245	245	245	245	245	245	245	245	244	244	244	244	244	244	245	245	244	244	244	244	244	244	244	244	245	245	244	245	245	245	245	245	244	243	244	244	244	243	244	244	243	243	243	243	243	244	244	244	244	244	244	244	244	244	244	244	243	243	243	243	244	244	244	244	243	243	243	243	242	242	242	242	243	243	243	243	243	243	243	243	243	243	243	243	243	241	243	243	241	241	243	243	243	243	243	243	243	243	243	243	243	243	243	243	243	243	243	243	243	243	243	242	243	243	243	242	242	242	242	242	242	243	243	242	243	243	241	241	241	241	241	241	242	242	243	243	243	242	242	242	242	242	242	243	242	242	242	243	243	243	243	242	243	243	242	242	242	242	242	242	242	242	242	242	242	242	242	242	242	242	241	242	243	242	243	243	242	242	242	242	242	242	242	242	242	242	242	242	242	241	243	242	242	242	241	242	241	241	241	241	241	241	241	242	241	241	241	241	241	242	242	241	241	241	242	241	241	241	241	241	241	240	240	241	241	241	241	241	241	241	241	241	241	241	241	241	241	241	241	241	241	241	241	241	242	242	242	242	241	242	242	241	242	243	243	242	243	243	243	243	241	239	239	239	242	241	241	242	243	243	243	243	242	242	242	242	243	243	243	243	241	241	241	241	241	241	241	241	241	241	241	241	241	241	241	241	241	241	241	241	241	241	241	241	241	241	241	241	241	241	240	240	241	241	240	240	240	239	240	240	239	238	238	239	239	239	239	239	238	238	238	238	238	238	238	238	238	238	238	238	238	239	239	238	238	239
241	242	242	242	242	242	242	242	242	242	242	242	242	242	242	242	242	242	243	243	243	243	243	243	243	243	243	243	243	243	244	243	243	243	243	243	245	245	245	245	244	244	244	244	245	244	244	244	244	244	244	244	245	245	245	245	245	245	245	245	244	244	244	244	244	244	244	244	245	245	245	245	244	244	244	244	244	244	244	244	244	244	244	244	243	243	242	242	243	243	243	243	243	242	242	243	244	244	244	244	244	244	244	244	244	244	244	244	243	243	243	243	244	244	244	244	244	244	243	243	243	244	244	244	245	245	245	245	244	244	244	244	244	245	244	244	244	244	244	244	243	244	244	244	244	244	244	245	228	229	214	232	239	244	208	205	234	246	245	244	245	245	245	245	245	245	245	245	245	245	245	245	245	245	245	245	245	245	245	245	245	245	245	245	245	245	245	245	246	246	246	246	246	246	246	246	246	246	246	246	246	246	246	246	246	246	246	246	246	246	246	246	246	246	246	246	246	246	246	246	246	246	246	246	246	246	246	246	246	246	246	246	246	246	246	246	246	246	246	246	245	245	245	245	245	245	245	245	245	245	245	245	245	245	245	245	245	245	245	245	245	245	246	245	245	245	245	245	245	245	245	245	245	245	245	245	245	245	245	245	245	245	245	245	245	245	245	245	245	245	245	245	245	245	245	245	244	245	245	244	244	244	244	244	244	245	245	244	245	245	245	245	245	245	245	245	245	245	245	245	245	245	245	245	245	245	245	245	245	245	245	245	245	245	245	245	245	245	245	245	245	245	245	245	245	245	245	245	244	244	244	244	244	244	244	244	244	244	244	244	244	244	244	244	244	244	244	244	244	244	244	244	244	244	244	244	244	244	244	244	244	244	244	244	245	245	245	245	245	245	245	245	245	245	245	245	245	245	245	245	245	245	245	245	245	245	245	245	245	245	245	245	245	245	245	245	245	245	245	245	245	245	245	245	245	245	245	245	245	245	245	245	245	245	245	245	244	244	244	244	244	244	244	244	243	243	243	243	244	244	244	243	243	244	244	244	244	244	244	244	244	244	244	244	245	245	245	245	244	244	244	244	243	243	243	243	243	243	243	243	243	243	243	243	243	243	243	241	243	241	243	243	241	243	243	241	243	243	243	243	243	243	243	243	243	243	243	243	242	242	243	243	243	243	243	243	241	243	243	243	242	241	241	242	241	242	242	241	241	241	241	241	241	241	241	241	242	242	243	242	242	242	242	242	242	243	243	242	242	242	243	243	243	243	243	242	243	242	242	242	243	242	242	242	242	242	242	242	242	242	242	242	242	242	241	241	242	243	242	242	241	242	242	242	242	242	242	242	242	241	241	242	241	241	241	241	242	242	242	242	241	241	241	241	241	241	241	241	241	241	241	241	242	242	242	242	242	241	241	241	241	242	242	242	241	240	240	241	242	242	241	241	241	241	241	241	241	241	241	241	241	241	241	241	241	241	241	241	243	243	243	243	243	243	243	243	243	243	243	243	243	243	243	243	241	241	241	241	239	240	241	241	241	241	241	241	243	243	243	243	243	243	243	243	241	240	240	241	241	241	241	241	242	242	242	242	241	241	241	241	241	241	241	241	240	241	241	240	240	241	241	241	241	241	241	241	241	241	240	241	240	239	240	240	239	238	238	239	239	239	239	239	239	239	239	239	239	239	239	239	239	239	239	239	239	239	239	239	238	239
242	242	242	242	242	242	242	242	242	241	242	242	242	242	242	242	243	244	243	243	243	243	243	243	243	243	243	243	243	243	244	243	243	243	243	243	245	245	245	245	244	244	244	244	244	244	244	244	244	244	244	244	245	245	245	245	245	245	245	245	244	244	244	244	244	244	244	244	245	245	245	245	244	244	244	244	244	244	244	244	244	244	244	244	243	243	242	243	243	243	243	243	243	243	243	243	244	244	244	244	244	244	244	244	244	242	244	244	243	243	243	243	244	244	244	244	244	244	243	243	243	244	244	244	245	245	245	245	245	244	244	243	244	244	244	244	244	244	244	244	243	244	244	244	244	244	244	245	229	219	209	234	238	237	190	191	228	247	245	245	245	245	245	245	245	245	245	245	245	245	245	245	245	245	245	245	245	245	245	245	246	246	246	246	246	246	246	246	246	246	246	246	246	246	246	246	246	246	246	246	246	246	246	246	246	246	246	246	246	246	246	246	246	246	246	246	246	246	246	246	246	246	246	246	246	246	246	246	246	246	246	246	246	246	246	246	246	246	246	246	246	246	246	246	245	245	245	245	245	245	245	245	245	245	245	245	245	245	245	245	245	245	246	246	245	245	245	245	245	245	245	245	245	245	245	245	245	245	245	245	245	245	245	245	245	245	245	245	245	245	245	245	245	245	245	245	245	245	245	245	244	244	244	245	245	245	245	245	245	245	245	245	245	245	245	245	245	245	245	245	245	245	245	245	245	245	245	245	245	245	245	245	245	245	245	245	245	245	245	245	245	245	245	245	245	245	245	245	244	244	244	244	244	244	244	244	244	244	244	244	244	244	244	244	244	244	244	244	244	244	244	244	245	244	244	244	245	245	245	245	245	245	245	245	245	245	245	245	245	245	245	245	245	245	245	245	244	244	244	244	244	244	244	244	244	244	244	244	244	244	244	244	244	244	244	244	245	245	245	245	245	245	245	245	245	245	245	245	245	245	245	245	245	245	245	245	244	244	244	244	244	244	244	244	244	244	244	244	244	244	244	244	244	244	244	244	244	244	244	244	244	244	244	244	244	244	244	244	244	244	244	244	244	244	244	244	243	243	243	243	243	243	243	243	243	243	243	243	241	243	243	243	243	243	243	241	243	243	243	243	243	243	243	243	243	243	243	243	243	243	243	243	243	243	243	243	243	243	243	243	242	243	243	242	241	241	241	241	241	241	241	241	243	243	243	242	243	242	242	242	242	243	243	243	242	242	242	242	242	242	242	243	242	242	243	242	242	242	242	242	243	243	243	242	242	242	242	242	242	243	242	242	242	242	242	243	243	242	242	242	241	242	242	242	242	242	243	242	242	242	242	242	241	243	243	241	241	240	240	242	242	242	241	242	242	242	241	241	241	241	242	242	242	243	242	240	241	242	242	241	241	241	241	241	241	241	241	241	241	241	241	242	241	241	241	241	241	241	241	241	241	241	241	241	241	241	241	241	243	243	243	243	243	243	243	243	243	243	243	243	243	243	243	243	242	241	241	241	241	241	241	241	241	241	241	241	243	243	243	243	243	243	243	243	241	240	240	241	241	241	241	241	241	241	241	241	241	241	241	241	241	241	241	241	240	241	241	240	240	240	240	241	241	241	241	241	241	241	239	241	239	240	240	240	239	238	238	239	239	239	239	239	239	239	239	239	239	239	239	238	239	239	239	239	239	239	239	239	238	239
242	242	242	242	242	242	242	242	242	241	242	242	242	242	243	243	243	245	243	243	243	243	243	243	243	243	243	243	243	243	244	243	243	243	243	243	245	245	245	245	244	244	244	244	244	244	244	244	244	246	246	245	245	245	245	245	245	245	245	245	244	244	244	244	244	244	244	244	245	245	245	245	244	244	244	244	244	244	244	244	244	244	244	244	243	242	242	243	243	242	243	243	243	243	243	243	244	244	244	244	244	244	244	244	244	244	244	244	243	243	243	243	244	244	244	244	244	244	243	243	244	244	244	244	245	245	245	245	244	244	244	245	245	244	244	244	244	244	244	244	243	244	244	244	244	244	244	247	216	190	206	232	239	240	202	210	228	246	245	245	245	245	245	245	245	245	245	245	245	245	245	245	245	245	245	245	246	246	246	246	246	246	246	246	246	246	246	246	246	246	246	246	246	246	246	246	246	246	246	246	246	246	246	246	246	246	246	246	246	246	246	246	246	246	246	246	246	246	246	246	247	247	247	247	247	247	247	247	246	246	246	246	246	246	246	246	246	246	246	246	246	246	246	246	246	246	246	246	246	245	245	245	245	245	245	245	245	245	245	245	245	245	245	245	245	245	245	245	245	245	245	245	245	245	245	245	245	245	245	245	245	245	245	245	245	245	245	245	245	245	245	245	245	245	245	245	245	245	245	245	244	244	244	245	245	245	245	245	245	245	245	245	245	245	245	245	245	245	245	245	245	245	245	245	245	245	245	245	245	245	245	245	245	245	245	245	245	245	245	245	245	245	245	245	245	245	245	245	244	245	244	244	244	244	244	244	244	244	244	244	244	244	244	244	244	245	244	244	244	244	244	244	245	244	244	244	245	245	245	245	245	245	245	245	245	245	245	245	245	245	245	245	245	245	245	245	245	245	245	245	245	245	245	245	245	245	245	245	245	245	245	245	245	245	245	245	245	245	245	245	245	245	245	245	245	245	245	245	245	245	245	245	245	245	245	245	244	244	244	244	244	244	244	244	244	244	244	244	244	243	243	244	244	244	244	244	244	244	244	244	243	244	244	244	244	244	244	244	244	244	244	244	244	243	243	243	242	242	243	243	243	243	243	243	243	243	243	243	243	243	243	243	243	243	243	241	243	243	243	243	243	243	243	243	243	243	243	243	243	243	243	243	243	243	243	243	243	243	241	243	241	243	243	241	241	243	243	241	243	243	243	243	243	243	243	243	243	243	243	243	243	243	243	243	242	243	243	241	242	243	242	242	242	243	243	243	242	242	243	243	243	243	242	242	243	243	243	242	242	243	243	243	242	242	243	243	242	242	242	242	243	242	242	242	242	242	242	242	242	242	242	242	242	242	241	241	241	240	240	241	242	242	241	242	242	242	242	241	241	241	242	242	242	242	242	242	242	242	242	242	241	241	241	241	241	241	241	241	241	241	242	242	241	241	242	241	241	241	241	241	241	241	241	240	241	241	241	241	243	243	243	243	243	243	243	243	243	243	243	243	243	243	243	243	241	241	241	241	241	241	241	240	241	241	241	241	243	243	243	243	243	243	243	243	241	240	240	241	241	241	241	241	241	241	241	241	241	241	241	241	241	241	241	241	240	240	240	240	241	240	240	241	241	240	240	241	241	241	241	241	240	240	239	240	239	238	238	239	239	239	239	239	239	239	239	239	239	239	239	239	239	239	239	239	239	239	239	239	239	239
242	242	242	241	242	242	242	242	242	242	242	242	242	243	243	243	243	243	243	243	243	243	243	243	243	244	244	244	244	243	243	244	245	245	245	245	244	244	245	245	244	244	244	244	244	244	244	244	244	244	244	244	245	245	245	245	245	245	245	245	244	244	244	244	245	245	245	245	245	245	245	245	245	245	245	245	245	245	245	245	244	244	244	244	243	244	244	244	244	244	244	244	243	243	244	244	244	244	244	244	244	245	244	244	244	244	244	244	244	244	244	244	244	244	244	244	244	244	244	244	244	244	244	244	244	245	245	245	245	244	244	244	244	244	244	244	244	244	244	244	244	244	244	244	244	244	244	245	230	214	210	239	242	233	199	223	232	246	245	244	245	245	245	245	245	245	245	245	246	246	246	246	246	246	246	246	246	246	246	246	246	246	246	246	246	246	246	246	246	246	246	246	246	246	246	246	246	246	246	246	246	246	246	246	247	247	247	247	247	247	247	247	247	247	247	247	247	247	247	247	247	247	247	247	247	247	247	247	246	246	246	246	247	247	246	246	246	246	246	246	246	246	246	246	246	246	246	246	246	246	246	246	245	245	245	245	245	245	245	245	245	245	245	245	245	245	245	245	245	245	245	245	245	245	245	245	245	245	245	245	245	245	245	245	245	245	245	245	245	245	245	245	245	245	245	245	246	246	246	246	245	245	245	245	246	246	246	246	246	246	246	246	246	246	246	246	245	245	245	245	245	245	245	245	245	245	245	245	246	246	246	246	246	246	246	246	246	246	246	246	244	245	245	245	245	245	245	245	245	245	245	245	244	244	244	244	244	244	244	244	244	244	244	244	244	244	244	244	245	245	245	245	244	245	245	245	245	245	245	245	245	245	245	245	245	245	245	245	244	244	245	245	245	245	245	245	245	245	245	245	245	245	245	245	245	245	244	244	244	245	245	244	245	245	245	244	245	245	245	245	245	245	245	245	244	244	245	245	245	245	245	245	245	245	245	245	245	245	245	245	244	244	244	244	244	244	244	244	244	244	244	244	244	244	244	244	244	244	244	244	244	244	244	244	244	244	244	244	244	244	244	244	244	244	244	244	244	243	244	243	243	243	243	243	244	244	244	244	243	243	243	243	244	243	243	243	244	243	243	244	243	243	243	243	243	243	243	243	243	243	243	243	244	244	244	244	243	241	241	243	243	241	241	243	243	243	243	243	241	241	241	241	243	243	243	243	243	243	242	242	242	242	242	242	242	243	242	242	242	242	243	243	242	242	242	242	242	242	242	242	242	242	242	242	242	242	242	242	242	242	243	242	242	242	242	242	242	242	243	243	242	243	242	242	242	242	243	243	242	242	242	242	242	242	242	242	242	242	242	241	242	243	241	242	242	242	243	243	242	242	242	242	241	241	241	241	242	242	242	242	242	242	242	241	241	241	242	241	241	242	242	242	242	242	242	242	242	242	241	241	242	242	242	242	243	242	242	242	243	243	243	243	243	243	243	243	243	243	243	243	242	243	243	241	242	241	241	241	241	240	240	241	241	241	241	241	243	243	243	243	243	243	243	243	242	242	242	242	242	242	242	242	243	243	243	243	241	241	241	241	241	240	240	241	240	241	241	241	241	241	241	241	241	241	241	241	241	240	241	241	240	239	240	240	240	239	240	239	239	240	240	240	239	238	240	240	239	239	239	240	240	239	240	240	240	239	240	239	239	239
242	242	242	241	241	242	242	242	242	242	242	242	243	243	243	243	243	243	243	243	243	243	243	243	243	243	243	243	243	243	245	245	245	245	245	245	244	244	244	244	244	244	244	244	244	244	244	244	244	244	244	244	244	244	244	244	244	244	244	244	245	244	244	245	245	245	245	245	245	245	245	245	245	245	245	245	245	245	245	245	244	244	244	244	244	244	244	244	242	244	244	244	244	244	244	244	244	244	244	244	244	244	244	244	244	244	244	244	244	244	245	244	243	243	243	243	244	244	244	244	244	244	244	244	244	244	245	245	244	244	244	244	244	243	243	243	244	244	244	244	244	244	244	244	244	244	244	247	230	227	216	232	242	243	209	222	233	245	245	245	245	245	245	245	246	246	246	246	246	246	246	246	246	246	246	246	246	246	246	246	246	246	246	246	246	246	246	246	246	246	246	246	246	246	246	246	246	246	246	246	247	247	247	247	247	247	247	247	247	247	247	247	247	247	247	247	247	247	247	247	247	247	247	247	246	246	246	246	246	246	246	246	246	246	246	246	246	246	246	246	246	246	246	246	246	246	246	246	246	246	246	246	246	246	246	246	246	246	246	246	245	245	245	245	245	245	245	245	245	245	245	245	245	245	245	245	245	245	245	245	245	245	245	245	245	245	245	245	245	245	245	245	245	245	245	245	245	245	245	245	245	245	245	245	245	245	245	245	245	245	245	245	245	245	245	245	245	245	245	245	245	245	245	245	245	245	245	245	246	246	246	246	245	245	245	245	245	245	245	245	243	245	245	244	245	245	245	246	244	244	244	244	244	244	244	244	244	244	244	244	244	244	244	244	244	244	244	244	244	244	244	244	245	245	245	245	245	245	245	245	244	244	244	244	244	244	244	244	244	244	244	244	244	244	244	244	244	244	244	244	244	244	244	244	244	244	245	245	244	244	244	244	244	244	244	244	245	244	244	244	244	244	244	244	245	245	244	244	245	245	245	245	245	245	245	245	245	245	245	245	244	244	244	244	244	244	244	244	244	244	244	244	244	244	244	244	244	244	244	244	244	244	244	244	244	244	244	244	244	245	245	245	244	244	244	244	243	244	244	243	244	244	244	244	245	245	245	245	244	244	244	244	244	244	244	244	244	244	244	244	244	244	244	244	244	244	243	244	243	243	243	243	244	244	244	244	243	243	243	243	243	243	243	243	243	243	243	241	241	241	241	241	243	243	243	243	243	241	243	243	241	243	242	242	241	243	241	241	243	241	242	243	242	241	242	242	242	241	241	241	241	241	242	242	241	241	241	241	241	241	241	241	241	241	241	241	242	242	242	242	242	243	241	241	242	241	241	242	242	243	243	242	242	242	241	242	242	242	241	240	242	241	241	243	242	242	242	242	243	243	243	243	242	242	242	242	242	242	242	242	242	242	242	242	242	242	242	242	241	242	242	242	242	242	242	242	242	242	241	242	244	244	244	244	244	244	243	243	243	243	243	243	243	243	243	243	243	243	243	243	241	241	241	241	241	241	241	241	240	240	242	241	241	241	241	241	243	243	243	243	243	243	243	243	243	243	243	243	243	243	243	243	243	243	243	243	241	240	241	240	241	241	240	241	241	241	241	241	241	241	241	241	241	241	241	241	241	240	240	241	240	239	240	240	240	240	239	239	240	240	240	240	240	239	239	240	240	240	240	240	240	239	240	240	240	240	240	240	239	239
241	242	242	242	242	242	242	242	242	242	242	243	243	243	243	243	243	243	243	243	243	243	243	243	243	244	243	244	244	243	245	245	245	245	245	245	244	244	244	244	244	244	244	244	244	244	244	244	244	244	244	244	244	244	244	244	244	244	244	244	245	244	244	245	245	245	245	245	245	245	245	245	245	245	245	245	245	245	245	245	244	244	244	244	244	244	244	244	244	244	244	244	244	244	244	244	244	244	244	245	245	245	244	244	244	244	244	244	245	244	244	244	243	243	243	243	244	244	244	244	244	244	244	244	244	244	244	244	244	244	243	243	244	245	245	245	244	243	244	245	244	244	244	244	245	245	245	247	226	223	217	225	233	244	222	230	234	246	245	245	246	246	246	246	246	246	246	246	246	246	246	246	246	246	246	246	246	246	246	246	246	246	246	246	246	246	246	246	246	246	246	246	247	247	247	247	247	247	247	247	247	247	247	247	247	247	247	247	247	247	247	247	247	247	247	247	247	247	247	247	247	247	247	247	247	246	246	247	247	247	247	247	247	247	246	246	246	246	246	246	246	246	246	246	246	246	246	246	246	246	246	246	246	246	246	246	246	246	246	246	246	246	246	246	245	245	245	245	245	245	245	245	245	245	245	245	245	245	245	245	245	245	245	245	245	245	245	245	245	245	245	245	245	245	245	245	245	245	245	245	245	245	245	245	245	245	245	245	245	245	245	245	245	245	245	245	245	245	245	245	245	245	245	245	245	245	245	245	246	246	246	246	245	245	245	245	245	245	245	245	244	246	248	247	246	244	245	245	244	244	244	244	244	244	244	244	244	244	244	244	244	244	244	244	244	244	244	244	244	244	244	244	245	245	245	245	245	245	245	245	244	244	244	244	244	244	244	244	244	244	244	244	244	244	244	244	244	244	244	244	244	244	244	244	244	244	245	245	244	244	245	244	244	244	244	244	245	245	244	244	244	244	244	244	245	245	244	244	245	245	245	245	245	245	245	245	245	245	245	245	244	244	244	244	244	244	244	244	244	244	244	244	244	244	244	244	244	244	244	244	244	244	244	244	244	244	244	244	244	244	244	244	244	244	244	244	244	244	244	244	244	244	244	244	244	244	244	244	244	244	244	244	244	244	243	243	244	243	243	244	244	244	244	244	243	243	243	243	243	243	243	243	244	243	243	244	243	243	243	243	243	243	243	243	243	243	243	243	243	243	243	243	243	243	243	243	243	243	243	243	243	243	242	241	243	243	241	241	243	241	243	243	243	241	241	243	243	243	243	241	243	243	243	243	243	243	243	243	243	241	241	242	241	241	241	241	243	242	242	242	243	241	241	241	243	242	242	242	242	242	242	242	243	242	243	241	243	242	242	242	242	242	241	241	242	242	242	242	242	243	243	242	242	242	242	242	243	242	242	242	242	242	242	242	242	242	242	242	242	242	242	242	242	242	242	242	242	242	242	242	244	244	244	244	244	244	244	244	243	243	243	243	243	243	243	243	243	243	243	243	241	241	241	241	241	241	241	241	241	241	241	241	241	241	241	241	243	243	243	243	243	243	243	243	243	243	243	243	243	243	243	243	243	243	243	243	241	241	240	240	241	241	241	241	241	241	241	241	241	241	241	241	241	241	241	241	241	240	240	241	240	240	240	240	240	239	239	240	240	240	240	240	239	240	240	240	239	240	240	240	239	240	240	240	240	240	239	240	239	239
242	242	242	242	242	242	242	242	242	242	243	243	243	243	243	243	243	243	243	243	243	243	243	243	243	244	243	243	243	243	245	245	245	245	245	245	244	244	244	244	244	244	244	245	244	244	244	244	244	244	244	244	244	244	244	244	244	244	244	244	245	244	244	245	245	245	245	245	245	245	245	245	245	245	245	245	245	245	245	245	245	244	244	245	244	244	244	244	244	244	244	244	244	244	244	244	245	244	244	245	245	245	244	244	244	244	244	244	244	244	244	244	243	243	243	243	244	244	244	244	244	244	244	244	244	244	244	244	244	244	244	244	243	245	244	244	243	243	243	244	244	244	245	245	245	245	245	247	227	228	212	231	231	232	221	229	229	246	245	245	246	246	246	246	246	246	246	246	246	246	246	246	246	246	246	246	246	246	246	246	246	246	246	246	246	246	246	246	247	247	247	247	247	247	247	247	247	247	247	247	247	247	247	247	247	247	247	247	247	247	247	247	247	247	247	247	247	247	247	247	247	247	247	247	247	247	247	247	247	247	247	247	247	247	247	247	247	247	247	247	247	247	247	247	246	246	246	246	246	246	246	246	246	246	246	246	246	246	246	246	246	246	246	246	246	246	246	246	246	246	246	246	246	246	246	246	246	246	246	246	246	246	246	246	246	246	246	246	246	246	246	246	246	246	246	246	246	246	246	246	246	246	246	246	246	246	246	246	246	246	246	246	246	246	246	246	246	246	246	246	246	246	246	246	246	246	246	246	245	245	245	245	246	246	246	246	246	246	246	246	244	236	211	208	222	242	246	246	245	245	245	245	245	245	245	245	245	244	244	244	245	245	245	245	245	245	245	245	245	245	245	245	246	246	246	246	245	245	245	245	244	244	244	244	244	244	244	244	244	245	245	244	245	244	244	245	245	244	244	244	244	244	244	244	244	244	244	244	244	244	244	244	244	244	244	244	245	245	244	244	245	245	244	244	244	244	244	244	245	245	245	245	245	245	245	245	245	245	245	245	245	245	245	245	245	245	245	245	246	246	246	246	245	245	245	245	245	245	244	244	244	244	246	246	244	244	244	244	244	244	244	244	244	244	244	244	246	246	244	246	246	244	244	244	244	244	244	244	244	244	244	244	244	244	244	244	244	244	244	244	244	244	244	244	244	244	244	244	243	243	243	243	244	243	244	243	243	243	243	243	243	243	243	243	243	243	243	243	243	243	243	243	243	243	243	243	243	243	243	243	243	243	243	243	243	243	243	243	241	241	243	243	241	243	241	242	243	241	243	241	242	242	241	242	243	243	243	243	241	243	243	241	241	243	243	241	241	241	241	241	241	241	241	242	243	242	242	242	242	242	242	242	241	242	243	241	241	241	241	241	242	242	242	241	242	242	242	242	243	242	242	242	241	241	242	242	243	242	242	242	242	242	242	242	242	242	242	242	242	242	242	242	241	242	242	242	242	242	242	242	244	244	244	244	244	244	244	244	244	244	243	243	243	243	243	243	243	243	243	243	241	241	241	241	241	240	241	241	241	241	240	241	241	241	241	241	243	243	243	243	243	243	243	243	243	243	243	243	243	243	243	243	243	243	243	243	241	240	241	241	240	241	241	240	241	241	241	241	241	241	241	241	241	241	241	241	241	241	241	240	240	240	240	240	240	240	240	239	239	240	239	240	240	240	240	239	239	239	240	240	239	239	240	240	240	240	240	240	239	239
242	241	241	242	242	243	243	242	243	243	243	243	243	243	243	243	243	243	243	243	243	244	243	243	245	245	245	243	245	245	245	245	245	245	245	245	244	244	244	244	244	244	244	244	244	244	244	244	244	244	244	244	244	244	244	244	244	244	244	244	245	245	245	245	245	245	245	245	245	245	245	245	245	245	245	245	245	245	245	245	244	243	244	245	244	244	244	244	244	244	244	244	244	245	245	245	244	242	244	244	244	244	244	244	244	244	244	244	244	244	244	244	244	244	244	244	244	244	244	244	244	244	244	244	245	245	245	245	243	244	244	244	244	245	244	244	243	244	243	245	245	245	245	245	246	246	246	247	226	224	224	239	238	233	204	222	226	246	245	245	246	246	246	246	246	246	246	246	246	246	246	246	246	246	246	246	247	247	247	247	247	247	247	247	247	247	247	247	247	247	247	247	247	247	247	247	247	247	247	247	247	247	247	247	247	247	247	247	247	247	247	247	247	247	247	247	247	247	247	247	247	247	247	247	247	247	247	247	247	247	247	247	247	247	247	247	247	247	247	247	247	247	247	247	246	246	246	246	246	246	246	246	246	246	246	246	246	246	246	246	246	246	246	246	246	246	246	246	246	246	246	246	246	246	246	246	246	246	246	246	246	246	246	246	246	246	246	246	246	246	246	246	246	246	246	246	246	246	246	246	246	246	246	246	246	246	246	246	246	246	246	246	246	246	246	246	246	246	246	246	246	246	246	246	246	246	246	246	246	246	246	246	246	246	246	246	246	246	246	245	248	205	128	125	147	228	247	245	246	246	246	246	246	246	246	246	246	246	246	246	246	246	246	246	246	246	246	246	246	246	246	246	246	246	246	246	246	246	246	246	246	246	246	246	245	244	244	244	245	245	245	244	245	245	245	245	246	246	246	246	246	246	246	246	246	246	246	246	245	245	244	245	245	245	244	244	244	244	244	244	245	244	244	245	244	244	244	244	244	245	245	244	245	245	245	245	245	245	245	245	245	245	245	245	245	245	245	245	246	246	246	246	246	246	246	246	245	245	245	245	245	245	246	246	246	245	245	245	244	244	244	244	245	244	244	244	246	246	245	246	246	246	246	246	244	244	244	244	244	244	244	244	246	244	244	245	244	244	244	244	244	244	244	244	244	244	244	244	242	243	244	244	244	243	243	243	243	243	243	243	243	243	243	243	243	243	243	243	243	243	243	243	243	243	243	243	243	243	243	243	243	243	243	243	243	243	243	243	243	243	243	243	243	241	242	242	243	243	243	243	243	243	243	243	243	243	243	243	243	243	243	243	243	243	243	243	243	243	243	242	243	243	243	243	243	241	241	243	242	242	242	243	241	241	241	241	242	242	242	242	243	243	243	243	243	242	242	242	243	242	242	243	243	243	243	243	243	244	243	243	243	243	242	242	242	242	242	242	242	242	242	242	242	243	242	242	242	242	242	242	244	244	244	244	243	243	243	243	244	244	244	244	243	243	243	243	243	243	243	243	241	241	241	241	241	240	240	239	241	241	241	241	241	241	241	241	243	243	243	243	241	241	241	241	243	243	243	243	243	243	243	243	242	242	242	242	242	242	242	242	242	242	242	242	242	242	242	242	241	241	241	241	241	241	241	241	241	241	241	241	240	240	239	240	241	241	240	240	240	240	240	240	240	240	240	240	240	240	239	240	240	240	240	240	240	239	239	240	239	239
242	241	242	242	242	242	242	243	243	243	243	243	243	243	243	243	243	243	244	243	243	243	243	245	245	245	245	245	245	245	245	245	244	244	244	244	244	244	244	244	244	244	244	244	244	244	244	244	244	244	244	244	244	244	244	244	244	244	244	244	245	245	245	245	245	245	245	245	245	245	245	245	245	245	245	245	245	245	245	245	245	245	245	245	244	244	244	244	245	245	245	245	245	245	245	244	243	242	243	242	242	242	243	243	244	244	244	244	244	244	244	244	244	242	243	245	244	244	244	244	244	244	244	244	245	245	245	245	244	244	244	244	244	244	244	244	244	244	244	244	245	245	245	245	246	246	246	247	229	223	226	242	238	227	192	215	229	246	246	245	246	246	246	246	246	246	246	246	246	246	246	246	247	247	247	247	247	247	247	247	247	247	247	247	247	247	247	247	247	247	247	247	247	247	247	247	247	247	247	247	247	247	247	247	247	247	247	247	247	247	247	247	247	247	247	247	247	247	247	247	247	247	247	247	247	247	247	247	247	247	247	247	247	247	247	247	247	247	247	247	247	247	247	247	247	247	247	247	247	246	246	246	246	246	246	246	246	246	246	246	246	246	246	246	246	246	246	246	246	246	246	246	246	246	246	246	246	246	246	246	246	246	246	246	246	246	246	246	246	246	246	246	246	246	246	246	246	246	246	246	246	246	246	246	246	246	246	246	246	246	246	246	246	246	246	246	246	246	246	246	246	246	246	246	246	246	246	246	246	246	246	246	246	246	246	246	246	246	249	237	184	137	109	122	142	225	247	246	246	246	246	246	246	246	246	246	246	246	246	246	246	246	246	246	246	246	246	246	246	246	246	246	246	246	246	246	246	246	246	246	246	246	246	246	245	245	245	245	245	245	245	245	245	245	245	245	246	246	246	246	246	246	246	246	246	246	246	246	244	245	245	245	245	245	245	245	245	245	245	245	245	245	245	245	244	245	245	245	245	245	245	243	245	245	245	245	245	245	245	245	246	246	246	246	245	245	245	245	245	245	245	245	245	245	245	245	244	244	244	244	245	245	245	245	245	245	245	245	245	245	245	245	245	245	245	245	246	246	246	246	246	246	246	246	245	245	245	245	246	246	246	246	244	245	245	246	244	244	244	244	244	244	244	244	244	244	244	244	243	244	244	244	243	243	243	243	243	243	243	243	243	243	243	243	243	243	243	243	243	243	243	243	243	243	243	243	243	243	243	243	243	243	243	243	243	243	243	243	243	243	243	243	243	243	243	243	244	244	244	244	244	243	243	243	244	244	244	244	244	244	244	244	244	244	244	243	244	244	244	244	244	244	244	244	243	243	243	243	243	243	243	243	241	241	242	242	243	243	243	242	243	243	243	244	243	242	243	243	243	243	243	243	243	243	243	243	243	243	243	243	243	243	243	243	242	242	242	242	242	242	242	242	243	243	243	243	243	243	243	243	244	244	244	244	243	243	243	243	244	244	244	244	244	244	243	243	243	243	243	243	242	240	242	241	240	241	241	241	241	241	241	241	241	241	241	241	241	241	241	241	241	241	241	241	241	241	241	241	241	241	241	241	241	241	241	241	243	243	244	243	243	243	243	243	243	243	243	243	240	240	240	240	240	240	240	240	241	241	241	241	241	241	241	241	240	241	240	240	240	240	240	241	240	240	241	241	241	240	240	241	241	241	241	240	240	240	240	240	239	239
242	242	242	242	242	242	243	243	242	242	243	243	243	243	243	243	243	243	243	243	243	245	245	245	245	245	245	245	245	245	245	245	244	244	244	244	244	244	244	244	244	244	244	244	244	244	244	244	244	244	244	244	244	244	244	244	244	244	244	244	245	245	245	245	245	245	245	245	245	245	245	245	245	245	245	245	245	245	245	245	245	245	245	245	244	244	244	244	245	245	245	245	245	245	245	244	243	243	243	242	243	243	242	243	244	244	244	244	244	244	244	244	244	244	244	244	244	244	244	245	245	245	245	245	245	245	245	245	245	244	244	244	244	244	244	244	243	244	244	244	245	245	245	245	246	246	246	247	233	230	223	244	242	235	218	221	234	246	246	245	246	246	246	246	246	246	246	246	247	247	247	247	247	247	247	247	247	247	247	247	247	247	247	247	247	247	247	247	247	247	247	247	247	247	247	247	247	247	247	247	247	247	247	247	247	247	247	247	247	247	247	247	247	247	247	247	247	247	247	247	247	247	247	247	247	247	247	247	247	247	247	247	247	247	247	247	247	247	247	247	247	247	247	247	247	247	247	247	247	247	247	247	247	247	247	247	246	246	246	246	246	246	246	246	246	246	246	246	246	246	246	246	246	246	246	246	246	246	246	246	246	246	246	246	246	246	246	246	246	246	246	246	246	246	246	246	246	246	246	246	246	246	246	246	246	246	246	246	246	246	246	246	246	246	246	246	246	246	246	246	246	246	246	246	246	246	246	246	246	246	246	246	246	246	246	246	246	245	228	193	121	104	111	126	144	227	248	246	246	246	246	246	246	246	246	246	246	246	246	246	246	246	246	246	246	246	246	246	246	246	246	246	246	246	246	246	246	246	246	246	246	246	246	246	245	245	245	245	244	244	245	245	247	247	247	247	246	246	246	246	246	246	246	246	246	246	246	246	244	244	244	244	245	245	245	245	245	245	245	245	245	245	245	245	245	245	245	245	245	245	244	244	245	245	245	245	245	245	245	245	246	246	246	246	246	246	246	246	246	246	246	246	246	246	246	246	245	245	245	245	246	246	246	246	246	246	246	246	245	245	245	245	246	246	246	246	245	245	245	245	246	246	246	246	245	245	245	245	245	245	245	245	244	246	246	245	246	246	246	246	245	245	245	245	245	245	245	246	245	244	244	245	243	243	243	243	243	243	243	243	243	243	243	241	243	243	243	243	243	243	243	243	243	243	243	243	243	243	243	243	243	243	243	243	243	243	243	243	243	243	243	243	243	243	243	243	244	244	244	244	244	244	243	244	244	244	244	244	244	243	243	244	244	244	244	243	244	244	244	244	244	244	244	244	243	243	243	243	241	242	243	243	243	241	242	241	242	242	242	242	243	243	243	243	242	242	243	242	243	243	243	243	243	243	243	243	243	243	243	243	243	243	243	243	243	243	242	242	242	242	242	242	243	243	243	243	243	243	243	243	244	244	244	244	243	243	243	243	244	244	244	244	242	244	244	244	243	243	243	243	241	240	240	242	241	240	241	241	240	241	240	241	241	241	241	241	241	241	241	241	241	241	241	241	241	241	241	241	241	241	241	241	241	241	241	241	243	243	242	242	243	243	243	243	243	243	243	243	241	240	240	241	241	241	241	241	241	241	241	241	240	241	241	240	241	240	241	241	240	240	240	240	240	240	241	241	241	240	240	241	241	241	241	241	240	240	240	240	239	239
242	243	242	242	242	242	242	243	243	243	243	243	243	243	243	243	243	243	243	243	245	245	245	245	245	245	245	245	245	245	245	245	244	244	244	244	244	244	244	244	244	244	244	244	244	244	244	244	244	244	244	244	244	244	244	244	244	244	244	244	245	245	245	245	245	245	245	245	245	245	245	245	245	245	245	245	245	245	245	245	245	245	245	245	244	244	244	244	245	245	244	245	245	245	244	244	243	243	243	243	243	243	242	243	244	244	244	244	244	244	244	244	244	245	245	244	244	244	244	245	246	246	246	246	245	245	245	245	244	244	245	244	244	244	244	244	245	244	244	245	245	245	245	245	246	246	246	247	234	234	221	240	245	246	220	218	240	246	246	246	247	246	246	246	247	247	247	247	247	247	247	247	247	247	247	247	247	247	247	247	247	247	247	247	247	247	247	247	247	247	247	247	247	247	247	247	247	247	247	247	247	247	247	247	247	247	247	247	247	247	247	247	247	247	247	247	247	247	247	247	247	247	247	247	248	248	248	248	247	247	247	247	248	248	248	248	247	247	247	247	247	247	247	247	247	247	247	247	247	247	247	247	247	247	247	247	247	247	247	247	247	247	247	247	246	246	246	246	246	246	246	246	246	246	246	246	246	246	246	246	246	246	246	246	246	246	246	246	246	246	246	246	246	246	246	246	246	246	246	246	246	246	246	246	246	246	246	246	246	246	246	246	246	246	246	246	246	246	246	246	246	246	246	246	246	246	246	246	246	246	246	246	246	246	246	246	246	240	162	120	114	121	118	129	154	231	247	245	246	246	246	246	246	246	246	246	246	246	246	246	246	246	246	246	246	246	246	246	246	246	246	246	246	246	246	246	246	246	246	246	246	246	246	246	245	245	245	245	245	245	245	245	247	247	247	247	246	246	246	246	246	246	246	246	246	246	246	246	245	245	245	245	245	245	245	245	244	245	245	245	245	245	245	245	245	245	245	245	244	245	244	245	246	246	246	246	247	247	247	247	246	246	246	246	246	246	246	246	246	246	246	246	246	246	246	246	245	245	245	245	246	246	246	246	246	246	246	246	245	245	245	245	245	245	245	245	245	245	245	245	246	246	246	246	246	246	246	246	245	245	245	245	244	246	245	245	246	246	246	246	246	246	246	246	245	246	246	246	245	244	244	244	243	243	243	243	243	243	243	243	243	243	243	243	243	243	243	243	243	243	243	243	243	243	243	243	243	243	243	243	243	243	243	243	243	243	243	243	243	241	241	243	241	241	243	243	244	244	244	244	244	243	244	244	243	244	244	244	244	243	243	244	244	244	244	244	244	244	244	244	243	244	244	244	243	241	241	241	241	241	241	241	241	241	241	241	242	243	242	242	244	244	243	243	243	242	242	242	244	243	243	243	243	243	243	244	243	243	243	243	243	242	243	243	243	243	243	243	242	242	242	242	243	243	243	243	243	243	243	243	244	244	244	244	243	243	243	243	244	244	244	244	243	244	244	244	243	243	243	243	241	240	240	240	241	241	241	241	241	241	240	241	241	241	241	241	241	241	241	241	241	241	241	241	241	241	241	241	241	241	241	241	241	241	241	241	243	243	243	243	243	243	243	243	243	243	243	243	241	240	241	240	241	241	241	241	241	241	241	241	240	241	241	240	240	240	241	241	240	240	241	240	241	241	240	240	240	241	241	240	241	241	241	241	240	239	239	240	239	239
242	241	241	243	243	243	243	243	243	244	243	244	243	244	244	244	243	243	243	243	244	244	244	243	244	244	244	244	244	244	244	244	244	244	244	244	244	244	244	244	244	243	243	244	244	244	244	244	244	244	244	244	244	244	244	244	244	244	244	244	245	245	245	245	245	245	245	245	245	245	245	245	245	245	245	245	245	245	245	245	245	245	245	245	245	245	245	245	245	245	245	245	244	244	245	245	243	243	243	242	242	243	243	243	244	244	243	244	244	244	244	244	244	245	245	245	244	244	245	245	244	244	244	244	245	245	245	245	244	244	243	245	245	245	245	245	245	245	245	245	246	246	246	246	246	246	246	247	237	231	223	240	246	244	204	206	233	246	246	247	247	247	247	247	247	247	247	247	247	247	247	247	247	247	247	247	247	247	247	247	247	247	247	247	247	247	247	247	247	247	247	247	247	247	247	247	247	247	247	247	247	247	247	247	247	247	247	247	247	247	247	247	247	247	247	247	247	247	247	247	247	247	247	247	247	247	247	247	247	247	247	247	248	248	248	248	247	247	247	247	247	247	247	247	247	247	247	247	247	247	247	247	247	247	247	247	247	247	247	247	247	247	247	247	246	246	246	246	246	246	246	246	246	246	246	246	246	246	246	246	246	246	246	246	246	246	246	246	246	246	246	246	246	246	246	246	246	246	246	246	246	246	246	246	246	246	246	246	246	246	246	246	246	246	246	246	246	246	246	246	246	246	246	246	246	246	246	246	246	246	246	246	246	246	246	246	246	240	158	126	127	132	116	129	189	244	246	246	246	246	246	246	246	246	246	246	246	246	246	246	247	247	247	247	246	246	246	246	246	246	246	246	246	246	246	246	246	246	246	246	246	246	246	246	247	247	247	247	245	245	245	245	246	246	246	246	246	246	246	246	246	246	246	246	246	246	246	246	246	246	246	246	246	246	246	247	247	247	247	247	245	245	245	245	245	245	245	245	245	245	245	245	245	245	245	245	246	245	245	245	247	247	247	247	247	247	247	247	247	247	247	247	246	246	246	246	245	245	245	245	246	246	246	246	246	246	246	246	246	246	246	246	246	246	246	246	246	246	246	246	246	246	246	246	245	245	245	245	245	245	245	245	245	246	245	245	246	246	246	246	245	245	245	245	245	245	245	246	245	245	245	244	244	244	244	244	244	244	244	244	244	244	244	244	243	243	243	243	243	243	243	243	243	243	243	243	243	244	242	243	243	243	243	243	243	243	243	244	243	243	243	243	244	244	243	243	244	244	244	244	243	243	243	243	243	244	244	244	244	244	244	244	244	244	244	244	244	244	244	243	243	244	244	244	243	243	243	243	243	243	243	243	243	242	242	244	243	244	242	244	244	244	244	244	244	243	243	244	244	244	243	243	243	243	243	243	243	243	243	243	242	243	243	243	243	243	243	243	244	244	244	244	243	243	243	243	243	243	243	243	243	242	243	243	242	242	242	242	242	242	242	243	243	243	243	243	243	244	243	243	242	240	240	240	242	242	241	241	241	240	240	240	242	241	241	241	241	241	241	241	241	241	241	241	241	241	241	241	241	241	241	241	241	241	241	241	241	241	241	241	242	242	242	242	243	243	243	243	243	242	243	243	241	241	241	241	241	241	241	241	241	241	241	241	241	241	241	241	241	241	241	241	241	241	240	240	240	240	241	241	240	240	240	240	240	239	239	240	239	239
241	242	242	243	243	243	242	243	244	244	242	242	243	244	244	244	243	243	243	244	244	244	244	245	243	243	243	243	243	243	243	243	243	243	243	243	243	243	243	243	243	243	242	243	244	244	244	244	244	244	244	244	244	244	244	244	244	244	244	244	245	245	245	245	245	245	245	245	244	244	244	244	245	245	245	245	245	245	245	245	245	245	245	245	246	246	246	246	245	245	245	245	245	245	245	245	243	243	243	243	242	243	242	242	243	243	243	243	243	243	243	243	245	245	244	244	244	244	245	245	245	243	243	245	245	245	245	245	243	244	243	243	245	245	244	244	246	246	246	246	246	246	246	246	246	246	246	247	228	210	218	239	244	244	208	214	231	248	246	247	247	247	247	247	247	247	247	247	247	247	247	247	247	247	247	247	247	247	247	247	247	247	247	247	247	247	247	247	247	247	247	247	247	247	247	247	247	247	247	247	247	247	247	247	247	247	247	247	247	247	247	247	247	247	247	247	247	247	247	247	248	248	248	248	248	248	248	248	248	248	248	248	248	248	248	248	248	248	248	248	248	248	248	248	248	248	248	248	247	247	247	247	247	247	247	247	247	247	247	247	247	247	247	247	247	247	247	247	247	247	247	247	247	247	247	247	247	247	247	247	247	247	247	247	247	247	247	247	247	247	247	247	247	247	247	247	247	247	247	247	247	247	247	247	247	247	247	247	247	247	247	247	247	247	247	247	247	247	247	247	247	247	247	247	247	247	247	247	247	247	247	247	247	247	247	247	246	240	161	130	127	140	135	121	194	246	247	247	247	247	247	247	247	247	247	247	247	247	247	247	247	247	247	247	247	247	247	247	247	247	247	247	247	247	247	247	247	247	247	247	247	247	247	247	247	247	247	247	247	247	247	247	247	247	247	247	247	247	247	247	247	247	247	247	247	247	247	247	246	246	246	246	246	246	246	246	246	246	246	246	245	245	245	245	245	245	245	245	245	245	245	245	245	245	245	245	245	245	245	245	247	247	247	247	247	247	247	247	247	247	247	247	246	246	246	246	247	247	247	247	247	247	247	247	247	247	247	247	246	246	246	246	246	246	246	246	246	246	246	246	246	246	246	246	246	246	246	246	246	246	246	246	246	246	246	246	245	245	246	246	245	245	245	245	245	245	245	245	245	245	246	246	245	245	245	245	245	245	245	245	245	245	244	244	243	243	243	243	243	243	243	243	243	243	243	243	244	244	244	244	244	244	244	244	243	243	243	242	244	244	244	244	244	244	244	244	244	244	244	244	244	244	244	244	243	244	244	243	243	243	244	244	244	244	244	244	244	244	243	243	244	244	244	244	244	244	244	244	244	244	244	244	244	244	244	244	244	244	244	244	243	244	244	243	244	244	244	244	244	244	244	244	243	244	244	243	243	243	243	243	243	243	243	243	243	243	243	243	244	244	244	244	243	243	243	243	243	243	243	243	242	242	242	242	242	242	242	242	242	242	242	242	243	243	243	243	243	243	243	243	240	242	240	240	240	242	240	241	241	241	242	242	242	242	242	242	241	241	241	240	241	241	241	241	241	239	239	241	241	241	241	241	241	241	241	240	239	241	241	240	241	241	241	241	243	243	243	243	243	243	243	243	241	241	241	241	241	241	241	241	241	241	241	241	241	240	241	241	241	241	241	241	240	240	241	240	241	240	240	240	240	240	240	239	239	239	239	239	239	239
241	243	242	243	243	243	242	244	242	242	244	244	243	243	243	243	245	245	245	245	245	244	244	244	244	244	244	244	243	243	243	243	243	243	243	243	243	243	243	243	243	244	244	243	244	244	244	244	244	244	244	244	244	244	244	244	244	244	244	244	245	245	245	245	245	245	245	245	244	244	244	244	245	245	245	245	245	245	245	245	245	245	245	245	246	246	246	246	245	245	245	245	245	245	245	245	243	243	243	243	243	243	242	242	243	243	243	243	243	243	243	243	244	244	244	244	244	244	244	244	245	245	244	244	246	246	246	246	245	244	244	244	244	244	244	245	246	246	246	246	246	246	246	246	247	247	247	247	236	224	215	244	246	236	206	229	237	246	246	245	247	247	247	247	247	247	247	247	247	247	247	247	247	247	247	247	247	247	247	247	247	247	247	247	247	247	247	247	247	247	247	247	247	247	247	247	247	247	247	247	248	248	248	248	248	248	248	248	247	247	247	247	248	248	248	248	248	248	248	248	248	248	248	248	248	248	248	248	248	248	248	248	248	248	248	248	248	248	248	248	248	248	248	248	248	248	248	248	248	248	248	248	248	248	248	248	247	247	247	247	247	247	247	247	247	247	247	247	247	247	247	247	247	247	247	247	247	247	247	247	247	247	247	247	247	247	247	247	247	247	247	247	247	247	247	247	247	247	247	247	247	247	247	247	247	247	247	247	247	247	247	247	247	247	247	247	247	247	247	247	247	247	247	247	247	247	247	247	247	247	247	247	247	247	247	247	247	239	158	112	101	110	135	157	200	245	247	246	247	247	247	247	247	247	247	247	247	247	247	247	247	247	247	247	247	247	247	247	247	247	247	247	247	247	247	247	247	247	247	247	247	247	247	247	247	247	247	247	247	247	247	247	247	247	247	247	247	247	247	247	247	247	247	247	247	247	247	247	247	247	247	247	247	247	247	247	247	247	247	247	245	245	245	245	245	245	245	245	245	245	245	245	245	245	245	245	245	245	245	245	245	245	245	245	246	246	246	246	246	246	246	246	246	246	246	246	246	246	246	246	246	246	246	246	246	246	246	246	246	246	246	246	246	246	246	246	246	246	246	246	246	246	246	246	246	246	246	246	246	246	246	246	246	246	246	246	245	246	246	246	245	245	245	245	244	244	246	245	245	246	246	246	244	244	244	244	244	244	244	244	244	244	244	244	243	243	243	243	243	243	243	243	243	243	243	243	245	244	244	245	244	243	243	244	243	244	244	242	244	244	244	244	244	244	244	244	244	244	244	244	244	244	244	244	244	244	245	244	244	244	244	244	243	244	243	243	244	244	244	244	244	244	244	244	244	244	244	244	244	244	244	244	244	244	244	244	244	244	244	244	244	244	244	244	244	244	244	244	244	244	244	244	244	244	244	244	243	243	243	243	244	243	243	243	243	243	243	243	244	244	244	244	244	244	243	243	243	243	243	243	242	242	242	242	242	242	242	242	242	242	242	242	243	243	243	243	243	243	243	243	242	242	242	240	242	242	242	240	240	242	242	242	240	242	242	240	241	241	240	240	241	241	240	240	241	241	241	241	239	241	241	241	241	241	239	240	240	240	240	240	241	241	241	241	243	243	243	243	242	243	243	242	241	241	241	241	241	241	241	241	241	241	241	241	241	241	241	241	241	241	241	241	240	241	241	240	241	240	240	240	239	240	240	240	239	239	239	239	239	239
243	243	243	243	243	243	244	243	244	244	244	244	242	243	243	242	244	244	244	244	243	243	243	244	244	244	244	244	244	243	243	243	243	243	243	242	243	243	243	243	243	243	243	243	244	244	244	244	244	244	244	244	244	244	244	244	244	244	244	244	245	245	245	245	245	245	245	245	244	244	244	244	245	245	245	245	245	245	245	245	245	245	245	245	246	246	246	246	245	245	245	245	244	244	245	244	243	243	243	242	242	243	243	243	243	243	243	243	244	244	244	244	245	244	244	244	244	245	245	244	245	245	244	244	246	246	246	246	245	244	244	244	244	244	244	245	246	246	246	246	247	247	247	247	247	247	247	247	236	236	221	239	242	242	211	224	238	246	246	245	247	247	247	247	247	247	247	247	247	247	247	247	247	247	247	247	247	247	247	247	247	247	247	247	247	247	247	247	247	247	247	247	248	248	248	248	247	247	247	247	247	247	247	247	248	248	248	248	248	248	248	248	248	248	248	248	248	248	248	248	248	248	248	248	248	248	248	248	248	248	248	248	248	248	248	248	248	248	248	248	248	248	248	248	248	248	248	248	248	248	248	248	248	248	248	248	248	248	248	248	247	247	247	247	247	247	247	247	247	247	247	247	247	247	247	247	247	247	247	247	247	247	247	247	247	247	247	247	247	247	247	247	247	247	247	247	247	247	247	247	247	247	247	247	247	247	247	247	248	248	248	248	248	248	248	248	248	248	248	248	248	248	248	248	248	248	248	248	248	248	248	248	248	248	247	247	246	246	196	131	121	116	120	146	196	247	247	246	247	247	247	247	247	247	247	247	247	247	247	247	247	247	247	247	247	247	247	247	247	247	247	247	247	247	247	247	247	247	247	247	247	247	247	247	247	247	247	247	247	247	247	247	247	247	247	247	247	247	247	247	247	247	247	247	247	247	247	247	247	247	247	247	247	247	247	247	247	247	247	247	246	245	245	245	245	245	245	245	245	245	245	245	245	245	245	245	245	245	245	245	246	246	246	246	246	246	246	246	246	246	246	246	246	246	246	246	246	246	246	246	246	246	246	246	246	246	246	246	246	246	246	246	246	246	246	246	246	246	246	246	246	246	246	246	246	246	246	246	246	246	246	246	246	246	246	246	245	245	245	246	245	245	245	245	245	245	246	246	246	246	245	245	244	244	244	244	244	244	244	244	244	245	244	244	243	243	243	243	243	243	243	243	243	243	243	243	244	244	243	244	244	243	243	244	244	244	244	244	244	244	245	245	244	244	244	244	245	244	244	245	244	244	245	245	244	244	246	245	244	244	244	244	244	244	244	244	244	244	244	245	245	244	243	243	244	244	244	244	244	244	244	244	244	244	244	244	244	244	244	243	244	244	244	244	244	243	244	244	244	244	244	244	243	243	243	243	244	244	244	243	244	244	243	243	242	242	242	242	245	245	245	244	244	244	245	244	243	243	243	243	243	243	243	242	242	242	242	242	242	242	242	242	243	243	243	243	243	243	243	243	242	242	242	242	242	242	240	242	240	242	242	240	240	242	241	242	241	241	241	240	240	241	240	240	241	241	241	241	241	239	241	239	241	241	241	241	241	241	241	241	241	241	241	241	243	243	243	243	242	242	242	242	241	241	241	241	241	241	241	241	241	241	241	241	241	241	240	241	241	241	240	240	240	240	241	241	241	240	240	241	240	240	240	240	239	239	239	239	239	239
241	242	242	242	242	243	242	242	243	244	244	244	243	243	243	243	244	243	243	243	244	244	244	244	243	243	243	243	243	243	243	243	243	243	243	242	242	243	243	243	243	243	243	243	244	244	244	244	244	244	244	244	244	244	244	244	245	245	244	244	245	245	245	245	244	245	245	244	244	244	245	245	245	245	245	245	245	245	245	245	245	245	245	245	245	245	245	245	245	245	245	245	244	245	244	244	242	242	243	243	243	243	243	243	243	242	242	242	243	243	243	244	244	245	245	244	244	244	244	244	245	245	244	244	246	246	246	246	244	245	245	245	245	244	245	245	247	247	247	247	247	247	247	247	247	247	247	248	230	229	222	228	235	246	224	226	232	246	246	244	247	247	247	247	247	247	247	247	247	246	246	247	247	247	247	247	247	247	247	247	247	247	247	247	247	247	247	247	247	247	247	247	248	248	248	248	248	248	248	248	247	247	247	247	248	248	248	248	248	248	248	248	248	248	248	248	248	248	248	248	248	248	248	248	248	248	248	248	248	248	248	248	248	248	248	248	248	248	248	248	248	248	248	248	248	248	248	248	248	248	248	248	248	248	248	248	248	248	248	248	248	248	248	248	248	248	248	248	248	248	248	248	248	248	248	248	247	247	247	247	247	247	247	247	247	247	247	247	247	247	247	247	247	247	247	247	247	247	247	247	247	247	247	247	247	247	247	247	248	248	248	248	248	248	248	248	248	248	248	248	248	248	248	248	248	248	248	248	248	248	248	248	247	248	247	247	246	247	200	138	134	137	141	142	188	247	245	247	247	246	246	246	247	247	247	247	247	247	247	247	247	247	247	247	247	247	247	247	247	247	247	247	247	247	247	247	247	247	247	247	247	247	247	247	247	247	247	247	248	248	248	248	247	247	247	247	247	247	247	247	246	247	248	248	246	247	247	247	247	247	247	247	247	247	247	247	247	247	247	247	247	247	247	246	246	246	246	245	246	245	245	246	245	245	245	245	245	245	245	245	245	245	245	245	246	246	245	245	246	245	245	245	245	245	245	245	245	245	245	246	246	246	246	246	246	246	246	246	247	247	247	247	247	247	247	247	247	247	247	247	247	247	247	247	247	247	247	247	247	247	247	247	246	246	246	246	246	246	246	246	246	246	246	246	245	245	245	246	246	245	246	246	245	245	245	244	244	245	245	244	245	245	244	244	244	244	244	244	244	244	244	244	244	244	243	244	244	244	244	244	244	245	244	244	244	244	244	245	246	244	245	245	244	246	246	244	245	245	245	245	245	245	245	245	246	246	244	244	244	244	244	244	244	244	244	244	244	244	244	244	246	244	244	243	244	244	244	244	244	243	243	243	244	244	244	244	243	243	244	244	244	244	244	244	244	244	244	244	243	243	243	243	244	244	244	244	244	244	244	244	244	244	244	244	244	244	244	244	245	245	245	245	245	245	245	245	244	243	243	243	243	243	243	243	242	242	242	242	242	242	242	242	243	243	243	243	243	243	243	243	243	242	242	242	242	242	242	241	240	242	242	242	241	241	241	241	242	240	240	241	242	242	242	242	240	240	241	241	241	241	241	241	241	241	241	241	241	241	241	241	243	243	243	243	243	243	243	243	241	241	241	241	241	241	241	241	241	241	241	241	241	241	241	241	241	241	241	241	241	241	241	241	241	240	241	240	241	240	240	240	240	240	240	240	240	239	239	240	239	239
241	241	241	241	241	241	241	241	243	243	244	243	244	244	244	244	244	244	244	244	244	244	244	244	243	243	243	243	243	243	243	243	242	242	242	242	242	242	242	242	243	243	243	242	243	243	243	243	244	244	244	244	244	244	244	245	245	245	245	245	245	245	245	245	244	245	245	244	244	244	245	245	245	245	245	245	245	245	245	245	245	245	245	245	245	245	245	245	245	245	245	245	246	245	244	244	243	244	243	243	244	243	243	243	243	242	242	243	243	243	242	243	244	245	244	244	245	245	244	245	245	244	244	244	246	246	246	246	245	246	246	246	245	245	245	246	247	247	247	247	247	247	247	247	247	247	247	249	230	228	211	228	234	234	218	228	230	247	247	247	247	247	247	247	247	247	247	247	246	246	246	246	246	246	246	246	247	247	247	247	247	247	247	247	247	247	247	247	248	248	248	248	248	248	248	248	248	248	248	248	248	248	248	248	248	248	248	248	248	248	248	248	248	248	248	248	248	248	248	248	248	248	248	248	248	248	248	248	248	248	248	248	248	248	248	248	248	248	248	248	248	248	248	248	248	248	248	248	248	248	248	248	248	248	248	248	248	248	248	248	248	248	248	248	248	248	248	248	248	248	248	248	248	248	248	248	248	248	248	248	248	248	248	248	248	248	248	248	248	248	248	248	248	248	248	248	248	248	248	248	248	248	248	248	248	248	248	248	248	248	248	248	248	248	248	248	248	248	248	248	248	248	248	248	248	248	248	248	248	248	248	248	246	246	245	248	247	206	181	155	142	138	144	150	188	246	245	247	248	246	246	246	248	245	246	248	248	248	248	248	248	248	248	248	248	248	248	248	248	248	248	248	248	248	248	248	248	248	248	248	248	248	248	248	248	248	248	248	248	248	248	248	248	248	248	248	247	246	246	247	247	248	232	218	245	247	247	246	248	248	248	248	247	247	247	247	247	247	247	247	247	247	247	247	247	247	247	247	247	247	247	247	245	245	245	245	245	245	245	245	245	245	245	245	245	245	245	245	245	245	245	245	245	245	245	245	245	245	245	245	246	246	246	246	246	246	246	246	246	246	246	246	246	246	246	246	246	246	246	246	246	246	246	246	246	246	246	246	246	246	246	246	247	247	247	247	246	246	246	246	246	246	246	246	245	245	245	245	244	245	244	246	246	245	245	245	245	245	245	245	246	246	246	246	245	245	244	244	245	245	245	245	245	245	244	244	246	246	246	244	245	246	245	246	246	246	246	246	246	246	246	244	244	246	245	244	245	245	245	245	245	245	245	245	246	246	246	246	246	246	246	245	244	244	244	244	244	244	244	244	244	244	244	244	244	244	244	244	244	244	244	244	244	244	244	244	243	243	243	243	244	244	244	244	244	243	243	243	243	243	243	243	245	245	245	245	245	245	245	245	245	245	245	245	245	245	245	245	245	245	245	245	245	245	245	245	244	243	243	243	242	242	243	243	243	243	243	242	242	242	242	242	243	243	243	243	243	243	243	243	243	243	243	243	243	243	243	243	242	242	240	240	242	240	240	242	242	242	242	240	240	242	241	240	240	242	242	240	240	241	241	240	241	241	241	241	241	241	241	241	243	243	243	243	243	243	243	243	240	240	240	241	241	241	241	241	241	241	241	241	241	241	241	241	241	241	241	241	240	240	240	241	241	241	241	241	240	240	240	240	240	240	240	240	240	240	240	240	239	239
241	241	241	241	241	242	242	242	244	244	244	244	244	242	244	244	244	244	244	244	244	244	244	244	243	243	243	243	243	243	243	243	242	242	243	243	242	242	243	243	243	243	243	242	244	244	244	244	244	244	244	244	244	244	244	244	245	245	245	245	245	245	245	245	245	245	245	245	245	245	245	245	245	245	245	245	245	245	245	245	245	245	245	245	245	245	245	245	245	245	245	245	245	245	245	245	244	244	243	243	243	243	243	243	243	243	242	242	243	242	243	243	245	245	245	244	245	245	244	245	244	244	244	245	246	246	246	246	246	246	246	246	245	245	245	246	247	247	247	247	247	247	247	247	247	247	247	248	228	227	223	241	239	231	212	225	230	247	246	247	247	247	247	247	247	247	247	247	245	246	246	245	246	246	246	246	248	248	248	248	247	247	247	247	248	248	248	248	248	248	248	248	248	248	248	248	248	248	248	248	248	248	248	248	248	248	248	248	248	248	248	248	248	248	248	248	248	248	248	248	248	248	248	248	248	248	248	248	248	248	248	248	248	248	248	248	248	248	248	248	248	248	248	248	248	248	248	248	248	248	248	248	248	248	248	248	248	248	248	248	248	248	248	248	248	248	248	248	248	248	248	248	248	248	248	248	248	248	248	248	248	248	248	248	248	248	248	248	248	248	248	248	248	248	248	248	248	248	248	248	248	248	248	248	248	248	248	248	248	248	248	248	248	248	248	248	248	248	248	248	248	248	248	248	248	248	248	248	248	248	248	248	248	248	247	238	189	141	153	130	131	135	126	139	185	247	245	248	248	248	248	248	245	248	247	247	248	248	248	248	248	248	248	248	248	248	248	248	248	248	248	248	248	248	248	248	248	248	248	248	248	248	248	248	248	248	248	248	248	248	248	248	248	248	248	248	247	247	247	247	246	221	162	166	234	248	248	248	248	248	248	248	248	248	248	248	248	248	248	248	248	248	248	248	248	248	248	248	248	248	248	248	245	245	245	245	245	245	245	245	245	245	245	245	245	245	245	245	245	245	245	245	245	245	245	245	245	245	245	245	246	246	246	246	246	246	246	246	246	246	246	246	246	246	246	246	246	246	246	246	246	246	246	246	246	246	246	246	246	246	246	246	246	246	246	246	247	247	247	247	247	247	247	247	245	246	246	246	246	246	244	245	244	246	245	244	244	244	244	244	245	246	246	245	245	245	244	244	245	245	245	245	245	245	244	244	246	246	246	246	245	245	246	246	244	245	245	246	244	244	246	244	244	244	244	244	246	246	246	246	246	246	246	246	246	246	246	246	246	246	245	245	246	246	246	246	245	245	246	246	244	244	244	244	244	244	244	244	244	244	244	246	246	244	244	244	244	244	244	244	243	243	243	243	243	244	244	243	243	243	243	243	245	245	245	245	245	245	245	245	245	245	245	245	245	245	245	245	245	245	245	245	244	244	244	244	244	243	243	243	243	242	242	243	243	243	243	243	242	242	242	242	243	243	243	243	243	243	243	243	243	243	243	243	243	243	243	243	242	242	242	242	242	241	241	242	240	240	242	240	240	241	241	241	240	242	242	242	241	240	241	241	241	241	240	240	241	241	241	241	243	243	243	243	243	243	243	243	241	241	240	240	241	241	241	241	241	241	241	241	241	241	241	241	241	241	241	241	240	240	240	240	241	241	241	241	240	240	240	240	240	240	240	240	240	240	240	240	239	239
241	241	242	241	241	242	242	242	244	243	243	244	244	244	244	244	244	244	244	244	244	244	244	244	243	243	243	243	243	243	243	243	242	242	243	243	243	244	242	243	242	243	243	243	244	244	244	244	244	244	244	244	244	244	244	244	245	245	245	245	245	245	245	245	245	245	245	245	245	245	245	244	244	245	245	245	245	245	245	245	245	245	245	245	245	245	245	245	245	245	245	245	245	245	245	245	243	243	243	243	243	243	243	243	243	243	242	243	243	243	243	243	244	245	245	244	244	244	244	244	244	245	245	245	247	247	247	247	246	246	246	246	245	245	245	246	247	247	247	247	247	247	247	247	247	247	247	248	227	225	228	242	236	224	191	214	229	248	246	244	247	247	247	247	244	244	244	245	245	244	245	245	247	247	247	247	248	248	248	248	248	248	248	248	248	248	248	248	248	248	248	248	248	248	248	248	248	248	248	248	248	248	248	248	248	248	248	248	248	248	248	248	248	248	248	248	248	248	248	248	248	248	248	248	248	248	248	248	248	248	248	248	248	248	248	248	248	248	248	248	248	248	248	248	248	248	248	248	248	248	248	248	248	248	248	248	248	248	248	248	248	248	248	248	248	248	248	248	248	248	248	248	248	248	248	248	248	248	248	248	248	248	248	248	248	248	248	248	248	248	248	248	248	248	248	248	248	248	248	248	248	248	248	248	248	248	248	248	248	248	248	248	248	248	248	248	248	248	248	248	248	248	248	248	248	248	248	248	248	248	248	248	248	238	230	173	122	122	151	124	129	135	123	139	185	250	250	248	248	249	248	247	242	241	247	247	248	248	248	248	248	248	248	248	248	248	248	248	248	248	248	248	248	248	248	248	248	248	248	248	248	248	248	248	248	248	248	248	248	248	248	248	248	248	248	248	247	246	239	224	201	148	136	142	199	246	248	246	248	248	248	248	248	248	248	248	248	248	248	248	248	248	248	248	248	248	248	248	248	248	248	248	246	246	246	246	245	246	246	245	246	246	246	246	245	245	245	245	246	245	246	245	245	245	245	245	245	245	245	245	247	247	247	247	246	246	246	246	246	246	246	246	246	246	246	246	246	246	246	246	246	246	246	246	246	246	246	246	246	246	246	246	246	246	246	246	247	247	247	247	247	247	247	247	247	244	244	246	246	244	245	246	246	246	246	244	245	245	245	245	244	246	246	244	245	245	245	245	245	245	245	245	245	245	245	245	246	246	244	244	246	245	245	246	246	246	246	246	244	244	244	244	243	243	245	243	246	246	246	246	246	246	246	246	246	246	246	246	246	246	245	245	245	245	245	245	246	246	246	246	246	246	244	245	245	244	244	244	244	246	245	244	244	244	244	244	244	244	244	244	244	244	244	244	244	244	243	243	243	243	243	244	245	245	245	245	245	245	245	245	245	245	245	245	245	245	245	245	245	245	245	245	244	244	244	244	245	245	244	243	243	241	241	241	243	242	243	243	243	242	242	242	243	243	243	243	243	243	243	243	243	243	243	243	243	243	243	243	242	242	242	242	242	242	242	241	240	240	240	241	240	240	241	241	240	240	240	240	241	240	240	240	240	240	240	240	241	241	241	241	243	243	243	243	243	243	243	243	241	240	240	240	241	241	241	241	240	240	240	240	241	241	241	241	241	241	241	241	241	240	240	240	240	240	240	240	240	240	240	240	240	240	240	240	240	240	240	240	239	239
241	241	241	241	242	242	242	242	242	243	243	243	242	244	244	244	244	244	244	244	244	244	244	244	243	243	243	243	243	243	243	243	243	243	243	243	243	243	243	243	243	244	244	244	244	244	244	244	244	244	244	244	244	244	244	244	245	244	245	245	245	244	245	245	244	244	244	244	244	245	245	244	245	245	245	245	245	245	245	245	246	246	245	245	245	245	245	245	245	245	245	245	245	245	245	246	244	244	244	244	243	243	243	243	243	243	243	243	244	244	243	244	245	245	244	244	245	245	245	245	244	244	244	245	247	247	244	245	246	246	246	246	247	246	246	247	247	247	247	247	247	247	247	247	247	247	247	247	232	228	223	244	240	234	214	217	233	246	246	247	247	247	247	247	244	244	245	245	244	244	245	245	248	248	248	248	248	248	248	248	248	248	248	248	248	248	248	248	248	248	248	248	248	248	248	248	248	248	248	248	248	248	248	248	248	248	248	248	248	248	248	248	248	248	248	248	248	248	248	248	248	248	248	248	248	248	248	248	248	248	248	248	248	248	248	248	248	248	248	248	248	248	248	248	248	248	248	248	248	248	248	248	248	248	248	248	248	248	248	248	248	248	248	248	248	248	248	248	248	248	248	248	248	248	248	248	248	248	248	248	248	248	248	248	248	248	248	248	248	248	248	248	247	247	247	248	248	248	248	248	246	247	247	247	248	248	248	247	248	246	248	248	248	247	247	248	247	249	249	247	248	248	249	249	248	248	249	250	250	250	247	239	226	208	177	130	115	110	148	119	123	130	122	131	166	214	208	199	200	198	195	198	201	220	245	246	248	248	248	248	248	248	248	248	248	248	248	248	248	248	248	248	248	248	248	248	248	248	248	248	248	248	248	248	248	248	248	248	248	248	248	248	248	248	248	247	231	211	206	192	154	122	126	129	157	234	248	246	248	248	248	248	248	248	248	248	248	248	248	248	248	248	248	248	248	248	248	248	248	248	248	248	247	247	247	247	247	247	247	247	246	246	246	246	246	246	246	246	246	246	246	245	245	244	246	246	246	245	245	246	246	246	246	246	246	246	246	246	245	246	246	245	245	245	246	245	245	246	246	246	245	245	245	247	246	245	245	246	246	246	246	246	246	246	246	246	245	245	245	245	247	247	247	247	247	247	247	247	247	247	247	247	247	247	247	247	247	247	247	247	246	246	246	246	245	245	245	245	245	245	245	245	245	245	245	245	247	245	245	245	246	246	246	246	247	246	246	247	246	246	247	247	245	245	245	245	247	247	247	247	246	246	245	245	246	246	246	246	245	245	245	245	245	245	245	245	245	245	245	245	245	245	245	245	245	245	245	245	245	246	245	245	244	246	245	245	245	245	245	245	245	245	245	245	245	245	245	245	244	245	245	245	245	245	245	245	245	245	245	245	245	245	245	245	245	245	245	245	245	245	245	245	244	244	244	244	244	244	244	244	243	243	243	243	241	242	242	241	243	243	242	242	244	244	244	244	243	243	243	243	243	243	243	243	243	243	243	243	243	242	242	243	242	242	242	242	242	242	241	241	241	240	240	241	240	242	241	241	241	241	242	242	242	242	242	243	243	243	243	243	243	243	243	243	243	243	243	243	241	241	241	241	241	241	241	241	241	241	241	241	241	241	241	241	241	241	241	241	240	240	240	240	241	241	240	240	240	239	240	239	239	239	240	239	240	240	240	240	239	240
241	241	242	242	242	242	241	241	242	243	243	242	243	242	242	243	243	243	243	243	243	243	243	243	243	243	243	243	243	243	243	243	243	243	243	243	243	243	243	243	244	244	244	244	244	244	244	244	244	244	244	244	243	243	243	243	244	244	244	245	244	244	244	245	245	245	245	245	245	245	245	245	245	245	244	244	244	244	244	244	245	245	245	246	246	246	246	245	245	245	244	244	245	245	245	245	245	245	245	245	244	243	243	243	243	243	243	243	244	245	244	245	245	245	245	245	245	245	245	245	244	244	243	244	244	246	246	244	246	246	246	246	247	248	248	247	247	247	247	247	247	247	247	247	247	247	247	247	233	233	212	234	238	243	209	208	235	246	246	247	247	247	247	247	245	245	244	244	245	245	245	245	248	248	248	248	248	248	248	248	248	248	248	248	248	248	248	248	248	248	248	248	248	248	248	248	248	248	248	248	248	248	248	248	248	248	248	248	248	248	248	248	248	248	248	248	248	248	248	248	248	248	248	248	248	248	248	248	248	248	248	248	248	248	248	248	248	248	248	248	248	248	248	248	248	248	248	248	248	248	248	248	248	248	248	248	248	248	248	248	248	248	248	248	248	248	248	248	248	248	248	248	248	248	248	248	248	248	248	248	248	248	248	248	248	248	248	248	248	248	246	245	247	248	248	248	248	247	248	248	247	246	247	248	248	248	248	248	247	247	248	248	248	248	247	248	244	240	239	240	238	231	230	228	227	220	218	212	212	203	179	155	141	135	117	111	119	95	131	116	117	120	116	115	135	191	180	171	191	196	200	200	210	227	245	248	248	248	248	248	248	248	248	248	248	248	248	248	248	248	248	248	248	248	248	248	248	248	248	248	248	248	248	248	248	248	248	248	248	248	248	248	247	241	226	205	184	177	146	116	109	123	110	106	126	210	250	248	248	248	248	248	248	248	248	248	248	248	248	248	248	248	248	248	248	248	248	248	248	248	248	248	248	248	248	248	248	248	248	248	246	246	246	246	246	246	246	246	246	246	246	246	245	245	244	246	246	246	245	246	246	246	245	246	246	246	246	245	246	246	246	246	246	246	246	245	245	245	245	245	245	245	245	245	245	245	245	245	247	247	247	247	247	247	247	247	246	246	246	246	247	247	247	247	247	247	247	247	248	248	248	248	247	247	247	247	247	247	247	247	246	246	246	246	246	246	246	246	246	246	246	246	246	246	246	246	247	247	247	247	247	247	247	247	247	247	247	247	247	247	247	247	247	247	247	247	247	247	247	247	245	245	245	246	246	246	246	246	246	246	246	246	246	246	246	246	244	245	245	244	246	246	246	246	246	246	246	246	245	245	245	245	244	245	245	245	245	245	245	245	245	245	245	245	245	245	245	245	245	245	245	245	245	245	245	245	245	245	245	245	245	245	245	245	245	245	245	245	245	245	245	245	244	244	244	244	242	244	244	244	242	244	244	243	243	242	242	242	242	242	242	242	244	244	244	244	244	244	244	244	243	243	243	243	244	244	244	244	244	244	244	244	242	242	242	242	243	243	243	243	242	242	242	242	240	242	242	240	242	242	242	242	243	243	243	243	243	243	243	243	243	243	243	243	241	241	241	241	241	241	241	241	241	241	241	241	241	241	241	241	241	241	241	241	240	240	240	240	240	240	240	240	241	241	240	241	240	239	240	240	240	240	240	240	240	240	240	240	240	240
241	241	241	241	242	242	241	242	242	243	243	242	243	242	243	243	243	243	243	243	243	243	243	243	243	243	243	243	243	243	243	243	243	243	243	243	243	243	243	243	244	244	244	244	244	244	244	244	244	244	244	244	243	243	243	243	244	244	245	245	245	245	245	245	245	245	245	245	245	245	245	244	244	245	244	244	245	244	244	245	245	244	245	245	246	246	246	246	244	244	244	244	246	246	245	245	244	245	245	245	244	244	244	243	243	243	243	242	244	245	245	245	245	245	245	245	245	245	245	245	244	244	244	244	245	245	245	245	246	246	246	246	247	247	247	247	247	247	247	247	247	247	247	247	247	247	247	247	234	230	211	239	243	240	203	198	228	247	246	246	247	248	247	247	243	245	245	245	245	245	245	248	248	248	248	248	248	248	248	248	248	248	248	248	248	248	248	248	248	248	248	248	248	248	248	248	248	248	248	248	248	248	248	248	248	248	248	248	248	248	248	248	248	248	248	248	248	248	248	248	248	248	248	248	248	248	248	248	248	248	248	248	248	248	248	248	248	248	248	248	248	248	248	248	248	248	248	248	248	248	248	248	248	248	248	248	248	248	248	248	248	248	248	248	248	248	248	248	248	248	248	248	248	248	248	248	248	248	248	248	248	248	248	248	248	248	248	248	247	247	247	247	247	247	248	249	249	249	249	249	250	246	244	242	243	238	232	229	225	219	212	209	211	208	200	192	184	183	189	175	175	187	195	187	175	174	192	194	189	171	171	192	198	195	174	173	196	110	132	110	116	119	114	116	143	181	180	207	213	214	205	201	217	236	247	248	248	248	248	248	248	248	248	248	248	248	248	248	248	248	248	248	248	248	248	248	248	248	248	248	248	248	248	248	248	248	248	248	247	248	247	238	221	199	187	160	126	100	94	100	114	128	126	126	109	171	244	248	248	248	248	248	248	248	248	248	248	248	248	248	248	248	248	248	248	248	248	248	248	248	248	248	248	248	248	248	248	248	248	248	247	245	246	247	247	246	247	247	246	246	246	246	245	248	236	219	247	246	245	246	246	246	246	246	246	246	246	246	246	246	246	246	246	246	246	246	246	246	246	246	246	246	246	246	246	246	246	246	247	247	247	247	247	247	247	247	247	247	247	247	248	248	248	248	248	248	248	248	247	247	247	247	247	247	247	247	247	247	247	247	246	246	246	246	246	246	246	246	246	246	246	246	246	246	246	246	247	247	247	247	247	247	247	247	247	247	247	247	247	247	247	247	247	247	247	247	247	247	247	247	245	245	245	245	247	247	247	247	247	247	247	247	246	246	246	246	246	245	245	246	246	246	246	246	246	246	246	246	246	246	246	246	246	246	245	245	245	245	245	245	245	245	245	245	245	245	245	245	245	245	245	245	245	245	245	245	245	245	245	245	245	245	245	245	245	245	245	245	245	245	245	245	244	244	244	244	244	244	244	244	244	244	242	244	243	243	243	242	242	243	242	242	244	244	244	244	244	244	244	244	243	243	243	243	244	244	244	244	244	244	244	244	242	242	242	242	243	243	243	243	242	242	242	242	242	242	240	241	241	241	241	241	243	243	243	243	243	243	243	243	243	243	243	243	241	241	241	241	241	241	241	241	241	241	241	241	241	241	241	241	241	241	241	241	240	240	240	240	241	241	241	241	241	241	240	241	240	240	240	240	240	240	239	240	240	240	240	240	240	240
242	241	242	242	241	241	242	242	243	242	242	243	243	243	243	243	243	243	243	243	243	243	243	243	243	243	243	243	243	243	243	243	243	243	243	243	242	243	242	243	244	244	244	244	244	244	244	244	244	244	244	244	243	243	243	243	244	245	245	245	244	245	245	245	245	245	245	245	245	244	244	244	245	245	244	245	245	245	245	244	245	246	245	245	245	245	245	245	244	244	244	244	244	246	245	245	245	245	245	245	242	243	243	243	243	243	243	244	245	245	245	245	245	245	245	245	245	245	245	244	243	244	244	244	245	246	246	246	246	246	246	246	247	247	247	247	247	247	247	247	247	247	247	247	247	247	247	249	225	217	209	236	234	225	196	215	229	247	245	247	248	248	248	246	245	246	245	244	244	245	247	247	248	248	248	248	248	248	248	248	248	248	248	248	248	248	248	248	248	248	248	248	248	248	248	248	248	248	248	248	248	248	248	248	248	248	248	248	248	248	248	248	248	248	248	248	248	248	248	248	248	248	248	248	248	248	248	248	248	248	248	248	248	248	248	248	248	248	248	248	248	248	248	248	248	248	248	248	248	248	248	248	248	248	248	248	248	248	248	248	248	248	248	248	248	248	248	248	248	248	248	248	248	248	248	248	248	248	248	248	248	248	248	248	248	249	249	250	250	250	249	246	243	242	238	233	223	222	216	206	198	188	192	191	179	179	188	185	175	163	178	196	193	175	173	200	212	198	177	182	208	216	192	176	192	219	219	197	179	197	220	217	193	176	196	215	217	163	133	107	109	111	101	126	143	175	202	208	211	208	208	217	219	244	247	248	248	248	248	248	248	248	248	248	248	248	248	248	248	248	248	248	248	248	248	248	248	248	248	248	248	248	248	248	248	248	248	249	247	235	220	199	179	154	122	87	105	138	117	111	122	143	131	145	111	127	221	250	248	248	248	248	248	248	248	248	248	248	248	248	248	248	248	248	248	248	248	248	248	248	248	248	248	248	248	248	248	248	248	248	247	247	247	247	246	246	244	244	246	246	247	248	245	235	182	146	235	247	246	245	247	245	247	246	246	247	246	246	246	246	246	246	246	246	246	246	246	246	246	246	246	246	246	246	246	246	246	246	247	247	247	247	247	247	247	247	247	247	247	247	248	248	248	248	248	248	248	248	247	247	247	247	248	248	248	248	247	247	247	247	246	246	246	246	246	246	246	246	246	246	246	246	246	246	246	246	247	247	247	247	247	247	247	247	247	247	247	247	247	247	247	247	247	247	247	247	247	247	247	247	246	245	245	245	247	247	247	247	247	247	247	247	247	247	247	247	246	245	246	246	246	246	246	246	246	246	246	246	246	246	246	246	245	245	245	246	246	246	246	246	245	245	245	245	245	245	245	245	245	245	245	245	245	245	245	245	245	245	245	245	245	245	245	245	245	245	245	245	245	245	245	245	244	244	244	244	242	244	244	244	244	244	244	244	244	244	243	241	241	241	242	242	244	244	244	244	244	244	244	244	243	243	243	243	244	244	244	244	244	244	244	244	242	242	242	242	243	243	243	243	242	242	242	242	242	242	242	242	241	241	241	241	243	243	243	243	243	243	243	243	243	243	243	243	241	241	241	241	241	241	241	241	241	241	241	241	241	241	241	241	241	241	241	241	240	240	240	240	241	241	240	240	241	241	240	240	239	239	240	239	239	240	239	239	239	239	240	240	239	240
241	242	242	242	241	242	242	243	242	242	242	242	243	243	243	243	243	243	243	243	243	243	243	243	243	243	243	243	243	243	243	243	244	244	244	244	243	244	244	244	244	244	244	244	242	242	244	244	244	244	244	244	244	244	244	244	244	244	244	244	244	244	244	244	244	244	245	245	244	245	245	244	245	245	245	244	244	245	244	244	245	245	245	245	245	245	245	245	244	244	244	244	243	245	245	244	245	245	244	244	244	244	244	244	244	244	244	244	244	244	244	244	244	244	244	244	245	245	245	245	244	245	245	245	246	246	245	245	245	246	245	246	247	247	247	247	248	248	248	248	247	247	247	247	247	247	247	248	229	227	217	229	227	230	198	202	229	248	246	248	248	248	245	245	245	245	243	243	245	248	248	248	248	248	248	248	248	248	248	248	248	248	248	248	248	248	248	248	248	248	248	248	248	248	248	248	248	248	248	248	248	248	248	248	248	248	248	248	248	248	248	248	248	248	248	248	248	248	248	248	248	248	248	248	248	248	248	248	248	248	248	248	248	248	248	248	248	248	248	248	248	248	248	248	248	248	248	248	248	248	248	248	248	248	248	248	248	248	248	248	247	247	247	247	247	247	246	247	249	249	246	247	247	248	248	248	247	246	249	249	250	248	246	244	243	238	230	217	214	208	197	196	195	186	171	178	188	179	161	175	198	198	181	177	193	208	197	180	188	207	209	185	178	197	212	200	179	185	208	216	194	174	187	216	221	197	175	190	214	223	197	178	187	214	220	217	191	161	146	107	111	116	113	131	151	185	205	206	201	189	218	206	201	245	247	247	248	248	248	248	248	248	248	248	248	248	248	248	249	249	249	249	248	248	248	248	248	249	249	249	248	248	248	248	248	248	245	234	216	196	177	142	105	102	97	132	159	138	105	126	139	146	137	152	129	112	178	243	248	248	248	247	248	248	248	248	248	248	248	248	248	248	248	248	248	248	248	248	248	248	248	248	248	248	248	248	248	248	248	248	247	247	247	247	247	246	247	247	247	247	241	224	202	168	115	118	192	248	246	245	246	246	246	246	246	247	247	247	247	247	247	247	246	246	247	247	247	246	246	247	247	246	247	245	245	245	246	246	247	247	247	247	246	246	246	246	247	247	247	247	248	248	248	248	248	248	248	248	248	248	248	248	248	248	248	248	247	247	247	247	247	247	247	247	247	247	247	247	246	246	247	247	247	247	247	247	248	248	248	248	246	246	246	246	246	246	246	246	247	247	247	247	247	247	247	247	247	247	247	247	247	247	247	247	247	247	247	247	246	246	246	246	246	246	246	246	245	245	245	245	247	247	247	247	247	247	247	247	247	247	247	247	246	245	246	246	246	246	246	246	246	246	246	246	247	244	244	245	245	245	245	245	245	245	245	245	245	245	245	245	245	245	245	245	245	245	245	245	245	245	245	245	244	244	244	244	244	244	244	244	244	242	242	244	244	244	244	243	244	244	243	243	244	244	244	244	244	244	244	243	243	243	243	243	244	244	244	244	242	242	243	242	242	242	242	242	242	242	242	242	242	242	242	242	242	242	242	242	244	244	244	244	243	243	243	243	242	242	242	242	242	242	242	242	241	241	241	241	241	241	241	241	241	241	241	241	241	241	241	241	241	241	241	241	240	240	240	241	241	240	240	240	240	240	241	241	239	239	240	240	240	240	240	240	239	240	240	240	241	241
242	242	241	242	242	242	242	242	242	242	243	242	243	243	243	243	243	243	243	243	243	243	243	243	243	243	243	243	243	243	243	243	243	243	243	243	244	244	244	244	244	244	244	244	243	243	244	244	244	244	244	244	244	244	244	244	244	244	244	244	244	244	244	244	242	244	242	244	244	245	245	244	245	244	245	245	245	245	244	245	245	245	245	245	245	245	245	245	245	245	245	245	245	244	244	245	245	245	245	245	245	245	245	245	245	245	245	245	244	243	243	243	243	243	243	243	245	245	246	246	246	246	246	246	245	245	244	244	246	246	246	246	246	246	246	246	248	248	248	248	247	247	247	247	247	247	247	249	224	201	212	240	243	239	200	215	232	247	245	248	248	246	245	245	245	244	245	245	248	248	248	248	248	248	248	248	248	248	248	248	248	248	248	248	248	248	248	248	248	248	248	248	248	248	248	248	248	248	248	248	248	248	248	248	248	248	248	248	248	248	248	248	248	248	248	248	248	248	248	248	248	248	248	248	248	248	248	248	248	248	248	248	248	248	248	248	248	248	248	248	248	248	248	248	248	248	249	248	249	249	248	249	249	249	249	249	249	249	249	249	247	248	247	246	248	248	248	247	247	247	247	249	249	247	246	246	240	235	229	225	220	208	199	196	185	178	190	184	173	176	188	189	179	184	198	194	186	190	208	205	183	181	199	208	191	174	190	211	204	183	174	198	214	199	176	182	207	216	188	170	185	208	220	199	175	182	208	218	205	172	179	206	220	217	212	178	165	201	157	106	102	114	135	138	151	186	203	203	200	215	216	167	194	247	249	247	248	248	248	248	248	248	248	248	248	248	248	248	249	249	249	249	249	249	249	249	248	249	249	249	248	248	248	248	240	228	210	194	173	137	105	92	135	145	126	157	159	117	129	145	155	144	137	146	140	107	134	216	249	246	249	248	248	248	248	248	248	248	248	248	248	248	248	248	248	248	248	248	248	248	248	248	248	248	248	248	248	248	248	248	248	248	248	248	247	247	249	246	234	213	191	174	165	135	112	112	145	235	249	248	247	247	247	247	246	246	247	247	247	247	247	247	247	247	244	246	247	247	246	247	247	245	246	245	246	247	247	246	246	246	246	245	247	247	246	246	247	247	248	247	247	247	247	247	247	247	247	247	247	247	247	247	247	247	247	247	247	247	247	247	247	247	247	247	247	247	247	247	247	247	247	247	248	248	248	248	247	247	247	247	246	246	246	246	246	246	246	246	248	248	248	248	246	246	246	246	247	247	247	247	247	247	247	247	247	247	247	247	246	246	246	246	246	246	246	246	246	246	246	246	247	247	247	247	247	247	247	247	247	247	247	247	246	246	246	246	246	246	246	246	246	246	246	246	247	247	247	247	246	246	246	246	245	245	245	245	245	245	245	245	245	245	245	245	245	245	245	245	245	245	245	245	245	245	244	244	244	244	244	244	244	244	244	244	245	245	245	245	245	245	245	245	244	244	244	244	243	243	243	243	243	243	243	243	244	244	244	244	242	242	242	242	242	242	242	242	242	242	242	242	242	242	242	242	244	244	244	244	244	244	244	244	244	244	244	244	241	241	241	241	241	241	241	241	241	241	241	241	241	241	241	241	241	241	241	241	241	241	241	241	241	240	241	241	241	240	240	240	241	240	240	241	240	241	240	241	240	240	241	241	241	240	241	240	240	240	240	240	242	242
242	242	242	241	242	243	242	242	242	243	243	243	243	243	243	243	243	243	243	243	243	243	243	243	243	243	243	242	244	244	244	244	243	243	243	243	244	244	244	244	244	244	244	244	244	243	242	244	244	244	244	244	244	244	244	244	244	244	244	244	244	244	244	244	243	244	244	243	244	244	245	245	244	244	245	245	245	244	245	245	245	245	245	245	245	245	245	245	245	245	245	245	245	245	245	245	245	245	245	245	245	245	245	245	245	245	245	245	244	243	243	243	244	242	242	244	245	246	246	245	246	246	245	245	244	244	244	244	246	246	246	246	246	246	246	246	248	248	248	248	247	247	247	247	248	248	248	248	231	225	212	239	239	233	194	221	234	248	245	248	248	246	246	246	245	244	246	246	248	248	248	248	248	248	248	248	248	248	248	248	248	248	248	248	248	248	248	248	248	248	248	248	248	248	248	248	248	248	248	248	248	248	248	248	248	248	248	248	248	248	248	248	248	248	248	248	248	248	248	248	248	248	248	248	249	249	249	249	249	249	249	249	249	249	249	249	249	249	249	249	249	249	249	249	249	248	246	246	246	249	247	248	249	249	249	249	249	249	249	249	247	244	248	247	248	248	250	249	245	244	240	229	222	216	200	194	192	193	193	190	190	194	190	189	190	193	189	188	196	193	187	196	200	189	180	190	204	197	177	183	203	206	182	175	194	215	200	176	179	206	212	194	174	185	212	215	194	170	185	210	220	200	175	176	202	218	212	184	167	190	214	214	215	203	161	176	204	203	159	111	109	124	135	142	157	184	199	199	197	217	180	159	198	247	248	248	249	249	249	249	249	249	249	249	249	249	249	249	249	249	249	249	249	249	249	249	246	248	249	249	245	235	221	220	207	197	170	126	104	115	114	142	167	129	141	168	139	123	135	150	151	133	136	144	142	124	113	166	245	247	248	248	248	248	248	248	248	248	248	248	249	249	249	249	248	248	248	248	248	248	248	248	248	248	248	248	248	248	248	248	248	248	248	248	245	238	224	202	185	170	151	120	104	129	123	77	121	223	250	248	245	245	245	245	247	247	245	245	247	247	247	247	247	245	245	247	247	247	247	245	247	246	246	247	247	247	247	247	245	247	247	245	247	247	245	245	247	248	247	247	247	247	247	247	247	247	247	247	247	247	247	247	247	247	247	247	247	247	247	247	247	247	247	247	247	247	247	247	247	247	247	247	248	248	248	248	247	247	247	247	247	247	247	247	247	247	247	247	248	248	248	248	246	246	246	246	247	247	247	247	247	247	247	247	247	247	247	247	246	246	246	246	246	246	246	246	246	246	246	246	247	247	247	247	247	247	247	247	247	247	247	247	247	246	246	247	247	247	247	247	246	246	246	246	245	245	245	245	246	246	246	246	246	246	246	246	245	245	245	245	245	245	245	245	245	245	245	245	245	245	245	245	245	245	245	245	244	244	244	244	244	244	244	244	245	245	245	245	245	245	245	245	245	245	244	244	243	243	243	243	243	243	243	243	244	244	244	244	242	242	242	242	242	242	242	242	242	242	242	242	242	242	242	242	244	244	244	244	244	244	244	244	244	244	244	244	243	243	242	242	241	241	241	241	240	240	241	241	241	241	241	241	241	241	241	241	241	241	241	241	241	240	241	241	241	240	240	241	240	240	240	241	240	241	240	240	240	240	240	241	241	240	240	240	241	240	240	241	241	241
242	242	242	242	243	243	242	242	242	242	243	243	242	243	243	243	243	243	243	243	243	242	242	243	243	243	244	243	244	244	244	244	243	243	243	243	244	244	244	244	244	244	244	244	243	243	244	244	244	244	244	244	244	244	244	244	244	244	244	244	244	244	244	244	243	243	243	243	244	245	245	245	245	245	245	245	245	244	245	245	245	245	245	245	245	245	245	245	244	244	244	244	245	245	245	245	245	245	245	245	245	245	245	245	245	245	245	245	244	242	242	244	244	244	242	244	245	246	246	246	246	246	246	245	244	244	244	244	246	246	246	246	247	247	247	247	248	248	248	248	248	248	248	248	248	248	248	248	226	221	220	227	238	245	215	221	233	248	247	248	248	247	248	248	246	245	245	247	248	248	248	248	248	248	248	248	248	248	248	248	248	248	248	248	248	248	248	248	248	248	248	248	248	248	248	248	248	248	248	248	248	248	248	248	248	248	248	248	248	248	248	248	249	249	249	249	249	249	249	249	249	249	249	249	249	249	249	249	249	249	249	249	249	249	249	249	249	249	249	249	249	249	249	249	249	245	243	243	236	246	249	249	249	249	249	249	249	249	250	251	241	216	239	240	234	228	214	207	202	199	193	190	192	192	189	192	198	197	194	192	190	193	194	188	186	191	190	183	187	196	194	181	177	197	206	187	171	190	209	201	176	176	204	212	195	171	180	209	214	191	176	191	212	215	189	170	182	212	219	206	179	173	197	215	217	196	170	176	205	215	212	215	190	163	188	211	213	204	183	151	140	137	140	152	162	193	203	193	198	177	163	168	198	247	249	247	249	249	249	249	249	249	249	249	249	249	249	249	249	249	249	249	249	249	249	249	249	249	243	234	222	212	176	168	151	118	109	100	154	160	132	162	147	123	163	162	124	131	139	147	144	129	133	146	148	140	117	141	214	249	247	246	249	249	249	249	249	249	249	249	249	249	249	249	249	249	249	249	249	249	249	249	249	249	248	248	249	249	249	249	249	249	242	230	201	188	182	161	137	108	82	102	123	135	107	75	94	189	250	247	247	247	247	247	247	247	246	246	247	247	247	247	247	245	245	247	247	247	247	247	247	247	247	247	247	247	247	247	247	247	247	247	246	246	247	247	247	247	247	245	247	247	247	248	247	247	247	247	248	248	248	248	248	248	248	248	248	248	247	247	247	247	247	247	247	247	247	247	247	247	247	247	248	248	248	248	247	247	247	247	247	247	247	247	247	247	247	247	247	247	247	247	246	246	246	246	247	247	247	247	248	248	248	248	247	247	247	247	246	246	246	246	246	246	246	246	246	246	246	246	247	247	247	247	247	247	247	247	247	247	247	247	247	247	247	247	247	247	247	247	247	247	247	247	246	246	246	245	246	246	246	246	246	246	246	246	246	246	246	246	245	245	245	245	245	245	245	245	245	245	245	245	245	245	245	245	244	244	244	244	244	244	244	244	245	245	245	245	245	245	245	245	245	245	245	245	244	244	244	244	243	243	243	243	244	244	244	244	242	242	242	242	242	242	242	242	241	242	242	242	242	242	242	242	244	244	244	244	244	244	244	244	244	244	244	244	242	241	243	243	241	241	241	241	241	241	241	241	241	241	241	241	241	241	241	241	241	241	241	241	240	240	240	241	241	240	240	241	241	240	241	241	241	240	240	240	240	240	240	241	241	239	241	240	240	240	240	240	241	241
242	242	242	242	243	243	243	243	243	243	243	243	243	243	243	243	244	243	243	243	243	244	243	243	243	244	244	244	244	244	244	244	244	244	243	243	244	244	244	244	244	244	244	244	244	244	244	244	244	244	244	244	243	243	242	242	244	243	244	244	244	244	244	244	243	243	244	244	244	244	244	243	244	245	245	245	245	244	245	245	244	244	244	244	244	244	245	245	245	244	244	244	244	244	244	245	245	244	245	245	244	244	244	244	244	244	245	245	244	244	244	244	244	243	243	243	244	244	244	244	245	245	245	245	245	245	245	245	245	245	245	246	247	247	247	247	248	248	248	248	245	245	246	247	248	248	246	248	222	222	204	223	224	240	215	228	233	248	247	247	247	248	248	248	248	248	248	248	248	248	248	248	248	248	248	248	248	248	248	248	248	248	248	248	248	248	248	248	248	248	248	248	248	248	248	248	248	248	248	248	249	249	249	249	249	249	249	249	248	248	248	248	248	248	248	248	249	249	249	248	249	249	248	248	249	249	248	248	248	248	248	248	247	247	248	247	248	249	249	249	249	249	249	249	247	235	235	243	234	246	248	248	249	248	249	249	245	243	234	225	204	173	185	186	188	187	185	191	193	194	194	196	198	194	194	194	192	188	187	196	193	188	189	190	185	178	191	200	189	178	181	205	204	179	173	193	207	192	171	180	204	213	188	170	186	212	215	186	173	194	215	213	191	167	184	209	221	211	185	171	195	213	218	203	176	173	200	214	214	212	205	171	173	205	214	213	210	210	187	145	145	151	151	157	168	188	199	197	181	137	165	173	200	247	249	249	249	249	249	249	249	249	249	249	249	249	249	249	248	249	249	249	249	249	249	247	243	232	223	216	217	183	99	91	103	140	141	143	176	133	145	168	127	150	176	135	128	145	143	147	151	139	135	141	147	144	135	130	170	242	249	247	249	249	249	249	249	249	249	249	249	249	249	249	249	249	249	249	248	248	249	248	248	248	249	249	247	248	249	247	236	218	199	181	169	151	117	99	106	104	114	152	136	133	105	107	84	144	243	247	246	247	247	247	247	247	247	247	247	247	247	247	247	247	247	247	247	247	247	247	247	247	247	247	247	247	247	247	247	247	247	247	246	246	246	245	246	247	247	247	247	246	247	247	247	247	247	247	247	247	247	247	247	247	247	247	247	247	247	247	247	247	247	246	247	247	247	247	247	247	247	247	247	248	248	248	247	247	248	248	248	248	248	248	248	248	248	248	248	248	248	248	247	247	247	247	248	248	248	248	248	248	248	248	248	248	248	248	247	247	247	247	246	246	246	246	245	245	245	245	247	247	247	247	247	247	247	247	246	246	246	245	246	246	246	246	247	247	247	247	246	246	246	246	246	246	246	246	247	247	247	247	247	247	247	245	246	246	246	246	246	246	246	246	246	246	246	246	245	245	245	245	245	245	245	245	244	244	245	244	245	244	244	244	245	244	245	245	245	245	245	245	245	245	245	245	244	244	245	245	243	243	243	243	243	242	242	242	242	243	242	243	243	243	242	242	242	242	243	243	242	242	242	243	244	244	244	244	244	244	244	244	242	243	243	242	241	241	241	241	242	242	242	242	243	241	241	243	241	241	241	241	241	241	241	241	241	241	241	241	240	240	240	240	240	240	240	240	241	241	241	241	241	241	241	241	241	240	240	241	240	240	240	241	241	241	241	241	241	241
242	242	242	242	242	242	242	243	243	243	243	243	243	243	243	243	243	243	243	243	243	243	244	244	244	244	244	244	244	244	244	244	244	244	244	244	244	244	244	244	244	244	244	244	244	244	244	244	244	244	244	244	243	243	243	242	243	242	244	244	244	244	243	243	243	243	244	244	243	243	243	243	243	243	243	243	244	244	244	244	244	244	244	244	244	244	244	244	245	245	245	245	244	244	244	246	244	244	243	242	243	243	244	244	244	244	244	243	243	243	244	244	244	243	243	243	244	244	242	242	244	244	244	244	245	245	245	245	245	245	245	245	246	246	246	246	248	248	248	248	246	246	246	246	246	246	245	248	225	226	213	232	231	227	215	226	233	248	247	247	248	248	248	248	248	248	248	248	248	248	248	248	248	248	248	248	248	248	248	248	248	248	248	248	248	248	248	248	248	248	248	248	248	248	248	248	249	249	249	249	249	249	249	249	249	249	249	249	248	248	248	240	229	228	231	233	235	239	242	245	247	248	248	248	249	249	249	249	248	248	248	248	248	247	249	248	248	248	246	247	249	249	249	249	245	230	236	245	241	247	247	249	246	240	225	207	196	194	182	178	180	167	177	192	190	190	193	197	202	199	194	191	193	192	185	183	192	192	187	185	191	191	182	185	197	200	179	171	191	210	197	176	176	203	209	190	171	183	210	212	184	170	191	215	212	184	175	193	215	218	197	173	182	211	220	214	188	176	197	215	215	209	184	170	191	213	212	212	214	192	164	188	212	212	212	211	208	201	168	164	160	157	155	161	171	191	187	180	143	134	171	177	203	248	248	249	249	249	249	249	249	249	249	249	249	249	249	249	249	249	247	248	248	246	241	229	221	217	215	218	208	108	76	105	153	169	135	175	163	124	172	151	133	173	155	133	144	161	146	148	154	144	141	145	149	147	159	134	146	215	251	249	249	249	249	249	249	249	249	249	249	249	249	249	249	249	249	249	248	248	248	248	248	248	248	250	248	240	227	209	192	180	160	124	101	83	101	145	151	115	141	144	136	125	103	127	89	110	216	251	249	249	249	249	248	248	248	248	248	248	248	248	248	248	248	248	248	248	248	248	248	248	248	248	246	246	246	247	247	247	247	247	245	245	244	246	245	247	247	246	247	245	247	247	247	247	247	247	247	247	247	245	247	247	247	247	245	247	245	245	247	247	247	245	247	247	247	247	247	247	247	247	247	247	247	247	248	248	248	248	248	248	248	248	248	248	248	248	248	248	248	248	248	248	248	248	247	247	247	247	247	247	247	247	247	247	247	247	247	247	247	247	247	247	247	247	246	246	246	246	247	247	247	247	247	247	247	247	245	245	245	245	246	246	246	246	246	246	246	246	246	246	246	246	246	246	246	246	246	246	246	246	246	246	246	246	247	247	247	247	245	245	245	245	246	246	246	246	246	246	246	246	245	245	245	245	244	244	244	245	245	245	245	245	244	244	244	244	244	244	244	244	244	244	244	244	244	244	244	244	242	242	243	243	242	242	241	243	243	243	243	243	244	244	244	244	244	244	244	244	244	244	244	244	244	244	244	244	242	242	242	242	241	241	241	241	241	240	240	240	241	241	241	241	241	241	241	243	241	242	242	242	241	241	241	241	240	241	240	240	241	241	240	241	240	241	240	240	241	241	241	241	241	241	241	241	241	241	240	241	240	240	239	240	241	241	241	241	242	242
242	242	242	243	242	243	243	243	243	243	243	243	243	243	243	243	243	243	242	244	243	243	244	244	244	244	244	244	244	244	244	244	244	244	244	244	244	244	244	244	244	244	244	244	244	244	244	244	244	244	244	244	244	244	244	244	244	243	244	244	243	243	243	243	243	243	244	243	243	243	243	243	243	243	243	243	244	244	244	244	244	244	244	244	244	244	244	244	244	245	245	245	246	246	246	244	244	244	244	244	244	244	244	244	244	244	244	243	243	244	244	244	244	243	243	243	244	243	244	244	244	244	244	244	245	245	245	245	245	246	245	245	247	247	247	247	248	248	248	248	246	246	246	246	246	246	246	248	222	216	220	232	226	222	186	214	229	248	248	247	248	248	248	248	248	248	248	248	248	248	248	248	248	248	248	248	248	248	248	248	248	248	248	248	249	249	249	249	249	249	249	249	249	249	249	249	249	249	249	249	249	249	249	249	249	249	249	249	249	247	233	218	210	207	207	211	209	210	210	216	221	225	231	236	237	239	241	241	245	246	247	247	249	249	249	249	248	248	247	247	249	249	249	249	248	245	246	241	235	246	238	223	206	188	177	176	177	180	188	195	194	180	183	193	195	198	196	197	194	195	195	190	188	191	197	191	181	189	198	185	181	193	203	191	173	173	199	208	190	172	183	206	206	182	170	193	216	211	178	172	196	220	213	185	181	199	214	217	201	174	177	204	220	218	191	173	188	209	215	215	197	173	185	207	215	213	212	212	182	170	200	212	213	216	212	212	202	171	189	182	170	165	162	167	183	177	166	156	133	142	174	169	202	248	248	250	250	250	250	250	250	250	250	250	250	250	250	250	248	250	250	248	242	230	221	221	218	218	218	222	160	65	107	133	173	149	155	181	133	154	175	133	160	178	149	151	162	172	147	151	155	147	146	150	156	152	169	153	140	177	244	248	249	249	249	249	249	249	249	249	249	249	249	249	249	249	249	249	249	249	249	249	250	250	244	236	220	199	189	172	150	117	94	105	130	121	147	163	132	119	149	130	139	133	112	139	113	89	172	248	249	249	249	249	249	249	249	249	249	249	249	249	249	249	249	249	248	248	248	248	248	248	248	248	247	246	246	247	247	247	247	245	244	247	244	245	245	247	245	245	247	247	247	247	247	247	247	247	247	247	247	246	247	247	247	247	245	247	247	247	247	247	247	246	247	247	247	247	247	247	247	247	247	247	247	247	248	248	248	248	248	248	248	248	248	248	248	248	248	248	248	248	248	248	248	248	247	247	247	247	247	247	247	247	247	247	247	247	247	247	247	247	247	247	247	247	247	247	247	247	248	248	248	248	248	248	248	248	245	245	245	246	245	245	245	245	246	246	246	246	246	246	246	246	246	246	246	246	246	246	246	246	246	246	246	246	246	246	246	246	246	247	247	246	246	246	246	246	246	246	246	246	246	246	246	246	245	244	244	244	245	245	245	245	245	245	245	245	244	244	244	244	245	245	244	244	244	244	244	244	242	242	241	242	243	242	242	243	243	243	243	243	244	244	244	244	244	244	244	244	244	244	244	244	244	244	244	244	242	242	242	242	241	242	242	241	241	242	240	240	240	240	240	240	243	243	243	243	241	243	243	242	241	241	241	240	240	241	240	240	241	240	240	241	241	240	240	241	241	241	241	241	241	241	241	241	241	241	241	241	241	241	240	240	241	241	241	241	243	243
242	242	242	242	243	243	242	243	243	243	243	243	243	243	243	243	243	243	243	243	243	243	244	244	244	244	244	244	244	244	244	244	244	244	244	244	244	244	244	244	244	244	244	244	244	244	244	244	244	244	244	244	244	244	244	244	244	243	243	243	243	243	243	243	243	243	243	243	244	243	243	243	243	243	243	243	244	244	244	244	244	244	244	244	244	244	244	244	245	245	245	245	245	245	245	245	244	244	244	244	244	244	244	244	244	242	243	242	243	242	242	244	242	243	243	243	243	244	244	242	244	244	244	245	245	245	245	245	246	246	246	245	247	247	246	247	248	248	248	248	244	246	246	247	245	245	247	247	227	219	223	247	236	227	201	209	231	248	248	248	248	248	248	248	248	248	248	248	248	248	248	248	248	248	248	248	249	249	249	249	249	249	249	249	249	249	249	249	249	249	249	249	249	249	249	249	249	249	249	249	249	249	249	249	249	249	249	249	244	228	210	208	198	195	192	192	193	196	193	199	204	204	207	207	206	208	209	210	211	216	222	225	230	234	240	244	246	247	249	247	250	249	249	249	249	248	244	232	213	206	192	189	189	186	183	191	193	189	197	195	189	183	193	208	201	191	194	195	197	188	186	197	194	188	189	193	192	182	185	204	205	187	172	184	208	207	181	172	193	214	199	174	175	199	220	204	175	175	202	220	211	181	175	202	217	217	202	174	173	204	218	218	203	176	182	209	219	218	210	182	176	203	215	218	216	219	213	180	182	206	213	215	216	215	215	206	178	199	207	188	177	175	173	185	185	164	148	142	141	140	169	167	203	247	248	248	250	250	250	250	250	250	250	250	250	250	250	250	250	246	239	231	224	224	221	221	220	221	224	209	92	96	125	167	177	140	186	168	139	184	160	139	183	169	145	154	174	170	152	156	158	152	152	155	158	154	164	173	147	158	219	249	249	249	249	249	249	249	249	249	249	249	249	249	249	249	249	249	249	250	246	240	234	227	211	195	189	165	132	111	115	111	138	166	150	130	163	157	119	152	148	139	138	136	120	142	132	88	133	235	250	249	249	249	249	249	249	249	249	249	249	249	249	249	249	249	249	249	249	249	249	249	249	249	247	247	247	247	247	247	247	248	247	236	209	240	247	247	247	247	247	247	247	247	247	248	247	247	247	247	247	247	247	247	247	247	247	247	247	246	247	247	247	247	247	247	247	247	247	247	247	247	247	247	247	247	248	248	248	248	248	248	248	248	248	248	248	248	248	248	248	248	248	248	248	248	247	247	247	247	247	247	247	247	247	247	247	247	247	247	247	247	247	247	247	247	247	247	247	247	248	248	248	248	248	248	248	248	245	245	245	245	246	246	246	246	246	246	246	246	246	246	246	246	246	246	246	246	246	246	246	246	246	246	246	246	246	246	246	246	247	247	246	246	246	246	246	246	246	246	246	246	246	246	246	246	245	245	245	245	245	245	245	245	245	245	245	245	244	244	244	245	244	244	245	244	244	244	244	244	242	242	244	242	244	242	242	242	243	243	243	243	244	244	244	244	244	244	244	244	244	244	244	244	244	244	244	244	242	242	242	242	242	242	242	242	242	242	242	242	241	241	240	240	243	243	243	243	243	243	243	242	241	241	241	241	241	241	241	241	240	240	240	240	240	240	240	240	241	241	241	241	241	241	241	241	240	240	241	241	240	241	239	240	241	241	241	241	243	243
241	242	242	243	243	243	243	243	243	243	243	243	243	243	243	243	243	243	243	243	243	244	244	244	244	244	244	244	244	244	244	244	244	244	244	244	244	244	244	244	244	244	245	245	244	244	244	244	244	244	244	244	242	244	244	243	244	243	243	243	243	243	243	243	243	243	243	243	244	244	243	243	243	243	243	243	243	243	244	244	244	244	244	244	244	244	244	244	245	244	244	244	244	244	244	244	244	244	244	244	243	242	244	244	244	243	244	244	244	243	243	244	243	243	243	243	242	242	244	244	245	245	244	246	246	245	245	245	245	246	245	245	246	245	245	246	248	247	247	247	247	247	247	247	245	246	247	247	230	223	218	241	236	238	209	210	236	248	245	247	248	248	248	248	248	248	248	248	248	248	248	249	249	249	249	249	249	249	249	249	249	249	249	249	249	249	249	249	249	249	249	249	249	249	249	249	249	249	249	249	249	249	249	249	249	249	248	243	227	215	206	202	190	187	184	183	186	185	182	188	192	192	191	191	189	190	193	192	193	193	193	196	198	200	204	207	211	214	219	225	232	237	241	241	230	216	200	186	183	191	185	184	195	202	198	190	190	193	195	194	192	196	193	187	191	194	191	188	196	197	189	185	192	194	188	184	192	208	199	178	174	193	212	198	174	175	199	214	197	170	175	203	218	205	172	174	200	221	214	183	172	199	217	218	206	180	175	201	219	221	215	191	179	201	219	218	216	200	173	194	216	217	215	217	216	205	177	194	213	212	218	217	215	215	207	179	203	213	205	194	187	182	191	189	162	152	140	146	143	140	157	165	203	247	248	249	250	250	250	250	250	250	250	251	251	250	249	245	237	231	226	226	227	225	221	223	223	225	224	154	80	125	148	187	156	167	192	146	165	187	150	170	185	156	157	171	183	173	161	167	168	162	161	164	163	157	165	181	172	155	189	241	250	250	248	250	249	249	249	249	249	249	249	249	249	249	249	249	245	233	221	206	188	189	182	155	127	104	127	164	163	133	169	169	132	153	169	140	135	167	145	144	121	131	122	145	142	102	111	206	251	249	249	249	249	249	249	249	249	249	249	249	249	249	249	249	249	249	249	249	249	249	249	249	245	245	248	248	248	248	242	227	208	168	144	228	250	247	247	247	247	247	247	247	247	247	247	247	247	247	247	246	247	247	247	247	247	247	247	248	248	247	247	247	247	247	247	247	247	247	247	247	247	247	247	247	247	247	247	247	247	247	247	247	248	248	248	248	247	247	247	247	248	248	248	248	247	247	247	247	247	247	247	247	247	247	247	247	247	247	247	247	247	247	247	247	247	247	247	247	248	248	248	248	248	248	248	248	246	247	246	245	247	247	247	247	248	248	248	248	246	246	246	246	245	245	245	245	246	246	246	246	246	246	246	246	246	246	246	246	247	246	246	246	247	247	247	247	247	247	247	247	247	247	246	246	245	246	246	246	245	245	245	245	245	245	245	245	245	245	245	244	244	244	244	245	244	244	245	245	244	244	244	244	244	244	245	244	244	244	244	244	244	244	244	244	244	244	244	244	244	244	244	244	244	244	244	244	244	244	244	244	243	243	243	243	243	241	242	242	241	241	241	241	241	241	241	241	241	241	241	242	241	241	241	241	241	242	241	241	241	241	241	241	241	241	241	241	241	241	241	241	241	241	241	241	242	242	242	242	241	241	241	241	241	241	241	241	243	242
242	242	242	243	243	243	243	243	243	243	243	243	243	243	243	243	243	243	243	244	244	244	244	244	243	243	244	244	243	243	243	243	244	244	244	244	244	244	244	244	244	245	245	245	245	245	244	244	244	244	244	244	243	243	243	243	244	243	243	244	243	243	243	243	243	243	243	243	243	243	243	243	243	243	243	243	243	243	243	243	243	242	243	244	244	244	244	244	244	244	244	243	243	243	243	244	244	243	243	243	243	243	244	244	243	243	243	243	244	243	242	243	243	243	243	243	243	242	242	244	244	244	246	244	246	246	246	246	245	245	246	245	245	245	246	246	247	247	246	246	247	248	248	247	245	245	247	247	227	233	211	233	242	246	208	211	238	248	248	248	248	248	248	248	249	249	249	249	249	249	249	249	249	249	249	249	249	249	249	249	249	249	249	249	249	249	248	248	249	249	249	249	249	249	249	249	249	249	249	249	249	249	249	249	249	248	239	225	216	211	199	198	184	182	179	177	177	175	177	181	183	181	181	180	175	175	181	180	178	178	177	180	188	188	189	191	191	194	191	191	189	195	201	203	201	189	183	188	192	189	192	192	193	195	192	196	191	191	194	191	188	195	195	189	188	194	196	189	184	196	200	189	181	190	208	208	190	173	182	204	214	187	172	187	210	216	189	171	182	210	222	202	174	171	201	222	213	183	179	194	216	221	213	188	171	197	215	218	215	198	176	189	215	221	218	212	185	182	210	219	220	217	219	219	198	180	206	218	217	218	220	218	221	205	184	209	218	217	212	200	190	193	190	167	152	149	148	151	151	150	167	169	200	249	251	250	250	250	250	250	251	251	250	250	249	246	237	230	227	228	228	228	230	227	227	227	227	229	208	88	109	142	185	181	154	198	174	153	194	177	159	194	172	166	178	184	185	176	167	173	176	173	171	173	167	164	175	188	191	152	168	222	251	250	248	249	249	248	248	248	250	250	248	250	249	249	241	227	215	209	212	173	140	129	119	130	152	144	179	179	143	158	176	158	141	167	168	131	167	164	149	143	127	130	121	155	153	134	108	170	243	249	248	249	249	249	249	249	249	249	249	249	249	249	249	249	249	249	249	249	248	248	250	249	247	250	248	244	232	209	192	173	165	129	114	194	250	247	247	247	247	247	247	247	247	247	247	247	247	247	247	247	247	247	247	247	247	247	247	247	247	247	247	247	247	247	247	247	247	247	247	247	247	247	247	247	247	247	247	247	247	247	247	247	247	247	247	247	247	247	247	247	247	247	247	247	248	248	248	248	247	247	247	247	247	247	247	247	247	247	247	247	247	247	247	247	248	248	248	248	247	247	247	247	247	247	247	247	247	247	247	247	247	247	247	247	248	248	248	248	247	247	247	247	246	246	246	246	246	246	246	246	246	246	246	246	246	246	246	246	246	246	246	246	246	246	246	246	247	247	247	247	246	246	246	246	247	246	246	246	245	245	245	244	245	245	245	245	245	245	245	245	244	244	244	244	244	244	244	244	244	244	244	244	245	245	245	245	244	244	244	244	244	244	244	244	244	244	244	244	244	244	244	244	244	244	244	244	244	244	244	244	243	243	243	243	242	242	242	242	242	242	242	242	242	241	241	241	240	240	240	240	241	241	241	241	241	241	242	241	243	241	241	243	241	243	243	243	241	241	241	241	241	241	241	241	243	243	243	243	241	241	241	241	241	241	241	241	241	241
242	243	243	243	243	243	243	243	243	243	243	243	243	243	243	243	243	244	244	244	244	242	244	244	244	244	244	244	243	243	243	243	244	244	244	244	244	244	244	245	245	245	244	244	245	245	245	245	244	243	244	244	243	243	243	243	244	244	243	243	243	243	243	243	243	243	243	244	243	243	243	243	243	243	243	243	243	243	243	243	243	244	244	244	244	244	244	244	244	244	244	244	244	244	243	243	243	243	243	243	243	243	243	243	243	243	243	243	243	244	242	243	242	243	243	244	244	244	244	244	244	245	245	245	245	246	246	245	245	245	246	246	246	246	246	246	246	247	247	247	247	247	247	247	247	247	247	248	224	216	214	236	236	229	191	196	234	249	248	248	249	249	249	249	249	249	249	249	249	249	249	249	249	249	249	249	249	249	249	249	248	248	249	249	249	249	248	248	249	249	249	249	249	249	249	249	249	249	249	249	249	249	249	249	245	236	222	216	207	204	192	195	180	177	175	174	172	170	173	173	174	174	173	174	169	166	171	169	168	169	166	167	179	182	182	181	177	177	175	178	185	191	191	198	198	197	194	189	189	191	191	195	193	192	192	198	193	188	194	199	192	187	187	197	197	187	188	200	199	181	178	199	215	203	181	174	192	214	211	184	171	192	215	211	183	168	185	216	222	197	171	177	203	222	216	188	174	195	218	221	216	195	174	189	216	224	221	209	185	185	207	219	219	221	200	180	194	221	219	219	221	225	219	194	191	215	222	222	223	224	222	220	208	192	214	218	216	215	211	203	198	200	182	163	160	163	166	167	168	167	179	181	205	241	241	242	242	242	242	242	242	244	242	238	231	226	224	225	223	223	223	223	225	223	222	223	224	226	167	115	154	173	198	175	186	202	166	187	201	167	191	197	183	184	204	190	189	185	177	180	183	180	182	184	177	175	183	190	189	166	160	196	245	251	251	251	250	251	251	251	250	251	251	245	236	227	218	212	214	217	199	114	97	123	164	190	166	164	191	173	145	182	176	142	168	182	152	153	182	158	155	142	134	131	125	161	163	157	120	144	227	248	248	249	249	249	249	249	249	249	249	249	249	249	249	249	249	249	249	249	249	248	250	250	244	232	209	194	183	174	165	141	124	130	127	165	247	250	248	248	248	248	248	248	248	247	248	247	247	247	247	247	247	247	247	247	247	247	247	247	247	247	247	247	247	247	247	247	247	247	247	247	247	247	247	247	247	247	247	247	247	247	247	247	247	247	247	247	247	247	247	247	247	247	247	247	248	248	248	248	247	247	247	247	247	248	248	248	247	247	247	247	247	247	247	247	247	247	247	247	248	248	248	248	247	247	247	247	247	247	247	247	247	247	247	247	248	248	248	248	247	247	247	247	247	247	247	247	247	247	247	247	246	246	246	246	246	246	246	246	246	246	246	246	246	246	246	246	247	247	247	247	246	246	246	247	247	246	246	246	245	245	245	245	245	245	245	245	245	245	245	245	245	245	244	244	244	244	244	244	244	244	244	244	245	245	245	245	245	245	245	245	244	244	244	244	244	244	244	244	244	244	244	244	244	244	244	244	244	244	244	244	242	242	242	242	242	242	242	242	242	242	242	242	241	241	241	241	240	240	241	241	241	241	241	241	241	241	241	241	243	243	243	243	242	242	243	242	241	243	241	241	241	241	241	241	243	243	243	243	241	241	241	241	241	241	241	241	241	241
242	243	243	243	243	243	243	243	243	243	242	242	243	243	242	243	243	244	244	244	244	244	244	244	243	243	243	244	243	243	243	243	244	244	244	244	244	244	245	244	245	244	245	244	245	245	245	245	244	243	244	243	243	243	243	243	244	243	243	243	243	243	243	243	243	243	243	244	243	243	243	243	243	243	243	243	243	242	242	244	245	244	244	244	244	244	244	244	244	244	244	244	244	244	244	242	242	243	243	243	242	244	243	243	243	243	243	242	244	243	243	243	243	243	244	243	244	244	244	244	244	244	244	245	246	246	246	245	246	246	246	246	246	246	246	246	246	247	247	247	248	248	248	248	247	247	247	249	217	203	213	230	236	236	203	214	234	249	248	248	249	249	249	249	249	249	249	249	249	249	249	249	249	249	249	249	249	249	249	249	248	248	249	249	249	249	249	249	249	249	249	249	249	249	249	249	249	249	249	249	249	249	249	243	227	222	211	206	198	197	185	192	172	171	171	170	170	167	167	172	169	166	164	166	165	162	163	163	160	161	162	163	172	175	172	169	172	177	183	195	198	197	192	195	197	194	193	194	192	189	195	195	198	201	192	192	198	195	187	189	200	201	189	185	195	202	191	176	187	208	216	195	170	179	201	214	202	177	169	192	217	209	178	166	189	218	222	195	170	174	206	224	216	195	174	191	216	221	218	200	175	184	214	225	223	218	194	182	202	220	222	224	217	191	190	212	220	223	224	228	228	213	191	187	197	197	196	197	194	193	191	189	185	189	190	189	190	190	187	187	185	189	185	186	187	190	193	192	192	191	198	196	200	207	209	209	211	211	212	212	212	213	211	208	208	205	204	205	203	201	201	203	203	202	203	203	202	203	202	204	202	201	203	201	204	201	201	204	201	201	203	203	203	204	203	200	203	201	201	203	200	200	200	200	200	198	200	200	199	197	193	202	221	230	230	233	235	235	236	238	238	236	229	218	212	214	214	214	212	218	160	104	154	165	192	190	162	189	193	159	173	191	170	158	186	176	144	185	176	164	163	145	137	134	131	171	169	161	146	131	198	248	248	249	249	249	249	249	249	249	249	249	249	249	249	249	249	249	249	249	250	248	239	221	205	185	178	172	153	129	107	105	122	138	119	167	244	250	248	248	248	248	248	248	248	247	248	248	248	248	248	248	247	247	247	247	247	247	247	247	247	247	247	247	247	247	247	247	247	247	247	247	247	247	247	247	247	247	247	247	247	247	247	247	247	247	247	247	247	247	247	247	247	247	247	247	248	248	248	248	247	247	247	247	248	248	248	248	248	248	248	248	248	248	248	248	247	247	247	247	247	247	247	247	247	247	247	247	247	247	247	247	247	247	247	247	248	248	248	248	247	247	247	247	247	247	247	247	247	247	247	247	247	247	247	247	246	246	246	246	246	246	246	246	246	246	246	246	247	247	247	247	246	246	246	246	247	247	247	247	246	246	246	245	245	245	245	245	245	245	245	245	245	245	245	245	245	244	244	244	244	244	244	244	245	245	245	245	245	245	245	245	245	244	244	244	244	244	244	244	244	244	244	244	244	244	244	244	244	244	244	244	242	242	242	242	242	242	242	242	242	242	242	242	241	241	241	241	240	241	241	241	241	241	241	241	241	241	241	240	241	242	242	241	242	241	243	243	241	241	241	241	240	241	241	241	243	243	243	243	241	241	241	241	241	241	241	241	241	241
243	243	243	243	243	243	242	243	243	243	243	243	243	242	242	243	244	244	243	242	244	244	244	244	243	243	242	242	244	244	244	244	244	244	244	245	244	245	245	245	244	244	244	244	244	244	244	244	243	243	243	243	243	243	243	243	243	243	243	243	243	243	243	243	243	243	242	243	243	243	243	243	243	243	243	243	243	244	244	244	244	244	243	243	243	244	244	244	242	242	244	244	244	244	244	244	244	244	243	243	243	243	243	243	243	243	243	243	244	244	244	244	244	244	244	244	244	244	244	244	246	246	246	246	245	245	245	245	246	246	246	246	246	246	246	247	248	248	248	248	247	247	247	247	247	247	247	247	233	224	216	245	242	236	202	228	237	249	248	248	248	249	249	249	249	249	249	249	249	249	249	249	249	249	249	249	249	249	249	249	249	249	249	249	249	249	249	249	249	249	249	249	249	249	249	249	249	249	249	249	250	248	240	229	219	209	203	202	192	195	180	189	168	167	167	170	166	162	163	169	166	163	161	160	157	156	157	156	155	158	161	167	165	174	181	189	193	188	194	190	192	201	195	195	205	202	197	199	195	193	197	198	195	195	197	197	193	197	192	195	191	194	200	191	185	182	199	212	206	185	173	185	210	211	193	179	177	201	219	201	182	173	197	222	217	193	173	176	207	225	216	197	178	182	212	227	218	200	185	188	214	228	226	222	203	188	199	224	228	228	225	212	198	208	229	228	226	230	233	230	215	196	194	192	190	192	192	193	193	195	195	195	196	193	196	193	193	195	193	195	195	196	198	198	198	199	199	199	197	199	203	204	205	205	208	207	208	208	209	209	210	209	209	209	211	212	211	211	208	210	207	209	211	209	209	212	208	208	207	209	209	210	208	209	208	211	211	208	208	210	206	208	210	212	212	210	210	210	213	214	213	212	211	211	213	211	212	210	211	211	215	212	211	214	214	212	212	214	214	213	214	212	210	209	208	207	205	205	205	203	202	201	202	199	202	201	197	201	200	191	197	197	185	191	196	185	182	197	182	184	180	167	164	159	159	185	181	175	173	136	178	239	250	248	249	249	249	250	248	248	249	249	248	249	248	249	249	249	247	240	230	216	200	193	180	153	138	126	122	132	126	154	145	138	107	147	235	250	247	247	248	248	247	248	248	248	248	248	248	248	248	248	248	248	248	248	248	248	247	247	247	247	247	247	247	247	247	247	247	247	247	247	247	247	247	247	248	248	248	248	248	248	248	248	247	248	247	247	247	247	246	246	247	247	247	247	247	247	247	247	247	247	247	247	247	247	247	247	247	247	247	247	247	247	247	247	247	247	247	247	247	247	247	247	247	247	247	247	248	248	248	248	247	247	247	247	248	248	248	248	247	247	247	247	246	246	246	246	246	246	246	246	245	245	246	246	247	247	247	247	247	247	247	247	245	246	246	246	246	246	246	246	247	246	246	246	247	247	247	247	246	246	246	246	247	247	245	245	245	245	245	245	244	244	244	244	245	245	244	244	244	244	244	245	245	245	245	245	245	245	245	245	245	245	244	244	245	245	245	245	244	244	244	244	244	244	244	244	244	244	244	244	244	244	244	244	242	242	242	242	242	242	242	242	242	242	242	242	241	242	242	242	242	242	242	242	242	242	242	242	241	241	241	241	242	243	242	243	243	241	241	243	242	241	241	243	243	243	244	244	241	240	240	241	241	241	241	241	242	242
243	243	243	244	242	243	244	243	243	243	243	243	243	243	242	243	244	243	243	244	244	243	244	243	243	243	243	243	244	244	244	244	244	244	244	244	244	244	245	245	243	243	243	243	244	244	244	243	243	243	243	243	243	243	243	244	243	243	243	243	243	243	243	243	242	243	243	243	243	243	243	243	243	243	243	244	244	243	243	244	243	244	243	243	244	244	244	244	243	244	244	243	243	244	244	244	244	244	243	243	243	243	243	243	243	243	243	244	244	244	244	244	244	244	244	244	244	244	244	246	246	246	246	246	246	246	246	246	246	246	245	246	247	247	247	247	248	248	248	248	247	247	247	247	247	247	247	248	230	228	226	228	232	245	217	223	235	249	248	248	249	249	249	249	249	249	248	248	249	249	249	249	249	249	249	249	249	249	249	249	249	249	249	249	249	249	249	249	249	249	249	249	250	250	250	250	250	250	250	250	247	236	226	213	210	201	198	197	189	193	180	186	168	166	166	169	164	159	161	164	164	162	162	160	156	154	157	163	174	176	180	182	176	193	195	198	195	191	196	198	200	206	201	201	201	197	200	196	192	198	199	194	189	191	204	207	193	182	189	204	201	186	173	190	212	212	188	176	180	203	221	206	183	174	196	216	218	197	174	183	205	222	214	187	176	191	215	227	220	192	173	196	222	229	223	209	187	189	214	223	222	219	215	191	193	220	223	218	215	214	208	205	216	221	219	218	222	219	203	208	214	202	197	199	189	190	186	175	169	160	162	161	159	157	155	154	152	152	152	153	151	150	150	148	149	150	150	149	171	159	152	155	157	160	162	163	165	167	167	167	168	168	168	167	166	166	165	165	164	200	171	158	160	160	160	160	160	160	159	159	158	158	158	157	160	160	160	160	159	160	185	162	157	159	161	162	164	165	166	167	169	171	175	177	178	181	183	184	186	189	193	200	195	195	200	205	212	202	206	205	208	209	209	208	209	208	208	208	210	210	211	208	208	211	208	209	212	211	208	208	208	208	208	207	205	205	205	202	206	203	201	202	198	203	200	200	199	198	196	193	197	215	224	227	228	230	233	233	235	236	239	239	239	242	245	243	241	231	217	205	200	191	173	143	132	124	132	168	178	158	156	162	151	163	137	136	218	250	247	247	248	250	247	248	248	248	248	248	248	248	248	248	248	248	248	248	248	248	248	248	248	248	248	247	247	247	247	247	247	247	247	247	247	247	247	247	246	246	246	246	246	246	246	245	246	247	247	246	245	247	247	247	247	247	247	247	247	247	247	247	247	247	247	247	247	245	247	245	247	246	247	246	247	247	247	247	247	248	248	247	248	248	248	248	248	248	248	248	247	248	248	248	247	247	247	247	247	247	247	247	248	248	247	247	246	246	246	246	246	246	246	246	245	245	245	245	247	247	247	247	247	247	247	247	246	246	246	246	246	246	246	246	246	246	246	246	247	247	247	247	246	246	246	246	247	247	247	247	246	246	245	245	244	244	244	244	245	245	245	245	245	245	244	244	244	244	244	244	245	245	245	245	245	245	245	245	245	245	245	245	244	244	244	244	244	244	244	244	244	244	244	244	244	244	244	244	242	242	242	242	242	242	242	242	242	242	242	242	242	242	242	242	242	242	242	242	242	242	242	242	243	243	243	243	243	243	243	243	242	241	241	243	243	241	241	243	243	244	244	244	243	242	241	241	241	241	241	241	243	243
243	243	243	244	244	244	243	243	243	243	242	243	243	243	243	243	243	244	244	244	243	243	244	243	243	243	243	243	244	244	244	244	245	245	245	244	245	245	245	245	244	243	243	244	244	244	243	243	243	243	243	243	243	243	243	244	243	243	243	243	243	243	243	243	243	243	243	243	243	243	243	243	243	243	243	242	244	244	244	243	244	244	244	243	244	244	244	244	243	244	244	243	244	243	243	244	244	243	243	243	243	243	244	244	244	244	244	244	242	242	244	244	244	244	244	244	244	246	246	246	246	246	246	246	246	246	246	246	246	246	246	246	246	246	246	247	248	248	248	248	248	247	247	248	247	247	247	248	232	226	218	228	227	238	220	225	234	249	248	248	249	249	248	249	249	249	248	248	249	249	249	249	249	249	249	249	249	249	249	249	249	249	249	249	250	250	250	250	250	250	250	250	250	250	250	250	250	250	250	250	235	218	217	209	206	196	193	195	186	190	178	183	163	163	163	163	161	158	159	161	162	162	162	165	167	173	183	190	186	190	195	187	188	193	196	196	196	197	200	203	201	195	198	205	202	192	199	202	207	194	188	196	209	203	188	182	200	210	194	176	179	203	220	206	183	175	191	215	218	197	176	181	208	222	216	187	172	185	211	220	213	189	167	181	204	206	200	198	191	186	208	215	202	185	190	200	205	212	212	212	192	186	200	216	222	221	220	220	201	209	223	226	225	224	226	227	227	227	218	226	228	214	206	209	202	202	191	178	153	139	145	142	145	146	148	151	154	154	157	157	157	157	160	163	166	167	166	165	195	183	174	180	180	180	183	183	184	184	187	187	187	187	187	187	186	185	185	186	181	209	187	183	183	183	183	183	180	179	180	180	179	179	178	178	178	178	176	175	173	169	203	176	170	170	166	166	168	166	163	162	163	163	163	163	163	162	163	163	161	161	164	198	166	165	165	181	208	172	167	165	163	163	163	162	161	161	159	159	157	159	156	175	173	161	162	165	168	171	176	179	181	183	186	189	193	195	199	199	200	204	205	206	203	207	205	209	210	211	207	208	212	206	212	211	210	210	210	210	211	212	212	212	211	214	214	214	211	205	206	203	200	188	168	173	188	179	179	191	182	161	178	170	169	181	168	137	200	250	250	248	250	250	250	248	248	248	248	248	248	248	248	248	248	248	248	248	248	248	248	248	248	248	248	248	248	248	247	247	247	247	247	247	247	247	247	247	247	247	247	247	247	247	247	247	247	245	247	247	247	247	247	247	247	247	247	247	247	247	247	247	247	247	247	247	247	247	247	247	247	247	247	247	247	247	247	247	247	247	247	247	248	248	248	248	247	247	247	247	247	247	247	248	247	247	247	247	248	248	248	248	247	247	247	247	246	246	246	246	245	246	246	246	246	246	245	245	247	247	247	247	247	247	247	247	247	247	247	247	246	246	246	246	246	246	246	246	247	247	247	247	246	246	246	246	246	246	246	246	245	245	245	245	245	245	245	245	245	245	245	245	245	245	245	245	244	244	244	244	245	245	245	245	245	245	245	245	244	244	244	244	245	245	245	245	244	244	244	244	244	244	244	244	244	244	244	244	242	242	242	242	242	242	242	242	242	242	242	242	242	242	242	242	242	242	242	242	242	242	242	242	242	242	242	242	244	244	244	244	241	242	242	242	242	242	242	242	243	244	243	243	243	243	241	241	243	243	242	241	243	243
243	244	243	243	243	242	243	243	243	242	244	243	243	242	243	242	243	243	242	244	243	243	243	243	243	243	243	244	244	244	244	244	245	245	245	245	245	244	244	245	244	243	243	244	244	244	243	243	243	243	243	243	243	243	243	243	243	244	243	243	243	243	243	243	243	243	243	243	243	243	243	242	242	243	243	243	244	244	244	244	243	244	243	243	244	244	244	244	244	243	244	244	244	243	243	243	242	243	243	244	244	244	244	244	244	244	243	243	243	243	244	244	244	244	244	245	246	246	246	246	246	246	246	246	246	246	246	246	246	246	246	246	246	246	246	248	248	248	248	248	247	247	247	247	247	248	248	248	235	232	216	231	233	226	215	225	234	249	248	248	248	248	249	249	249	249	249	249	249	249	249	249	249	249	249	249	249	249	249	250	250	250	250	250	250	250	250	250	250	250	250	250	250	250	250	250	250	250	250	250	228	214	209	200	202	191	190	192	182	186	175	180	161	161	161	161	158	158	160	162	159	162	171	186	194	198	189	192	193	195	196	198	198	195	199	204	205	202	193	197	203	202	194	193	203	208	200	185	188	206	210	194	182	191	215	209	188	176	194	216	221	196	173	173	198	214	213	197	172	175	191	200	193	193	190	188	202	197	175	173	188	209	217	220	215	185	179	203	217	226	222	220	212	199	209	220	221	220	220	223	218	220	221	224	223	223	225	228	229	229	228	228	227	227	230	227	228	228	231	229	227	226	221	219	212	214	206	202	183	176	181	180	180	181	180	180	181	182	183	184	186	185	185	183	185	187	186	185	204	195	191	192	194	195	195	195	195	195	197	198	198	198	197	198	199	198	198	198	196	213	198	195	197	197	197	197	196	195	197	197	195	195	194	194	193	193	192	192	194	186	207	192	190	190	190	191	190	189	192	191	190	191	192	192	192	192	192	193	190	192	191	209	191	193	192	200	213	195	195	189	190	190	190	187	187	185	184	182	179	179	169	186	189	168	170	165	165	162	159	156	153	153	150	149	149	147	145	144	147	147	150	162	169	147	150	158	163	163	172	178	181	208	199	196	200	202	205	208	210	210	210	209	213	215	213	210	211	212	212	207	205	207	208	206	205	200	206	203	200	198	197	196	197	195	195	177	197	231	238	240	241	244	245	247	248	249	248	250	248	248	248	248	248	248	248	248	248	248	248	248	248	248	248	248	248	248	248	248	248	248	248	248	247	247	247	247	247	247	246	247	246	245	247	247	247	247	247	247	247	247	247	247	247	247	247	247	247	247	247	247	247	247	247	247	246	246	247	247	247	247	247	247	247	247	247	247	248	247	247	248	248	248	248	248	247	247	247	247	247	247	247	248	247	247	247	247	247	247	247	247	247	247	247	247	247	246	246	245	245	247	247	245	246	246	245	246	247	247	247	247	247	247	247	247	247	247	247	247	247	247	247	247	246	246	246	246	247	247	247	247	246	246	246	246	246	246	246	246	246	246	246	245	245	245	245	245	245	245	245	245	245	245	245	245	244	244	244	244	245	245	245	245	245	245	245	245	244	244	244	244	245	245	245	245	245	244	244	244	244	244	244	244	244	244	244	244	242	242	242	242	242	242	242	242	242	242	242	242	242	242	242	242	242	242	242	242	242	242	242	242	242	242	242	242	244	244	244	244	241	242	243	242	242	242	242	242	243	243	243	243	242	242	241	241	243	243	243	242	243	244
242	243	243	243	244	242	243	243	244	243	243	242	243	242	243	242	243	243	242	244	244	244	244	244	244	244	244	243	244	244	244	245	245	245	245	245	245	244	245	245	243	243	243	243	244	243	243	243	243	243	243	243	243	243	243	243	243	244	243	243	243	243	243	243	243	243	243	243	244	244	243	243	243	243	244	244	243	244	243	244	243	243	243	243	243	243	244	244	243	243	244	244	243	243	244	244	244	244	244	244	244	244	244	242	243	244	244	244	244	244	244	244	244	246	246	244	246	246	246	246	246	246	246	246	246	246	246	246	247	247	247	247	248	248	248	248	249	249	249	249	247	247	248	247	248	248	248	248	228	226	229	238	234	225	197	218	233	249	246	249	249	249	249	249	249	249	249	249	249	249	249	249	249	249	249	249	250	250	250	250	250	250	250	250	251	251	251	251	250	250	251	251	251	251	251	251	251	251	251	248	221	207	204	194	197	188	186	186	179	182	173	180	157	159	159	159	159	156	165	177	187	187	185	199	197	198	198	198	197	197	194	196	201	206	207	200	197	198	203	199	193	200	212	206	191	193	204	216	203	186	191	209	219	206	180	169	184	204	201	198	185	178	191	179	177	165	189	204	207	213	189	174	186	206	219	219	219	209	199	208	216	215	218	215	217	216	220	218	219	219	219	221	223	226	225	224	222	224	223	225	224	224	224	224	227	226	228	226	227	228	229	228	228	226	228	231	231	228	228	228	229	227	224	218	214	217	212	208	189	184	186	186	185	186	186	187	186	186	186	188	188	187	189	189	189	192	190	189	207	195	195	196	197	196	197	197	197	198	198	199	200	200	200	200	201	201	201	200	197	216	197	199	200	200	200	200	199	199	199	199	196	196	196	196	195	195	195	195	197	191	209	197	196	193	194	194	195	194	194	192	192	192	193	194	195	195	195	197	194	195	196	210	193	194	197	202	215	198	198	196	196	196	196	195	196	196	194	194	194	193	191	197	198	192	192	192	192	191	189	189	188	188	187	187	186	186	184	183	183	181	177	181	192	168	168	166	164	163	160	158	163	207	170	158	160	160	162	162	162	165	167	188	171	171	175	180	185	185	189	194	198	198	204	204	205	207	208	209	210	211	205	208	210	207	204	206	204	205	207	210	211	213	216	221	224	226	231	233	236	239	242	245	247	247	248	249	249	250	249	249	248	248	249	248	249	249	248	248	249	249	248	247	248	248	248	248	248	248	248	248	247	247	247	247	248	248	248	248	247	247	247	247	247	247	247	247	247	247	247	247	247	247	247	247	248	248	247	247	247	247	247	247	247	247	247	247	248	248	248	248	247	247	247	247	247	247	247	247	247	247	247	247	246	247	247	246	247	247	247	247	247	247	247	247	247	247	247	246	247	247	247	247	246	246	247	247	247	247	247	247	247	247	247	247	247	247	247	247	247	247	247	247	247	247	247	247	247	247	247	247	247	247	247	246	246	246	246	246	246	246	246	246	245	246	246	246	245	245	245	245	244	244	244	244	244	244	244	244	245	245	245	244	245	245	245	245	244	244	244	244	245	245	245	245	245	245	245	244	244	244	244	244	244	244	244	244	244	244	244	244	242	242	242	242	244	244	244	244	244	244	243	243	244	244	243	244	242	242	242	242	242	242	242	242	243	244	243	243	242	243	243	243	241	241	242	242	243	243	243	243	242	241	241	242	242	242	242	242	242	243
243	243	243	243	244	243	243	243	244	244	244	243	244	244	244	244	243	243	244	244	244	244	245	245	244	244	244	244	244	245	245	244	245	245	245	245	245	245	245	245	243	243	243	243	243	243	243	243	243	243	243	243	243	243	243	243	243	243	243	243	243	242	242	243	243	243	243	244	244	243	243	242	244	244	244	244	243	243	243	244	243	243	243	244	244	242	244	243	243	244	244	244	243	244	244	244	244	244	244	242	242	244	244	242	244	244	244	244	244	244	244	244	246	246	246	246	246	246	246	246	246	246	246	246	246	246	246	246	246	246	246	248	249	249	249	249	249	249	249	249	247	247	247	247	248	247	247	248	232	229	230	248	239	231	212	216	237	249	248	246	248	249	249	248	249	249	249	249	250	250	250	250	250	250	250	250	250	250	250	250	250	250	250	250	251	251	251	251	251	251	251	251	251	251	251	251	251	251	251	248	218	201	201	189	191	185	184	182	174	187	173	178	156	159	156	166	174	183	194	199	197	196	194	198	195	194	197	197	196	196	202	202	198	197	200	206	205	192	196	215	218	195	189	195	210	216	208	192	183	191	191	185	198	201	209	212	181	172	176	199	210	212	209	193	188	200	211	208	210	212	214	214	217	215	212	215	218	220	222	223	222	223	224	224	224	226	227	227	227	227	228	229	230	229	227	227	227	227	229	230	227	230	229	227	226	227	227	228	229	229	230	231	228	227	227	227	227	229	229	229	229	227	221	221	218	217	213	209	192	188	189	191	189	191	191	191	191	191	191	194	191	190	192	193	192	193	193	190	211	198	196	199	198	198	198	198	198	198	199	199	200	199	199	200	200	200	200	200	199	217	199	198	198	198	198	198	201	201	200	201	199	198	198	198	196	196	196	196	196	192	211	198	196	196	194	194	193	193	193	193	192	193	195	195	195	195	195	196	200	197	194	210	194	196	197	202	215	197	200	199	200	198	197	197	196	196	196	196	197	197	192	203	202	193	195	194	196	193	193	193	192	192	192	190	191	191	191	191	190	190	186	192	205	190	189	187	190	190	189	189	191	212	195	189	188	187	186	185	185	186	174	201	185	177	174	173	170	166	161	158	157	154	154	153	152	155	159	162	162	168	190	181	184	188	196	200	203	205	207	209	212	214	211	211	210	212	210	215	215	214	219	219	223	227	230	234	236	240	243	244	248	248	248	248	249	249	250	250	249	248	248	248	248	248	248	249	249	249	249	249	248	248	247	247	247	247	247	247	247	247	247	247	247	247	247	247	247	247	247	247	247	247	247	247	247	247	247	247	247	247	247	247	247	247	247	247	247	247	247	247	247	246	247	247	247	247	247	247	247	247	247	247	245	247	247	245	245	247	245	245	248	248	248	248	248	248	248	248	247	247	247	247	248	248	248	248	248	248	248	248	247	247	247	247	247	247	247	247	247	247	247	247	247	247	247	246	247	247	247	247	247	247	247	247	247	247	247	247	246	246	246	246	247	247	246	246	245	247	247	245	245	244	244	244	245	245	245	245	245	245	244	244	244	244	244	244	245	245	245	245	245	245	245	245	245	245	245	245	245	245	245	245	244	244	244	244	245	244	244	244	244	244	244	244	244	244	244	244	244	244	244	244	244	244	244	244	242	242	242	242	242	242	242	242	242	242	242	242	244	244	244	244	242	242	242	242	243	243	243	243	242	241	241	242	242	242	242	242	242	241
244	243	243	243	243	242	242	243	243	243	244	243	244	243	243	244	242	244	243	243	244	244	244	244	244	244	244	244	245	245	244	244	244	244	245	245	245	244	245	244	243	243	243	243	243	243	244	243	243	243	243	243	243	244	244	243	243	243	243	243	243	242	243	243	242	243	244	244	242	243	244	243	242	242	244	242	243	243	243	244	244	244	244	244	244	244	244	244	243	242	244	244	244	244	244	244	243	244	243	242	244	244	244	242	244	244	244	244	244	245	245	245	246	246	246	246	245	245	246	246	246	246	246	246	246	246	246	246	246	246	248	248	249	249	249	249	249	249	249	249	247	247	247	247	248	247	247	248	238	235	235	247	242	236	209	201	215	236	242	247	248	248	248	248	248	250	250	250	250	250	250	250	250	250	250	250	251	251	251	251	251	251	251	251	251	251	251	251	251	251	251	251	251	251	251	251	251	251	250	248	212	197	197	187	190	185	182	181	178	184	169	178	178	180	185	194	193	194	194	191	187	190	189	194	199	200	199	203	206	200	197	197	211	216	197	186	196	198	206	209	209	196	199	198	191	209	224	230	218	203	200	208	218	218	218	214	211	211	213	210	211	212	212	217	218	218	217	218	221	223	224	224	224	224	226	227	227	227	227	229	227	227	230	230	227	227	229	230	227	227	227	229	227	229	230	230	230	230	227	227	226	227	227	229	227	229	229	229	230	230	230	230	229	230	230	230	230	230	229	229	227	224	221	220	220	220	215	210	193	190	192	193	192	192	193	193	193	193	193	193	194	194	194	197	195	194	197	191	209	197	194	198	198	198	198	199	199	199	199	199	200	200	200	200	200	200	200	200	197	216	200	198	199	199	197	198	199	199	200	199	197	197	196	195	196	195	194	195	192	191	209	197	196	198	194	194	194	192	194	194	194	194	195	197	196	196	196	196	197	194	194	210	190	195	198	204	219	200	199	199	200	198	198	197	199	199	197	197	197	197	193	202	203	193	194	194	196	196	196	196	195	195	194	194	193	193	194	194	194	194	190	194	205	190	192	191	192	191	192	192	194	218	198	194	193	194	195	196	194	196	187	205	197	194	195	195	193	195	194	191	191	190	188	187	183	180	176	172	166	156	186	167	155	155	154	152	154	156	159	160	167	174	179	191	211	199	203	206	211	211	215	221	220	223	224	224	224	227	227	227	230	228	230	233	236	237	239	239	244	245	247	248	249	249	250	249	249	249	249	249	249	250	248	248	248	248	248	248	248	248	247	247	247	247	247	247	247	247	247	247	247	247	247	247	247	247	247	247	247	247	247	247	247	247	247	247	247	247	247	247	247	247	247	247	247	247	247	247	247	247	247	247	247	247	247	247	247	247	247	247	248	248	248	248	248	248	248	248	248	248	248	248	248	248	248	248	248	248	248	248	247	247	247	247	247	247	247	247	247	247	247	248	245	245	245	247	248	248	248	248	248	248	247	247	247	247	247	247	246	246	246	246	247	247	247	247	246	247	247	245	245	245	244	244	245	245	245	245	245	245	245	245	244	244	244	244	244	244	244	244	245	245	245	245	245	245	245	245	245	245	245	245	245	245	245	244	244	244	244	244	244	244	244	244	244	244	244	244	244	244	244	244	245	244	244	244	242	242	242	242	242	242	242	242	242	242	242	242	244	244	244	244	242	242	242	242	244	244	244	244	241	241	241	242	242	242	242	243	242	242
244	242	242	244	243	243	242	243	242	243	243	243	243	244	243	243	242	244	243	243	244	244	244	244	244	244	244	245	244	244	244	244	244	245	245	244	244	244	245	244	243	243	243	243	243	243	244	243	243	243	243	243	243	243	243	243	243	243	243	243	243	243	243	243	243	244	244	244	244	244	243	243	243	244	244	243	243	243	243	242	244	244	244	244	244	243	243	244	244	244	244	244	244	244	243	243	243	243	244	244	244	244	243	243	244	244	244	244	244	245	245	245	244	245	245	245	245	245	246	246	246	246	246	246	246	246	246	246	247	248	248	248	249	249	249	249	249	249	249	249	247	247	247	247	248	248	248	247	236	232	220	214	208	203	197	193	208	217	223	223	229	241	244	248	250	250	250	250	251	251	251	251	251	251	251	251	251	251	251	251	251	251	251	251	251	251	251	251	251	251	251	251	248	248	250	250	250	250	249	247	208	190	192	184	190	178	183	185	190	187	185	196	201	201	201	198	196	194	195	197	201	203	194	193	195	203	214	203	186	188	182	193	208	218	209	199	204	200	215	228	229	223	219	219	225	226	226	226	224	227	228	227	226	224	224	227	224	227	227	227	229	224	225	228	227	227	227	230	227	227	230	232	230	228	228	230	230	229	229	229	229	229	229	229	227	227	227	229	230	230	230	231	230	230	230	229	228	227	227	227	227	224	223	224	221	218	215	212	209	208	206	203	196	197	197	195	192	192	192	194	197	199	220	221	219	220	217	214	194	192	196	195	197	198	199	199	200	200	202	202	203	202	203	203	203	203	197	202	215	207	205	209	208	208	209	209	209	211	211	211	210	212	211	211	212	213	212	212	209	218	204	210	210	210	210	210	209	209	209	209	209	209	209	207	208	208	206	206	204	206	211	209	203	200	206	203	205	204	204	203	202	202	203	203	203	203	200	200	200	200	200	212	197	197	200	204	216	199	199	197	197	198	197	197	197	196	196	196	197	196	193	202	205	193	196	194	196	196	196	196	195	196	195	195	193	194	194	195	196	195	192	196	206	193	193	192	192	192	193	193	195	216	198	195	196	195	196	195	197	194	188	209	198	196	196	195	196	197	198	196	197	195	195	195	195	194	192	190	190	178	203	196	193	191	191	193	188	186	181	178	177	173	170	181	205	164	161	161	176	178	166	174	177	185	194	200	208	212	216	222	223	226	226	226	228	227	226	226	226	228	230	232	233	235	238	240	240	243	246	247	247	249	249	250	250	249	249	248	248	248	248	248	248	248	247	247	247	247	247	247	247	247	247	247	247	247	247	247	247	247	247	247	247	247	247	247	247	247	247	247	247	247	247	247	247	247	247	247	247	245	245	247	247	247	247	247	247	247	245	246	248	248	248	248	247	247	247	247	248	248	248	248	248	248	248	248	247	247	247	247	247	247	247	247	248	248	247	247	247	247	245	245	245	245	245	245	246	248	248	248	248	248	248	247	247	247	247	247	246	246	246	246	247	247	247	247	246	246	245	245	245	245	245	245	245	245	245	245	245	245	245	245	244	244	244	244	244	244	244	244	245	245	245	245	245	245	245	245	245	245	245	245	245	245	245	245	245	245	245	244	244	244	244	244	244	244	244	244	244	244	244	244	244	244	244	244	242	242	242	242	242	242	242	242	242	242	242	242	244	244	244	244	242	242	242	242	244	244	244	244	242	242	243	242	242	240	242	243	242	241
243	244	244	244	244	244	243	244	244	244	244	243	244	244	244	244	244	244	243	244	245	245	244	244	245	245	245	245	245	245	245	245	244	244	245	244	244	245	244	244	244	244	244	244	243	243	243	243	243	243	243	243	243	243	243	243	243	243	243	243	243	243	244	244	244	244	243	243	244	244	244	244	243	243	242	242	244	244	243	244	244	244	244	244	244	242	242	244	244	244	242	244	242	242	244	244	244	244	244	244	244	244	243	244	246	246	244	244	246	246	246	247	247	247	247	246	247	247	247	247	248	248	248	248	248	248	248	248	248	248	248	248	249	249	249	249	248	248	248	248	248	248	247	245	242	236	230	224	218	216	211	211	215	217	217	217	213	210	217	214	218	220	220	225	234	244	249	251	251	250	250	250	248	250	251	250	251	248	251	251	251	251	251	251	251	251	251	250	249	248	247	248	247	247	247	247	249	250	250	246	207	187	184	180	182	186	195	207	207	195	201	206	199	197	206	213	200	187	185	205	217	190	189	190	183	200	219	222	205	207	205	217	225	226	225	223	223	227	229	227	228	228	231	231	230	232	232	232	233	230	231	229	230	230	229	230	230	230	230	230	232	230	233	229	231	232	230	231	231	231	231	232	231	230	230	230	231	231	229	227	229	229	228	228	226	226	223	223	221	215	212	212	212	209	206	206	202	205	204	206	203	203	203	206	203	206	206	204	208	212	213	213	215	215	219	220	222	220	222	220	218	217	224	220	218	221	221	221	218	218	221	221	221	221	221	221	224	224	224	224	224	223	223	223	224	224	209	224	227	221	223	222	224	224	223	223	225	224	224	224	224	224	223	222	220	223	223	222	219	221	210	221	220	219	219	221	222	222	222	222	223	223	223	223	223	224	223	221	223	223	222	226	214	206	221	218	222	223	224	224	224	221	221	221	223	222	221	221	224	224	222	225	220	220	217	211	219	211	214	215	215	215	215	215	214	214	213	213	210	210	207	212	211	205	204	205	208	205	200	200	202	203	203	201	200	200	199	197	199	199	194	197	208	196	195	193	197	197	195	194	195	219	200	197	194	194	196	197	198	199	192	207	200	198	198	198	197	198	198	198	197	196	196	195	195	195	192	192	192	183	202	195	194	193	193	194	196	196	195	196	194	194	194	200	213	196	193	187	190	198	184	184	181	180	175	172	169	169	167	169	171	178	182	184	192	202	213	209	216	221	224	227	230	228	228	228	228	226	228	228	232	233	236	237	239	241	245	247	249	249	249	250	250	248	248	248	248	248	248	248	248	248	247	247	247	247	247	247	247	247	248	248	247	247	247	247	247	247	247	247	248	248	247	247	247	247	247	247	247	247	247	247	247	247	247	247	247	247	247	247	248	248	248	248	248	248	248	248	248	248	248	248	248	247	247	246	247	248	247	246	247	247	247	247	247	247	247	247	247	247	245	245	245	245	245	245	246	248	248	248	246	246	248	248	248	247	247	247	247	247	247	247	247	247	247	247	247	247	247	247	247	246	246	246	246	246	246	246	245	245	244	244	244	244	245	245	245	245	244	244	245	245	245	245	245	245	245	245	245	245	245	245	245	245	245	245	245	245	245	245	243	243	243	243	244	244	244	244	244	244	244	244	244	244	244	244	244	244	244	243	242	242	242	242	243	243	243	243	244	244	244	244	244	244	244	244	244	244	244	244	242	242	243	243	242	242	243	242	241	241
244	244	244	244	245	245	244	244	244	244	244	244	245	245	245	245	244	244	244	244	245	245	245	245	245	245	245	245	245	245	246	246	244	245	245	245	244	244	245	244	244	244	244	244	243	243	243	243	243	243	243	243	243	243	243	243	243	243	243	243	244	243	244	244	244	244	244	244	244	244	242	243	243	243	243	243	243	243	243	243	243	243	243	243	244	244	244	244	244	242	242	244	244	244	244	244	244	244	244	244	245	245	246	246	246	246	246	246	247	247	247	247	246	246	246	246	246	246	246	246	249	249	249	249	249	249	249	249	249	249	248	248	249	249	249	249	248	248	248	247	241	235	229	224	221	219	220	221	224	225	226	225	224	218	209	205	217	220	219	218	217	217	216	215	212	215	220	231	240	246	250	249	250	250	250	251	250	250	251	248	251	251	248	248	247	247	247	247	247	246	247	248	247	247	249	248	252	252	253	246	205	194	196	195	201	209	200	204	209	215	212	199	199	210	218	201	205	193	202	221	230	215	216	210	219	224	225	225	226	227	228	227	227	229	230	232	232	232	232	232	232	232	232	232	233	233	232	230	231	231	233	233	233	232	232	233	232	232	232	232	234	234	233	233	230	230	229	229	224	224	224	222	222	217	211	210	208	208	209	209	208	209	211	214	216	219	222	222	218	215	216	222	225	222	220	222	221	218	218	212	212	210	208	199	197	197	191	188	185	180	177	172	164	164	161	158	158	155	150	136	126	152	221	220	191	197	197	194	195	195	192	191	191	189	189	186	182	179	176	173	172	169	166	166	160	167	190	167	158	160	158	155	158	158	155	155	153	151	149	149	145	144	144	143	140	137	137	137	139	200	155	128	132	136	135	138	137	137	137	137	141	142	140	139	140	144	142	141	141	140	141	143	158	186	152	150	155	155	157	158	159	161	164	166	170	171	174	176	179	182	183	184	182	186	188	194	214	195	197	201	200	203	206	208	211	212	214	215	218	221	221	221	218	218	219	221	221	224	212	209	225	225	225	224	224	224	224	224	221	221	218	219	219	213	213	212	209	209	208	206	203	217	206	201	201	199	199	198	198	198	192	210	198	197	198	199	199	198	199	198	198	198	196	195	195	195	195	195	195	184	202	196	194	194	196	197	197	197	197	197	198	199	194	202	214	197	195	190	193	202	195	196	197	199	199	199	199	198	196	193	192	188	183	181	177	166	197	168	168	170	173	174	182	189	198	205	213	216	220	223	227	227	228	224	227	226	226	228	230	232	236	236	240	244	248	249	249	249	249	249	250	249	248	248	248	248	248	248	248	248	248	248	247	247	247	247	247	247	247	247	247	247	247	247	247	247	247	247	247	247	247	247	247	247	247	247	247	247	247	247	248	248	248	248	248	248	248	248	248	248	248	248	247	246	246	248	247	236	240	246	248	248	248	248	248	247	247	247	248	247	245	245	245	245	245	245	246	248	246	248	246	248	248	248	248	248	248	248	248	248	247	247	247	247	247	247	247	247	247	247	247	246	246	246	246	246	246	246	245	244	244	244	244	244	244	245	245	245	245	244	245	245	245	245	245	245	245	245	245	245	245	245	245	245	244	244	245	245	245	245	242	244	242	244	245	245	245	245	245	245	243	243	244	244	244	244	244	244	244	244	242	242	242	242	244	244	244	244	244	244	244	244	244	244	244	244	242	242	242	242	242	242	242	242	242	242	242	242	242	242
244	244	244	244	244	244	244	244	244	244	244	244	245	245	245	245	245	245	244	244	245	245	245	245	245	245	245	245	245	245	246	246	245	245	245	245	245	244	245	245	245	244	244	244	243	243	243	243	243	243	243	243	243	243	243	243	243	243	244	244	244	242	243	243	243	244	244	244	244	243	243	243	243	243	243	243	243	243	243	243	243	243	243	244	244	244	244	244	244	244	244	244	244	244	244	244	244	244	244	244	245	245	245	245	246	246	245	245	246	246	246	246	246	246	248	248	246	248	248	246	249	249	249	249	249	249	249	249	249	249	248	248	249	249	248	246	239	236	232	229	224	223	224	227	227	229	226	219	211	206	205	188	183	182	183	188	190	199	210	217	222	223	220	216	212	214	213	218	220	221	228	236	245	252	251	250	249	251	250	251	251	250	248	246	245	245	245	246	248	248	249	250	250	249	250	251	246	243	237	223	210	206	209	215	219	203	204	219	222	217	218	212	221	230	229	225	220	223	225	223	227	229	230	230	228	229	231	231	232	232	229	230	232	232	232	232	232	232	232	232	232	232	232	232	232	232	232	232	232	232	232	231	232	230	229	226	223	220	217	214	211	211	210	207	203	204	205	208	210	212	215	216	217	215	216	218	220	220	219	219	217	211	209	205	197	191	185	176	173	172	165	163	159	154	150	142	143	146	147	146	141	138	140	125	136	140	142	148	151	154	158	148	147	156	156	162	165	163	166	163	154	177	224	212	101	91	106	110	113	112	112	112	114	114	111	110	108	108	109	109	112	109	106	102	95	98	161	87	86	105	111	114	118	118	118	118	121	120	117	115	113	113	116	116	113	111	105	92	83	188	113	80	100	110	111	109	110	110	110	110	109	108	105	105	106	108	106	104	101	99	87	71	101	147	71	88	98	97	99	100	98	96	96	96	94	94	95	96	96	98	98	96	94	87	75	116	189	98	98	105	111	111	112	112	118	118	119	120	121	122	124	126	127	127	133	130	136	134	158	177	152	154	159	167	170	174	180	186	191	197	198	203	206	209	212	213	215	217	221	221	209	212	218	218	220	221	221	221	218	220	214	219	214	213	212	211	210	210	208	208	206	204	198	197	200	199	196	196	198	189	203	197	195	195	195	197	197	197	198	198	199	199	197	203	214	197	198	190	196	205	196	198	198	198	198	198	198	199	199	200	198	198	198	198	197	186	211	198	197	197	195	193	187	182	177	172	169	169	169	171	177	180	195	225	204	211	218	222	225	226	226	226	226	225	228	232	233	234	236	239	242	245	248	248	249	249	249	249	248	248	248	248	247	247	247	247	247	247	247	247	247	247	247	247	247	247	247	247	247	247	247	247	247	247	247	247	248	248	248	248	248	248	248	248	248	248	248	248	248	248	248	248	248	243	234	235	234	219	233	248	248	248	248	248	248	247	247	245	247	247	247	247	247	245	245	244	245	245	245	246	246	248	246	246	246	248	248	248	248	248	247	247	248	247	247	247	247	247	247	247	247	247	246	246	246	246	246	246	245	245	245	245	245	245	245	245	245	245	245	245	245	245	245	245	245	245	245	245	245	245	245	245	245	245	244	244	245	245	245	245	244	244	244	244	245	245	245	245	243	243	243	243	244	244	244	244	244	244	244	244	242	242	242	242	244	244	244	244	244	244	244	244	244	244	244	244	242	242	242	242	242	242	242	242	242	242	242	242	242	242
244	244	244	244	244	244	244	244	244	244	244	244	245	245	245	245	245	245	244	244	245	245	245	246	245	245	245	245	245	245	246	246	245	245	245	245	245	245	244	245	244	244	244	244	243	243	243	243	243	243	243	243	243	243	243	243	243	243	244	243	243	244	243	243	243	244	244	243	243	243	243	243	243	243	243	243	243	243	243	243	243	243	243	244	244	244	244	244	244	244	244	244	244	244	244	244	244	244	244	244	244	244	245	245	246	246	245	245	246	246	246	246	246	248	248	248	247	247	246	247	249	249	249	249	249	249	249	249	249	249	248	246	240	238	237	234	232	232	232	229	228	225	213	202	192	184	176	177	177	187	208	193	194	195	195	198	196	195	194	194	199	208	214	218	220	220	216	218	215	216	218	218	213	216	229	241	249	252	252	252	252	251	250	249	248	248	250	251	251	252	252	250	249	246	234	220	217	219	223	213	207	220	224	220	221	221	227	230	232	229	228	232	232	230	230	232	231	230	229	233	231	232	234	233	234	232	232	232	232	232	232	232	232	232	232	232	233	233	232	232	232	232	229	228	226	223	220	219	216	213	210	208	207	208	209	209	211	214	215	217	220	223	224	222	223	220	215	210	204	197	190	185	178	175	170	164	161	157	152	147	140	148	145	146	148	147	147	139	145	153	153	158	162	163	169	160	164	177	176	174	176	175	176	171	176	179	179	179	181	174	174	176	174	171	172	178	174	168	169	172	173	182	223	212	110	107	106	114	116	116	117	117	119	118	118	117	116	115	115	113	113	113	113	110	113	119	166	85	88	106	116	117	117	119	120	120	122	122	120	117	117	116	117	118	114	109	110	100	86	187	111	89	105	111	111	111	112	113	112	112	114	114	112	111	110	110	109	107	101	99	88	74	110	150	86	98	102	102	102	103	103	103	103	102	98	98	100	102	104	105	100	95	90	77	59	119	188	91	106	108	110	110	108	108	109	109	107	106	103	103	103	104	102	97	97	85	72	54	113	131	81	88	89	92	92	92	94	93	95	99	99	102	104	110	108	113	117	118	126	120	135	200	163	156	159	165	172	178	184	192	198	197	203	206	210	213	217	216	216	216	218	224	212	211	223	222	219	217	217	214	217	214	208	207	206	207	204	201	201	201	201	201	196	204	215	200	199	189	195	205	196	196	197	197	197	198	197	196	198	198	197	197	198	198	196	187	210	200	203	202	202	203	203	203	203	203	203	200	196	193	187	177	182	221	174	166	166	172	175	182	192	199	209	218	222	221	225	229	223	226	227	227	228	230	235	240	243	246	248	249	249	249	248	248	248	247	247	247	247	247	247	247	247	247	247	247	247	247	247	247	247	247	247	247	247	247	247	247	247	247	248	248	248	248	248	248	248	248	248	248	248	248	246	243	223	189	184	201	235	248	247	247	247	247	248	248	248	247	247	245	245	245	245	245	245	244	243	245	245	245	245	245	245	246	246	248	248	248	248	248	248	247	248	247	247	247	247	247	247	247	247	246	246	246	246	246	246	246	247	247	245	245	245	245	244	244	245	245	245	245	245	245	245	245	245	245	245	245	245	245	245	245	244	244	245	245	245	245	245	245	244	244	244	244	244	244	244	244	244	244	244	244	244	244	244	244	244	244	244	244	242	242	242	242	244	244	244	244	244	244	244	244	244	244	244	244	242	242	242	242	242	242	242	242	242	242	242	242	242	242
243	244	244	244	244	244	245	245	245	245	245	245	245	245	245	245	245	245	243	244	245	245	245	245	245	245	245	245	245	245	245	245	245	245	245	244	245	244	244	245	244	244	244	244	243	243	243	243	243	243	243	243	243	243	243	243	243	244	243	242	243	243	243	243	243	244	244	244	244	244	244	243	243	243	243	242	243	244	244	243	244	244	243	244	244	244	244	244	244	244	244	244	244	244	244	244	245	245	245	245	245	246	247	247	247	247	247	247	247	248	248	248	248	248	248	248	247	248	247	247	248	248	248	248	248	248	245	242	242	238	236	236	237	237	237	234	222	210	198	188	179	175	177	187	193	201	206	206	207	208	218	196	192	195	198	196	195	196	197	197	202	201	200	203	204	211	216	220	222	218	214	212	203	203	202	201	208	226	241	250	249	249	252	250	249	250	251	250	245	239	235	230	233	215	206	212	217	217	225	225	229	232	232	231	231	231	230	230	233	232	233	235	232	232	232	231	233	231	233	231	233	232	234	233	232	234	233	231	231	233	230	230	229	228	227	225	223	221	218	217	216	215	212	212	213	213	217	217	219	219	221	224	222	221	218	217	215	210	204	201	193	188	180	172	162	157	156	153	155	154	154	153	146	157	163	164	168	171	175	173	170	180	180	185	185	185	186	182	182	183	181	183	181	183	185	178	177	182	185	179	178	179	179	179	179	181	181	179	181	177	176	182	182	176	176	179	176	170	169	166	164	177	226	214	114	85	82	100	115	115	115	115	113	113	113	113	110	109	110	111	110	110	109	106	99	92	169	94	69	91	107	109	109	110	112	112	111	112	113	112	112	111	111	109	108	106	108	95	77	186	105	83	99	102	102	102	103	102	101	102	101	101	102	102	98	98	98	98	97	89	75	58	126	150	87	97	98	98	99	99	101	101	101	101	101	98	97	97	97	97	91	91	73	53	68	137	191	102	102	103	101	103	105	107	107	106	103	101	104	104	103	104	98	93	90	80	56	69	137	135	89	98	101	99	97	98	101	101	103	103	101	101	100	98	98	101	99	84	64	58	87	199	120	98	103	103	102	103	105	106	108	110	111	114	117	120	123	124	127	135	138	138	173	176	168	174	183	192	195	200	204	213	217	218	219	220	224	222	220	217	219	217	210	207	216	207	208	203	205	210	204	201	200	199	199	199	199	198	198	196	196	197	196	196	197	186	208	197	201	201	201	201	203	201	202	203	203	203	203	203	202	196	190	223	203	200	196	191	187	181	173	167	165	166	168	172	178	186	204	207	213	221	226	228	226	225	225	225	227	229	233	236	238	243	246	247	247	250	248	248	248	247	246	247	247	247	247	247	247	247	247	247	247	247	247	247	247	247	247	247	248	248	248	248	248	248	248	248	248	248	248	248	247	248	220	200	187	215	239	247	247	247	247	247	248	248	248	248	248	245	245	248	245	245	245	245	244	244	245	245	245	246	246	247	248	248	246	248	248	248	248	248	248	247	247	247	247	247	247	247	247	247	246	246	247	247	246	246	246	247	245	245	245	245	245	245	245	245	244	244	245	245	245	245	245	245	245	245	245	245	245	244	244	244	244	244	244	244	244	244	243	244	244	244	244	244	244	244	244	244	245	245	245	245	245	244	244	244	244	244	244	244	244	244	244	244	244	244	243	244	244	244	244	244	244	244	242	242	242	242	242	242	242	242	242	242	242	242	242	241
245	245	245	244	245	245	244	244	245	245	245	245	245	245	245	245	245	243	244	244	245	245	245	246	245	245	245	245	245	245	244	244	244	244	245	245	244	244	244	244	244	244	244	243	243	243	243	243	243	243	243	243	244	244	244	244	244	243	243	244	244	242	244	243	244	244	244	244	243	243	243	243	243	243	243	243	243	244	244	243	244	244	244	244	245	244	244	244	244	244	244	244	245	245	244	246	246	246	246	246	247	247	247	247	246	246	248	248	249	249	249	249	249	249	249	248	247	247	248	248	247	247	246	242	240	237	237	240	237	237	234	225	215	201	186	183	185	167	189	198	208	213	216	214	214	213	211	208	206	210	215	195	191	193	196	197	193	193	196	199	199	199	201	202	204	203	202	205	209	216	221	221	218	213	205	201	197	192	213	243	250	252	242	245	252	245	235	226	214	218	225	223	225	223	218	223	231	232	233	234	233	233	233	234	233	233	231	231	232	232	230	230	233	232	232	230	232	232	230	231	233	233	231	229	228	227	225	224	223	224	223	221	222	223	224	226	227	225	227	227	224	222	221	218	213	210	204	201	195	191	186	184	183	181	178	174	171	171	174	178	181	181	178	178	179	179	185	188	188	188	189	191	187	191	191	188	186	186	187	186	183	183	185	185	188	188	186	186	187	182	184	182	182	183	183	185	183	183	183	183	183	186	188	186	183	183	182	182	180	180	178	178	180	180	180	177	177	174	171	168	165	183	226	211	124	84	67	82	98	104	105	105	105	108	106	105	104	102	101	99	98	98	99	100	96	95	120	97	61	82	100	106	106	109	110	109	109	108	106	104	105	103	102	102	102	101	97	87	71	183	93	74	93	97	99	97	97	96	93	94	93	91	91	91	92	92	92	92	89	84	61	64	109	101	86	90	88	88	87	87	88	89	89	90	90	89	90	90	88	87	88	80	61	59	86	145	190	93	91	92	93	93	94	96	96	96	94	93	93	96	93	93	91	90	64	51	63	93	151	136	89	95	95	95	92	95	95	97	98	98	98	96	98	96	96	88	82	59	56	80	119	201	128	110	113	113	113	114	113	115	116	115	114	113	113	110	107	109	95	71	59	61	139	119	98	101	101	105	109	110	113	116	122	128	135	140	151	157	162	171	179	187	194	189	214	206	216	214	216	218	219	222	222	221	219	218	215	215	212	209	207	202	202	199	197	188	208	198	198	198	198	198	200	200	202	202	202	202	200	202	201	193	192	224	203	200	198	197	202	202	200	202	199	196	190	190	184	166	190	175	162	161	167	178	189	199	212	217	222	225	225	226	224	224	227	227	231	236	238	243	247	248	249	249	247	247	247	247	248	248	248	248	248	248	248	248	248	248	248	248	248	248	248	248	248	248	248	248	248	248	248	248	248	245	207	217	205	225	232	248	248	248	248	248	248	248	248	248	248	248	248	245	245	245	245	245	245	245	245	245	245	245	245	246	248	246	246	246	246	248	248	248	248	248	248	248	247	247	247	247	247	247	247	247	246	246	246	246	245	247	246	245	245	245	245	245	245	245	245	245	245	245	245	245	245	245	245	245	245	245	245	244	244	244	244	244	244	244	244	242	244	244	242	242	245	245	245	245	245	245	245	245	245	245	245	245	245	245	245	245	244	244	244	244	244	244	244	244	242	242	242	242	242	242	242	242	242	242	242	242	242	242	242	242	242	242	242	242	242	241
245	245	245	244	245	245	244	244	245	245	245	245	245	245	245	245	245	244	245	245	245	245	245	246	245	245	245	245	245	245	244	244	244	244	245	245	244	244	244	244	243	244	244	243	243	243	243	243	243	243	243	243	244	244	244	244	243	242	243	244	244	244	244	242	243	244	244	243	243	243	243	243	242	242	243	244	243	242	243	244	244	244	244	244	244	244	244	244	243	243	244	244	245	245	245	246	246	246	246	246	246	246	246	246	246	248	248	247	248	249	249	249	249	249	248	249	248	248	247	245	244	243	240	244	242	239	228	216	198	185	177	176	181	187	199	214	202	199	217	214	215	213	215	214	212	211	208	207	204	208	216	196	190	193	193	193	193	194	195	195	197	199	200	201	199	204	206	203	203	207	210	211	213	215	216	216	211	208	206	208	217	230	212	209	227	226	226	226	227	232	232	229	232	232	229	230	234	237	237	236	235	235	235	233	232	230	229	229	230	232	232	233	230	229	229	228	228	228	228	227	223	223	223	223	224	226	227	228	228	227	224	222	220	214	208	203	197	193	189	185	182	179	174	173	175	178	182	185	184	187	187	190	194	194	194	193	192	195	198	196	194	194	191	191	194	194	194	194	191	193	194	196	194	194	193	191	189	192	192	191	189	189	189	189	189	189	188	186	186	183	183	182	181	184	185	183	181	183	184	184	186	184	183	182	183	182	183	183	178	179	178	173	178	180	177	174	174	168	170	170	165	182	218	207	112	102	70	58	86	100	99	96	95	96	99	102	99	101	99	96	95	95	93	95	95	93	73	89	57	67	93	103	103	106	107	107	108	105	102	102	102	100	99	97	99	99	96	84	65	181	85	73	93	94	93	90	90	90	90	90	87	87	87	87	89	87	84	84	83	71	44	76	80	74	90	86	85	84	84	82	83	83	83	81	84	84	84	84	86	83	84	59	41	73	96	125	186	88	85	86	84	84	85	85	85	85	85	87	87	85	85	87	76	57	49	64	86	113	111	100	86	86	88	88	88	88	89	89	89	90	91	91	92	89	90	62	45	62	84	107	131	201	126	107	107	107	109	110	111	111	112	113	111	107	110	107	98	87	68	58	75	105	156	131	110	112	112	112	114	115	115	115	111	111	109	109	106	102	101	95	88	75	72	116	195	116	122	130	135	142	153	162	170	178	187	193	200	207	211	214	218	219	222	211	210	216	219	213	211	209	209	208	207	206	206	203	202	200	200	199	201	193	191	223	203	200	198	197	199	199	196	199	199	198	199	199	200	184	205	205	200	198	190	181	175	167	163	166	166	175	187	196	209	214	221	224	224	223	225	225	227	230	234	239	241	244	248	248	249	249	249	249	249	248	248	248	248	248	248	248	248	248	248	248	248	248	248	248	248	248	248	248	248	246	240	235	218	239	241	248	248	248	248	248	248	248	248	248	248	248	246	245	246	245	245	245	245	245	245	245	247	245	245	245	246	247	247	247	248	246	248	248	248	248	248	248	248	248	247	247	248	247	247	247	246	246	246	246	245	245	246	246	247	247	247	247	245	245	245	245	245	245	245	245	245	245	245	245	245	245	245	245	244	244	244	244	244	244	244	244	244	244	244	244	244	244	244	244	245	245	245	245	245	245	245	245	245	245	245	245	244	244	244	244	244	244	244	244	243	242	243	243	242	242	242	242	242	242	242	242	242	242	242	242	242	241	242	242	241	241
244	245	245	244	245	245	244	244	245	245	245	245	245	245	245	245	245	244	245	245	245	245	245	246	245	245	245	245	244	244	244	244	245	245	245	245	244	244	244	244	243	243	244	243	243	243	243	243	243	243	244	244	244	244	242	243	244	244	243	244	244	244	243	243	243	243	243	243	243	243	243	242	244	242	242	244	243	242	244	244	244	244	244	244	244	244	244	244	244	244	244	244	244	245	245	245	246	246	246	246	246	246	247	247	248	248	248	247	249	249	249	249	249	249	248	246	248	248	247	245	244	237	229	202	187	177	174	180	189	198	210	215	216	217	217	221	206	197	212	213	212	214	211	211	209	208	206	205	203	207	215	196	191	191	192	193	192	194	193	192	194	195	197	198	200	203	204	202	205	206	208	208	205	207	210	211	217	218	216	214	209	208	206	209	212	217	225	229	233	235	233	238	237	234	231	234	236	235	234	234	235	235	234	233	234	231	228	228	229	228	226	225	224	224	226	227	227	227	227	226	226	224	221	219	213	208	202	198	190	184	178	175	178	178	178	178	179	184	187	188	191	194	194	196	197	197	197	197	199	201	201	199	197	196	196	195	198	200	199	197	197	196	194	194	196	199	196	196	198	197	194	194	195	194	192	192	192	191	190	192	191	189	189	191	190	189	188	188	189	185	188	188	188	187	184	180	178	180	181	184	185	182	180	180	180	180	181	182	178	178	178	175	178	175	174	175	174	170	171	174	171	176	203	215	141	98	86	52	65	90	98	99	97	103	106	106	104	103	105	105	105	100	91	93	99	93	84	77	63	58	86	103	103	105	106	106	105	105	105	105	104	102	102	102	100	99	95	84	70	178	93	81	93	96	98	96	96	97	97	96	95	95	96	96	95	93	90	90	84	61	44	79	70	90	96	94	93	94	93	93	93	91	90	89	87	87	87	84	83	82	58	35	57	86	78	116	189	92	90	87	84	84	84	84	84	83	82	81	81	81	82	78	53	39	57	83	97	88	72	78	83	81	81	82	81	81	81	81	80	83	83	86	86	69	50	47	66	87	104	116	114	193	110	90	92	92	94	94	94	95	95	96	97	94	97	83	59	49	63	87	104	124	163	132	107	111	111	110	112	115	115	115	113	112	109	108	108	105	102	74	58	62	87	132	191	115	111	109	107	106	104	103	103	103	103	103	102	108	114	115	121	124	127	165	177	172	180	192	199	205	211	217	218	219	219	221	223	221	218	215	212	206	201	220	206	202	200	197	198	199	196	198	198	198	196	196	201	182	203	204	200	202	203	204	203	203	201	197	192	187	178	170	158	186	165	171	185	199	221	218	221	223	224	224	223	224	226	229	234	240	245	247	249	249	249	249	249	248	248	248	248	248	248	248	248	248	248	248	248	248	248	248	246	247	248	247	245	245	247	248	248	248	248	248	248	248	248	248	248	248	246	246	245	245	245	245	245	245	245	245	245	245	245	246	245	246	244	245	246	246	248	248	248	248	248	248	248	248	248	248	248	248	247	247	246	246	246	246	246	246	246	247	246	246	246	246	245	245	245	245	245	245	245	245	245	245	245	245	245	245	245	245	244	244	244	244	244	244	244	244	244	244	244	244	244	244	244	244	245	245	245	245	244	244	244	244	245	245	245	245	245	245	245	245	244	244	244	244	243	242	243	243	243	243	243	242	242	241	243	243	242	242	242	242	242	241	241	241	240	240
244	245	245	245	245	245	244	244	245	245	245	245	244	245	245	244	245	245	245	245	245	245	245	245	245	245	245	245	244	244	244	244	244	244	244	244	244	244	244	244	243	243	243	243	243	244	244	243	244	244	244	244	243	242	242	243	243	244	243	243	244	244	243	243	243	243	243	244	244	243	242	244	243	243	243	243	244	244	244	244	244	244	244	244	244	244	244	244	245	245	245	246	246	247	247	246	247	247	247	248	248	248	248	248	248	248	248	248	248	248	248	247	247	247	248	247	241	232	213	194	188	196	205	169	197	211	217	217	216	217	216	215	215	215	214	218	201	194	210	211	210	211	209	209	208	206	205	204	202	206	213	195	191	191	193	191	188	191	191	191	191	191	194	194	197	198	199	202	202	204	204	206	209	211	211	211	209	209	212	214	215	217	219	223	226	229	229	229	231	234	234	234	236	236	233	234	237	235	233	233	230	230	228	227	227	226	226	229	228	226	227	225	224	220	215	211	204	201	198	195	193	191	188	186	189	191	192	191	192	192	193	195	197	197	198	198	197	200	201	200	201	201	201	200	201	201	200	201	199	201	199	200	198	198	199	198	199	199	199	199	198	198	195	194	194	197	195	196	192	192	194	194	189	189	191	191	192	189	186	189	188	186	186	186	187	185	184	184	187	185	189	187	185	180	179	185	181	181	183	184	181	176	178	182	182	181	180	178	178	175	177	180	176	165	165	173	174	165	168	171	168	181	227	222	215	121	89	67	58	74	85	86	85	88	89	87	88	85	85	85	82	81	75	78	74	70	66	64	76	66	79	77	78	79	81	81	80	79	78	78	78	78	77	77	75	75	75	72	70	189	97	67	72	72	74	72	73	73	73	72	72	72	72	72	75	74	72	71	72	61	61	65	67	73	78	77	76	78	78	78	75	78	78	77	78	79	78	77	76	76	55	47	73	76	68	126	188	93	94	95	92	92	92	90	89	89	88	86	83	83	74	47	34	58	77	84	79	83	98	92	93	90	87	87	87	87	85	84	82	81	81	70	55	38	47	67	85	96	92	82	86	189	108	81	83	85	86	86	86	86	88	89	89	74	53	46	56	75	91	106	117	114	113	97	92	94	95	95	95	97	98	95	96	97	98	96	82	60	55	67	87	102	121	147	193	116	112	112	113	115	115	116	116	112	110	112	111	113	96	77	62	56	61	124	128	92	100	103	105	111	118	122	126	131	141	152	164	176	186	197	200	204	201	218	216	216	216	215	212	212	208	207	205	205	202	202	200	185	203	205	203	200	201	198	200	202	201	202	201	202	203	201	185	206	195	189	181	180	208	178	169	169	180	192	205	213	219	222	223	224	226	227	231	236	240	243	246	247	247	248	248	248	248	248	248	248	248	248	248	248	249	248	247	247	248	248	245	245	248	246	248	248	248	248	248	248	248	248	248	248	247	247	245	245	245	245	245	245	245	245	245	245	245	245	245	245	246	246	245	245	248	248	246	248	248	247	248	248	247	247	248	248	246	246	245	245	245	245	245	245	245	245	246	246	245	246	247	247	245	245	245	245	245	245	245	245	245	245	244	244	244	245	245	245	243	243	244	244	244	244	244	244	244	244	244	244	244	244	245	245	245	245	244	244	244	244	245	245	245	245	245	245	245	245	245	245	245	245	244	244	244	244	244	244	244	244	243	243	244	244	242	242	242	242	242	241	240	239	238	238
244	244	245	245	245	244	244	244	244	244	243	243	244	244	244	244	245	245	245	245	245	244	244	245	245	245	245	245	243	244	244	244	244	244	244	244	242	242	244	243	243	243	243	243	243	243	243	244	244	244	244	244	243	242	244	244	242	243	243	243	243	243	244	244	243	243	243	243	244	243	243	243	243	243	243	243	244	244	244	242	244	244	244	244	245	245	245	246	247	246	246	246	246	247	247	247	248	249	249	249	249	249	249	249	249	249	249	248	248	249	250	250	242	229	209	190	183	182	195	211	222	227	226	195	220	219	218	216	216	215	215	214	214	214	214	218	203	194	208	209	210	210	208	207	206	206	204	203	202	205	214	198	191	191	193	188	187	188	189	191	192	194	194	194	195	197	199	201	201	202	202	203	206	206	209	209	210	210	212	215	216	213	212	215	222	224	228	230	229	228	226	225	225	225	225	225	226	226	226	227	230	228	227	227	224	221	218	215	211	205	202	197	195	193	191	190	194	195	197	197	199	201	201	201	198	201	203	201	203	203	201	201	202	201	202	201	200	200	202	200	201	201	202	201	200	200	200	200	202	202	196	197	199	197	196	196	196	197	196	196	198	198	197	194	198	195	192	192	193	192	192	190	189	189	189	186	187	187	184	184	187	186	184	186	186	183	183	186	189	178	180	186	181	183	184	184	182	181	184	186	184	180	180	182	183	183	180	177	175	175	175	178	178	171	169	174	171	170	168	165	165	180	221	221	222	193	89	67	53	53	62	61	62	61	61	60	60	60	59	58	57	57	55	55	56	54	51	51	66	54	53	55	56	57	57	57	58	59	58	58	57	57	55	55	53	52	51	50	49	182	85	47	52	54	56	56	56	54	54	52	51	52	50	50	51	49	48	48	46	41	60	50	48	51	50	50	51	51	51	51	51	51	50	49	48	48	48	49	48	43	43	55	67	53	49	102	177	57	56	59	59	56	56	56	55	55	55	55	52	53	51	47	52	70	77	59	60	71	68	74	74	74	75	76	80	80	80	80	82	80	76	58	34	51	71	82	87	83	89	96	104	192	114	90	92	90	89	90	90	84	83	71	59	43	44	62	77	92	101	100	89	85	85	88	86	87	86	87	87	86	88	90	89	76	64	52	49	62	73	94	104	121	126	133	188	105	101	102	106	106	106	108	108	107	106	95	77	68	59	61	68	87	109	146	134	108	109	107	109	109	109	107	101	98	96	94	93	93	86	86	82	79	116	196	149	152	170	183	192	200	206	213	216	215	217	217	218	212	215	215	205	204	206	206	204	201	199	202	203	200	201	200	183	207	204	201	203	205	217	197	195	186	177	170	161	156	180	174	185	200	214	220	224	223	224	226	226	229	237	239	245	248	248	248	249	249	249	249	248	248	249	249	248	248	248	248	248	248	247	247	248	248	248	248	248	248	248	248	248	248	248	246	245	245	245	245	245	244	244	244	245	245	245	245	245	245	247	245	245	245	245	247	247	247	247	246	247	247	247	247	247	247	245	245	245	245	245	245	245	245	245	245	246	246	246	246	247	247	246	246	246	246	246	246	245	245	245	245	243	245	245	245	244	244	244	244	244	244	244	244	244	244	244	244	244	244	244	244	245	245	245	245	245	245	245	245	245	245	245	245	245	245	245	245	245	245	245	245	245	245	245	245	244	244	244	244	244	244	244	244	242	242	241	240	240	239	239	238	237	238
244	244	244	245	245	244	244	244	244	244	244	244	244	245	245	245	245	245	245	245	245	245	244	244	245	245	245	245	244	244	244	244	244	244	244	244	242	242	243	243	243	243	243	243	243	244	243	244	244	244	244	244	244	244	243	243	244	243	242	242	243	243	243	243	243	243	243	243	243	243	243	243	244	244	244	244	244	244	244	244	244	244	244	244	245	245	245	245	246	246	246	246	246	246	247	248	249	249	249	249	249	249	249	249	248	249	251	251	245	235	218	181	183	184	196	212	225	228	229	227	226	227	223	192	217	217	214	214	215	214	214	214	214	214	214	218	200	193	206	207	207	206	205	204	204	203	201	201	200	205	213	196	189	189	191	186	185	187	188	189	191	191	192	192	194	195	198	199	197	198	199	199	200	203	203	206	208	210	210	212	211	210	211	214	211	211	214	217	220	222	222	222	219	221	225	227	227	224	221	218	213	210	205	202	199	198	198	198	200	197	203	203	201	200	202	202	204	203	201	201	201	201	201	200	198	201	204	202	204	203	203	201	202	202	202	202	202	202	202	202	203	203	203	203	202	202	202	202	199	202	197	199	199	199	197	197	197	197	196	194	197	197	197	195	192	192	192	191	191	191	192	192	189	186	186	183	180	184	187	184	181	181	181	184	183	180	183	192	191	182	179	183	184	184	185	184	181	178	178	181	184	185	181	181	183	183	181	181	182	182	181	181	176	170	170	172	174	171	168	166	165	178	220	221	215	221	147	64	60	57	62	63	62	63	64	64	64	64	64	64	64	64	61	61	61	57	56	52	54	57	55	59	60	61	62	62	62	62	62	62	62	61	61	59	59	56	54	53	55	185	88	49	55	56	59	59	59	59	59	59	59	59	56	56	56	54	53	52	49	43	49	46	50	53	53	55	55	54	53	53	52	52	52	52	51	50	49	49	44	39	42	54	47	46	43	97	178	49	51	51	52	51	49	49	49	47	46	45	44	43	34	44	59	66	50	44	46	46	43	45	46	47	49	49	45	46	46	46	45	48	43	45	51	65	74	72	58	61	74	73	83	191	100	80	83	83	83	85	83	83	77	45	37	53	69	78	86	88	89	95	99	97	93	89	88	86	86	86	83	86	78	73	59	45	43	55	71	84	93	103	107	101	94	113	185	96	88	92	91	90	93	93	90	79	74	56	48	58	69	87	96	112	125	145	127	104	106	108	110	108	106	103	103	105	103	103	100	80	58	53	58	71	112	191	108	94	97	103	104	107	113	120	128	139	150	155	168	182	191	201	206	208	219	217	218	218	215	212	210	206	205	204	189	207	199	201	201	202	217	200	198	196	198	198	201	183	193	186	174	166	161	165	173	191	206	216	221	223	223	224	227	229	233	237	243	246	248	248	245	246	248	246	248	248	248	248	247	247	234	239	245	248	248	248	248	248	248	248	248	248	248	246	246	246	246	246	245	245	244	244	244	246	246	244	247	245	245	245	247	247	247	245	247	247	247	246	247	247	247	247	247	247	247	247	245	245	245	245	245	245	245	245	246	246	246	246	246	246	245	245	246	246	246	246	246	247	247	246	245	245	245	245	244	244	244	244	244	244	244	244	244	244	244	244	245	245	245	245	245	245	245	245	245	245	245	245	245	245	245	245	245	245	245	245	245	245	245	245	245	245	245	245	245	245	244	244	244	244	242	244	242	241	242	240	240	238	238	238	237	238
244	244	245	245	244	244	245	245	244	244	244	244	244	244	245	244	245	245	245	245	245	245	244	244	244	244	245	245	244	244	244	244	244	244	244	244	244	244	243	243	243	243	243	243	244	244	243	243	244	242	244	244	242	242	244	244	243	243	243	243	243	243	243	243	243	243	243	243	244	243	243	243	243	243	244	244	244	244	244	245	246	244	246	246	245	245	245	245	246	246	246	246	248	248	248	248	249	249	249	249	249	249	250	251	247	240	222	201	189	190	205	184	227	229	230	228	227	227	227	228	228	224	220	191	217	217	217	214	214	214	214	213	212	213	214	218	198	192	206	205	204	203	203	203	202	202	200	200	199	205	215	193	189	189	192	189	184	185	188	190	191	189	189	191	190	191	196	198	197	197	199	199	199	201	203	204	203	205	206	208	210	210	209	209	214	211	211	209	208	208	208	209	205	204	204	202	201	201	201	201	203	204	206	206	206	206	206	206	205	203	205	204	201	201	202	202	204	204	204	204	201	201	203	204	203	203	203	202	205	205	204	204	203	204	204	202	202	202	202	202	202	202	202	202	200	200	200	200	199	201	197	200	200	202	200	196	195	194	192	190	194	192	194	196	195	194	189	188	186	186	191	192	192	189	186	186	184	187	189	187	190	187	189	190	183	183	183	183	178	182	182	184	184	181	182	184	181	178	180	182	182	170	176	180	181	180	178	178	180	178	177	175	175	171	169	172	173	165	161	167	164	178	220	219	215	218	200	100	59	56	61	62	63	62	65	66	65	65	67	66	62	63	63	62	60	59	56	56	65	62	58	62	64	64	65	65	65	65	65	65	65	65	63	62	65	62	59	56	59	184	89	52	62	62	61	61	62	62	61	61	61	61	60	59	58	57	55	53	51	46	55	48	52	53	53	53	55	55	53	53	54	53	52	52	52	51	50	48	47	43	43	45	41	49	46	96	175	49	53	54	53	53	52	52	55	52	52	49	47	48	40	46	49	43	47	49	48	49	50	50	50	50	48	47	48	48	47	47	45	42	34	41	52	61	61	48	51	53	48	45	62	187	76	46	49	51	51	52	50	48	47	51	55	65	75	79	67	62	77	85	88	88	90	91	92	91	91	91	88	86	57	36	42	58	70	77	85	89	93	96	88	88	86	113	188	93	88	88	86	86	86	75	54	39	45	62	75	86	90	101	110	115	108	105	98	90	94	94	98	97	97	95	97	88	72	56	48	55	67	79	94	115	138	188	110	102	105	108	108	104	109	112	111	110	104	98	89	82	73	73	123	150	128	140	160	173	191	200	208	215	218	218	216	216	211	211	207	202	215	201	197	197	198	199	202	184	200	202	201	200	196	193	185	174	162	162	168	177	199	211	217	226	227	223	224	228	231	234	234	240	246	249	249	248	248	248	246	222	209	241	248	248	248	248	248	248	248	248	248	248	248	248	246	248	246	246	245	245	247	245	245	245	247	247	245	247	245	245	245	247	247	247	247	247	247	247	247	247	247	247	247	247	247	247	246	246	245	245	245	245	245	245	246	246	246	246	246	246	246	246	246	245	245	245	245	246	246	247	245	245	245	245	245	245	245	245	245	245	245	244	244	244	244	244	247	245	245	245	245	245	245	245	245	245	245	245	245	245	245	245	245	245	245	245	245	245	245	245	245	245	245	245	245	245	245	245	242	242	241	241	241	240	241	240	239	239	238	238	238	238
244	244	245	245	244	244	244	244	244	244	244	244	244	244	244	244	245	245	245	245	245	245	244	244	244	244	244	244	244	244	243	244	242	243	244	243	244	244	243	243	243	243	243	243	244	243	243	243	244	243	244	244	244	244	244	244	243	243	243	243	243	243	243	243	243	244	244	244	244	243	243	244	244	244	244	244	244	244	244	245	245	245	246	246	247	247	247	247	247	247	247	247	248	248	248	248	248	248	250	251	250	242	229	206	192	187	196	214	229	238	230	200	229	227	227	226	226	225	224	225	223	223	221	191	215	215	214	214	214	214	212	212	212	213	213	217	197	191	207	204	202	202	202	201	201	200	200	199	198	205	214	193	191	192	192	189	183	184	185	187	189	187	188	191	191	192	194	194	195	197	199	199	201	201	201	204	201	202	203	203	205	205	206	206	209	209	209	208	208	206	202	199	196	197	200	202	205	205	205	205	205	206	208	208	209	209	206	205	206	206	207	206	205	205	206	206	206	204	202	201	200	201	202	202	204	204	202	202	205	205	202	202	203	205	202	199	203	203	201	200	201	202	202	200	199	197	197	199	201	200	194	194	195	200	197	191	191	192	190	190	195	195	195	195	195	195	195	193	192	195	195	196	195	192	189	190	190	190	190	187	187	186	184	184	181	183	182	177	176	179	174	176	178	174	176	180	184	183	184	186	178	168	172	179	180	178	177	177	177	177	177	174	164	162	162	162	160	157	151	157	164	178	220	221	215	212	206	188	128	119	119	117	118	121	121	124	127	128	128	128	132	133	135	136	139	142	146	151	152	146	146	146	145	145	145	145	145	145	145	145	146	145	145	145	147	147	145	145	146	203	159	143	144	143	142	140	139	139	139	138	136	136	136	135	133	133	133	133	132	130	145	135	129	127	124	121	118	117	114	112	110	107	103	102	99	96	93	90	81	80	84	98	80	79	72	117	181	73	70	71	70	67	64	64	64	61	58	55	53	50	48	59	50	44	49	48	48	48	48	50	48	50	50	51	48	48	47	46	42	42	37	42	50	47	43	50	52	52	52	50	62	184	74	50	52	52	50	48	47	43	42	52	61	62	60	52	48	51	52	51	52	53	55	53	53	54	56	57	56	57	53	53	59	68	76	82	77	74	80	89	96	101	95	119	189	97	93	89	71	47	43	35	45	59	72	80	85	89	92	89	89	87	84	86	87	88	88	88	90	87	75	63	52	48	50	57	69	84	99	106	116	125	133	187	108	101	105	104	105	103	104	104	99	97	86	69	54	55	63	76	116	133	96	99	95	95	100	101	110	119	134	146	161	179	191	201	206	196	212	214	212	211	208	208	205	193	202	201	199	200	200	201	200	203	199	197	191	172	175	174	163	167	180	200	212	220	225	226	221	223	230	235	242	244	247	248	247	218	191	224	249	248	248	248	248	248	248	248	248	249	249	248	246	246	246	246	247	245	247	245	245	245	247	247	247	246	247	247	247	247	247	247	247	248	248	248	247	247	247	247	248	247	247	247	246	246	246	246	247	245	247	247	246	246	246	246	246	246	246	246	246	246	246	246	245	245	247	247	245	245	245	245	245	245	245	245	245	245	245	245	245	245	244	244	245	245	245	245	245	245	245	245	245	245	244	244	244	244	244	244	245	245	245	245	245	244	244	245	245	245	244	244	244	244	245	243	244	242	242	242	241	241	241	241	241	239	238	238	238	238
244	244	245	245	244	244	244	244	244	244	244	244	242	244	244	242	244	244	244	244	244	244	244	244	244	242	244	244	244	243	243	244	244	244	244	243	243	243	243	243	243	244	244	244	243	242	243	243	244	244	244	244	244	244	244	245	243	243	243	243	243	244	243	243	243	244	244	244	243	244	245	246	244	244	246	246	245	245	246	246	247	246	246	246	248	248	248	248	248	248	249	249	249	249	249	250	252	250	238	224	191	183	190	210	229	236	238	236	236	235	225	200	227	226	225	224	225	223	223	222	221	221	221	191	214	214	214	212	212	212	212	212	211	212	211	215	197	191	205	205	203	201	201	200	200	200	198	199	198	205	212	193	192	190	192	186	182	183	184	184	185	185	185	187	187	190	192	193	194	194	194	194	198	199	199	199	199	201	202	202	202	202	202	203	204	204	204	204	203	203	201	197	197	200	205	205	206	206	206	206	207	207	209	209	206	206	206	206	203	205	205	205	202	203	204	205	206	204	202	200	201	202	205	206	204	204	203	201	201	201	200	199	199	199	199	198	196	197	195	191	198	200	199	197	197	195	195	195	198	198	195	197	197	198	194	196	196	195	195	194	195	195	194	194	193	192	192	192	188	188	185	191	195	189	187	187	183	186	187	181	181	181	181	181	181	184	184	178	177	180	175	175	179	180	182	187	183	178	180	177	170	176	179	181	184	181	181	181	178	178	177	177	166	163	163	163	164	161	161	166	166	180	220	219	214	212	205	203	197	187	182	177	174	175	174	174	174	175	176	177	177	177	180	181	184	184	187	193	184	184	187	187	186	186	185	185	186	184	184	186	184	185	186	186	186	186	186	186	189	213	191	188	187	184	184	184	182	180	179	179	179	179	179	179	179	179	179	180	179	177	179	183	185	182	182	180	179	179	176	176	175	176	176	176	173	170	173	172	164	161	161	176	179	176	164	180	202	162	162	157	156	154	153	150	148	145	142	138	135	134	129	144	146	130	126	119	117	113	108	102	98	96	91	87	84	79	72	68	66	64	56	66	69	51	55	51	54	53	53	52	64	187	74	48	52	52	50	49	48	46	45	49	48	50	48	51	54	54	54	54	52	52	53	53	50	48	47	45	47	44	53	61	64	68	68	59	52	50	56	57	56	59	57	92	179	67	65	66	58	38	45	59	69	75	74	78	85	100	139	137	98	92	89	88	85	86	80	71	65	50	41	43	52	64	76	88	94	100	109	114	108	97	103	182	96	84	89	89	91	91	81	69	52	46	51	60	74	82	97	117	139	136	103	104	107	107	106	105	102	97	94	95	92	84	84	80	86	121	197	165	176	191	203	210	217	218	218	216	212	211	208	208	205	201	202	199	201	191	192	207	197	191	180	167	159	162	174	189	215	218	221	228	226	225	230	235	242	209	216	235	248	248	248	248	248	248	248	248	249	249	248	247	246	247	246	245	247	247	247	247	245	247	245	247	247	247	247	247	247	247	247	247	248	248	248	248	248	248	248	248	248	248	248	247	247	247	247	247	247	247	247	247	245	245	246	246	246	246	246	246	246	246	246	246	247	247	247	247	246	246	247	247	247	247	247	247	245	245	245	245	246	247	245	245	245	245	245	245	245	245	245	245	245	245	245	245	244	244	244	244	244	244	244	244	244	244	243	243	243	243	243	243	242	243	242	242	242	242	241	239	239	239	239	239	239	239	239	238	238	236
244	244	244	244	244	244	244	244	244	244	244	244	244	244	244	244	244	244	244	244	244	244	244	244	244	244	244	244	244	243	243	244	244	244	244	243	243	244	243	243	243	243	243	243	243	242	242	244	244	244	244	244	244	244	244	244	243	243	243	243	243	243	243	243	244	244	244	244	244	245	245	244	244	246	246	246	245	245	245	245	246	246	247	246	248	248	248	248	248	248	248	249	250	252	249	237	212	192	187	212	188	234	240	239	236	237	236	235	233	234	223	197	226	225	224	223	224	222	222	222	218	219	219	189	214	212	212	212	211	212	212	210	210	212	209	215	197	191	205	203	201	201	201	201	201	200	200	199	198	206	212	192	188	186	188	187	181	180	183	188	186	185	186	186	185	186	187	189	190	191	192	192	192	194	196	197	196	196	199	201	201	201	202	201	202	203	201	202	199	199	198	195	195	199	202	202	202	204	204	204	205	205	205	205	202	203	203	205	205	205	205	205	204	203	203	203	205	204	203	203	201	198	200	202	201	202	198	191	197	199	198	198	197	194	195	197	196	196	196	196	200	202	202	200	199	199	198	196	197	198	197	192	191	195	194	194	191	190	190	190	192	192	191	192	193	192	192	192	190	190	187	191	194	190	187	185	187	190	192	187	187	187	189	189	184	184	184	185	183	184	181	174	176	183	187	184	183	178	184	184	184	181	181	179	182	178	176	178	175	175	174	173	175	175	173	172	174	171	171	172	164	181	221	219	215	215	209	208	200	192	191	188	186	186	186	186	186	186	186	187	187	189	189	190	193	193	196	196	190	190	193	193	193	192	192	193	192	192	192	192	192	193	193	195	193	192	192	190	194	215	198	192	193	193	193	193	191	191	191	191	191	191	191	191	188	191	191	194	191	188	188	194	191	191	191	191	191	191	188	188	188	188	188	188	188	185	184	182	179	176	176	185	188	184	183	188	206	180	180	179	176	176	176	176	176	176	176	173	170	170	170	179	183	180	180	176	173	173	170	167	168	167	165	162	161	158	152	150	149	144	145	161	165	155	149	141	137	132	125	118	123	196	118	97	92	87	81	75	75	72	66	79	62	59	57	57	57	57	55	55	52	52	54	53	50	48	48	47	44	44	50	53	55	52	50	50	50	54	50	50	51	48	41	81	178	46	43	40	48	55	56	66	70	70	81	111	139	156	167	154	88	83	84	87	86	80	48	32	36	46	59	66	74	85	88	91	92	92	86	81	80	82	98	185	98	88	83	67	53	45	45	51	59	66	80	90	96	107	121	130	133	124	103	108	104	102	99	100	101	98	92	85	68	56	53	59	71	106	186	106	96	100	105	116	128	143	156	174	188	198	209	215	218	212	214	210	208	200	200	208	202	200	202	202	200	193	181	172	200	186	175	182	204	220	224	215	210	191	219	241	244	249	249	249	249	248	248	248	248	248	248	247	247	247	247	247	247	247	247	247	247	247	247	247	247	247	247	247	247	247	247	247	248	248	248	248	248	248	248	248	248	248	248	247	248	248	247	247	247	247	247	247	246	247	248	246	246	246	246	246	246	246	246	246	246	246	246	246	246	246	245	245	247	247	247	247	245	245	245	245	245	247	245	245	245	245	245	245	245	245	245	245	245	245	245	245	245	244	244	244	244	244	244	244	244	244	244	242	241	242	243	241	242	242	242	242	242	239	241	241	239	239	239	238	238	239	239	238	238	236
244	244	244	244	244	244	244	244	244	244	244	244	244	244	243	243	244	244	244	244	244	244	244	244	244	244	244	244	244	244	243	244	244	243	243	243	243	242	243	244	244	244	244	244	244	244	244	244	244	244	244	244	244	244	243	243	243	243	243	243	243	243	243	244	245	244	244	246	245	244	244	244	244	245	245	245	244	244	245	245	246	246	247	247	248	248	249	249	249	250	252	247	232	204	195	191	209	230	245	241	203	238	238	235	236	232	232	232	230	232	221	196	226	223	223	221	221	220	220	220	217	218	216	188	212	211	212	212	212	211	209	210	211	212	209	214	197	191	205	201	200	200	198	200	201	201	200	199	200	206	214	188	186	187	189	186	178	179	181	181	186	184	186	189	187	185	186	188	189	189	191	191	191	192	195	196	195	194	194	196	198	197	197	198	201	201	201	201	197	196	195	192	193	196	197	197	200	201	202	203	203	203	202	202	202	203	203	205	205	204	203	203	205	205	202	202	204	203	202	201	199	198	198	197	197	196	194	192	198	198	197	196	199	200	199	199	199	199	199	198	194	195	195	196	193	192	193	195	199	197	196	190	190	196	194	192	193	193	193	192	190	190	191	192	193	193	192	192	192	193	190	191	188	188	188	189	190	189	186	187	187	187	184	183	183	184	186	184	183	183	182	175	177	182	182	181	181	180	178	184	182	173	179	181	178	181	181	181	176	176	175	175	174	171	171	172	169	165	165	162	158	178	221	221	214	214	208	211	209	200	198	197	195	192	189	188	188	186	184	183	184	184	183	183	184	181	184	185	178	177	181	181	180	180	180	180	178	178	178	178	178	180	180	180	181	181	180	180	183	211	191	182	181	181	181	181	179	179	179	179	179	179	179	179	179	181	182	182	183	179	182	185	185	188	191	193	194	194	196	194	194	194	194	197	198	197	194	194	188	185	191	200	203	200	194	198	210	196	198	192	191	191	191	191	191	191	190	188	182	178	185	191	192	192	192	189	188	185	182	181	180	179	178	177	176	173	167	164	163	164	173	182	185	191	185	182	180	179	179	177	176	203	172	169	161	158	155	152	151	150	154	164	160	152	147	140	132	127	120	114	109	103	96	90	84	78	72	67	62	55	67	52	46	52	52	51	53	53	52	52	52	51	44	83	177	52	48	40	47	55	56	59	57	109	133	148	155	143	103	55	45	48	49	47	49	52	45	51	56	62	71	77	79	78	76	81	88	92	94	93	93	88	98	182	73	49	45	40	42	51	62	70	78	86	94	100	105	105	102	96	89	88	87	88	89	90	86	77	58	48	47	50	59	71	77	98	113	130	188	122	112	114	107	106	102	97	95	97	95	101	106	105	123	169	175	187	202	212	213	214	213	211	208	205	202	202	202	204	214	192	204	181	164	164	175	181	148	147	184	229	228	233	240	243	246	249	249	249	249	249	249	248	247	244	244	247	247	247	247	247	247	247	247	247	247	247	247	247	247	247	247	247	248	248	248	248	248	248	248	248	247	247	247	247	247	247	247	247	247	247	247	247	247	246	245	247	248	247	247	247	246	246	246	246	246	246	246	246	246	246	246	246	245	245	245	245	244	245	244	245	245	245	245	245	245	245	245	245	245	245	244	244	245	245	245	245	245	244	244	244	244	244	244	244	241	241	241	241	241	241	241	241	242	242	241	240	242	240	240	239	239	239	239	239	238	238	236	236	236	236
244	244	244	244	244	244	244	244	244	244	244	244	244	244	244	244	244	244	244	244	244	244	244	244	244	244	244	244	244	244	243	243	243	243	243	244	243	243	244	244	244	244	244	244	244	244	244	244	244	244	244	245	244	244	244	244	243	244	244	243	244	244	244	244	244	246	246	244	246	246	245	245	246	245	246	246	245	245	246	245	247	248	248	249	248	248	249	252	246	237	209	183	193	214	234	245	247	245	241	238	206	236	232	235	232	232	232	229	229	228	218	196	224	221	221	220	219	219	219	218	215	216	215	188	212	211	210	210	210	210	209	210	211	211	208	214	195	190	202	200	198	198	198	198	201	201	201	201	201	207	211	190	186	189	192	185	177	179	179	179	180	180	183	183	180	183	186	189	189	189	190	191	190	192	193	192	193	194	194	194	195	195	195	194	193	193	194	194	194	194	192	189	189	193	196	196	198	200	200	201	204	204	204	202	203	201	201	201	201	202	202	202	202	203	202	202	202	202	201	198	199	200	199	197	194	195	199	201	201	197	194	194	193	194	193	193	194	198	197	191	194	195	195	195	194	191	194	195	195	194	198	195	197	194	192	195	193	191	190	188	189	189	188	189	189	187	186	186	187	184	183	186	184	186	190	193	191	190	187	190	186	183	181	183	183	184	184	183	184	184	183	180	171	165	167	176	175	175	166	175	171	170	174	171	172	175	176	175	174	171	171	174	172	169	169	169	167	165	168	165	161	178	221	218	215	220	192	130	108	103	101	98	98	95	92	90	89	90	89	89	84	84	82	81	87	85	82	79	71	77	80	80	77	77	78	77	77	77	76	76	76	78	78	75	75	76	78	78	82	193	106	73	74	74	74	75	74	72	72	75	75	75	75	75	75	73	75	78	81	78	72	73	77	80	79	77	82	83	83	83	89	91	95	96	99	102	106	109	109	109	115	120	126	128	125	158	195	136	140	143	146	148	152	154	157	160	163	166	165	165	175	180	178	179	182	185	186	187	186	186	186	188	190	190	189	187	181	180	179	185	192	193	193	190	188	187	185	188	188	185	186	206	186	180	176	172	164	163	166	175	180	181	182	182	179	176	174	174	171	168	164	161	158	155	152	149	148	146	144	146	153	144	136	126	117	111	101	92	86	79	72	66	60	92	178	53	46	41	48	44	41	42	52	109	127	115	82	52	43	47	46	44	44	42	35	39	53	56	62	65	68	64	57	52	53	60	62	65	70	74	74	75	85	175	50	38	50	59	64	69	78	83	83	86	88	85	82	79	83	83	83	84	78	65	48	41	41	44	49	55	66	78	89	98	105	117	123	129	182	116	107	104	103	106	103	104	100	86	70	62	56	61	69	127	107	95	102	118	136	155	176	191	202	211	214	211	211	202	207	200	212	212	211	204	196	185	176	152	150	205	220	227	229	227	232	236	242	247	249	249	249	248	249	240	240	247	247	247	247	247	247	247	247	247	249	249	247	247	247	247	247	247	247	247	247	247	247	247	247	247	247	247	247	247	248	248	248	248	248	248	248	247	247	243	226	230	241	246	248	246	247	246	246	246	246	246	246	246	246	246	246	246	245	245	245	245	245	245	245	245	245	245	245	245	245	245	244	245	245	245	244	245	245	244	245	244	244	244	244	244	244	244	244	244	244	244	241	241	241	240	240	241	241	240	239	239	240	239	239	239	239	239	238	236	236	236	236	236	236	236
244	244	244	244	244	244	244	244	244	245	245	244	245	244	244	244	244	244	244	244	243	243	243	243	244	244	244	244	244	243	243	242	244	244	244	244	244	244	244	244	244	244	244	244	244	242	244	244	244	244	245	245	244	245	245	244	244	244	244	244	244	244	244	244	244	244	244	244	246	246	246	246	247	247	247	247	247	247	247	247	249	249	250	251	250	247	234	208	191	198	201	221	248	249	242	241	242	242	242	236	203	234	232	231	229	229	229	227	228	228	215	194	223	220	218	218	218	218	218	217	216	215	215	186	211	211	211	211	209	210	210	210	211	211	209	213	193	191	201	200	198	198	198	200	201	204	204	201	202	207	209	191	185	187	188	182	176	179	182	182	182	183	182	182	179	179	180	182	186	187	189	190	188	191	189	188	186	189	191	191	191	194	195	195	193	192	190	190	189	191	189	186	186	192	194	197	195	197	195	198	200	202	203	201	198	198	198	198	203	202	201	201	203	200	201	202	200	200	198	197	197	200	200	199	199	199	198	198	200	197	195	195	194	195	195	195	196	198	198	197	195	194	194	195	194	191	190	190	188	188	193	189	187	184	183	184	184	184	187	184	186	187	187	190	190	189	187	190	190	190	190	192	190	190	192	192	188	188	188	189	182	178	180	183	181	183	184	184	185	184	184	181	176	179	179	179	180	180	177	177	178	179	178	175	174	174	174	174	174	168	169	172	168	165	163	164	165	165	165	164	163	179	221	219	215	218	206	161	109	100	97	91	93	93	93	94	93	92	90	90	91	91	91	88	92	94	94	94	92	89	84	89	85	85	89	89	89	86	86	86	86	89	89	85	85	87	88	87	90	190	113	86	86	86	85	86	86	86	86	86	89	87	86	86	83	80	85	86	83	82	77	71	68	69	68	65	65	65	65	65	63	62	62	59	59	59	56	55	56	56	54	51	52	50	43	101	173	49	51	53	51	51	51	51	53	55	54	53	58	61	64	61	67	96	96	101	99	100	104	106	107	109	112	114	116	121	122	125	131	139	146	151	154	163	163	165	167	172	176	179	179	206	189	186	182	182	179	182	188	194	194	197	194	194	193	191	185	185	183	180	178	175	169	166	163	163	163	163	170	177	179	182	181	176	173	170	165	162	158	153	147	141	132	144	193	114	105	93	99	105	93	87	75	78	78	56	53	54	53	51	47	48	48	45	40	38	47	50	53	51	48	44	47	47	47	45	44	43	42	40	40	38	64	179	66	55	64	71	74	74	72	71	75	87	94	93	91	88	79	61	55	45	40	39	43	51	61	67	74	83	87	92	100	104	106	106	97	93	178	108	96	96	90	74	61	54	53	56	61	71	83	103	120	146	125	116	116	110	105	103	99	102	108	126	143	160	174	178	200	212	211	212	211	210	212	210	213	170	159	184	183	172	196	217	230	230	230	230	233	242	244	248	249	240	239	249	249	249	248	248	248	248	248	248	249	248	248	248	248	248	248	248	247	247	247	247	247	247	247	247	248	248	248	248	248	248	248	248	247	248	248	248	247	244	215	210	215	222	233	239	245	246	248	246	246	246	246	246	246	246	246	246	246	246	246	246	246	246	246	245	245	245	245	245	245	245	244	245	245	245	245	245	245	244	244	244	244	244	244	244	242	242	244	242	242	242	242	242	240	241	238	240	241	238	238	238	239	239	237	239	239	238	238	236	238	238	236	236	236	236
244	244	244	244	243	244	244	244	245	245	245	244	245	244	244	244	244	244	244	245	244	244	244	244	244	244	244	243	243	243	242	244	243	242	244	244	244	244	244	244	244	244	244	244	244	244	244	244	244	244	245	244	244	244	245	245	245	245	244	244	244	244	244	244	246	244	244	245	246	246	247	246	247	247	247	247	248	248	248	248	248	249	249	234	211	188	188	212	238	251	218	229	242	240	242	241	239	239	236	233	201	232	231	228	228	226	226	227	226	227	215	194	221	218	218	217	217	217	215	217	216	215	215	187	209	210	210	209	208	208	209	209	210	210	207	213	193	189	200	199	198	198	198	200	202	204	203	201	202	208	210	193	189	188	188	180	178	180	180	179	179	182	182	182	182	181	179	179	183	183	186	186	186	186	188	188	189	189	189	188	188	188	191	191	191	190	190	190	187	188	187	184	183	190	191	194	192	195	194	198	198	200	201	200	201	201	201	198	198	198	200	200	203	198	197	200	198	194	194	197	196	200	200	200	200	200	197	197	198	199	198	197	198	197	196	196	197	195	193	193	194	192	193	195	196	192	185	190	187	188	192	188	187	191	192	190	193	193	196	193	193	195	196	195	195	193	190	190	190	189	189	189	190	190	187	187	187	187	184	184	181	183	184	184	184	184	184	186	184	183	183	182	182	182	182	185	184	178	183	178	174	175	178	178	175	172	171	172	171	168	166	166	154	154	150	156	166	165	164	164	164	180	223	218	217	218	201	185	133	116	116	112	111	111	111	108	105	105	105	102	103	103	103	100	102	103	103	102	109	97	93	94	97	98	100	101	99	98	98	99	100	103	103	100	100	102	102	101	100	193	121	95	99	101	98	99	99	101	101	98	99	99	99	98	96	96	102	99	96	98	97	75	73	74	73	74	74	74	72	71	73	76	75	72	72	70	71	74	72	72	77	79	68	70	64	115	174	66	68	67	64	67	66	66	69	70	68	66	66	68	66	66	81	129	126	125	121	121	124	121	121	121	121	120	120	118	112	107	112	112	109	107	84	100	103	104	104	104	107	107	117	192	120	108	110	110	113	116	125	134	137	140	140	149	161	164	168	172	177	177	182	179	178	176	178	181	185	188	191	191	191	191	190	188	185	182	179	177	173	168	161	157	153	162	198	144	140	139	153	177	172	172	159	153	139	129	124	119	111	106	99	91	83	77	69	65	67	52	48	47	47	47	49	48	47	45	46	46	43	43	42	36	65	182	71	59	64	60	58	51	47	47	49	55	61	64	70	68	54	32	32	43	52	58	65	67	73	79	80	86	86	87	83	82	80	79	77	83	177	70	50	46	45	48	54	63	77	87	98	104	113	128	133	148	122	111	114	113	118	114	110	112	97	85	72	60	56	87	170	160	144	169	189	204	215	216	207	176	184	209	217	199	183	169	172	190	212	225	228	227	228	233	243	236	240	249	249	249	249	249	249	249	249	249	248	249	249	248	248	248	248	248	247	247	247	247	247	247	247	247	248	248	248	248	248	248	248	248	248	248	248	246	247	243	212	207	207	207	210	213	218	225	236	243	246	248	246	246	245	245	246	246	246	246	246	246	246	246	246	246	246	245	245	245	245	244	244	245	245	245	245	245	245	245	245	244	245	244	244	244	242	242	242	242	242	242	242	241	241	238	241	241	239	238	239	239	239	239	238	238	237	237	238	236	236	236	235	236	236	236
244	244	244	244	243	244	244	245	245	245	245	244	244	244	244	244	244	244	245	245	244	244	244	244	244	244	244	244	244	244	243	242	243	244	244	244	244	244	244	244	244	245	244	244	244	244	244	244	245	244	244	244	245	244	245	245	245	245	244	244	244	244	244	244	246	244	244	245	246	247	247	247	247	247	247	247	248	248	251	251	242	224	185	185	208	232	247	250	245	251	218	229	242	240	239	235	236	237	236	231	198	231	229	228	227	227	226	226	224	226	214	192	220	218	218	217	216	216	214	215	214	215	212	185	209	207	207	207	208	208	208	208	210	210	207	212	191	189	200	199	198	198	198	199	201	202	200	197	201	207	212	194	190	190	188	182	177	180	180	178	178	176	178	179	179	179	181	182	184	184	183	183	182	181	182	185	189	189	189	189	188	188	187	188	187	185	185	185	183	185	184	181	180	186	189	191	192	195	194	196	195	197	199	197	196	198	195	191	192	194	197	197	200	198	197	198	198	197	198	198	197	197	197	198	198	198	198	197	198	196	196	197	196	196	196	196	196	194	192	193	193	194	193	193	194	193	193	193	190	191	194	193	193	193	193	193	192	187	189	187	187	190	186	181	187	187	178	181	178	181	189	190	187	186	187	186	184	185	185	185	180	181	181	181	183	183	184	183	186	184	184	185	185	182	184	188	186	181	184	181	181	178	175	175	174	174	174	172	172	169	171	174	171	165	165	169	170	168	167	167	163	180	224	219	219	221	200	191	147	128	129	123	121	122	122	122	121	119	119	118	119	120	118	116	119	119	119	119	120	102	102	105	107	106	109	109	109	108	109	111	113	115	114	112	113	116	118	115	112	195	133	109	113	116	113	114	115	114	113	113	114	114	114	114	114	109	114	112	110	110	108	90	90	90	90	94	90	90	90	90	90	87	87	87	89	86	84	86	84	81	84	89	84	85	79	124	179	79	80	79	77	80	80	81	76	78	80	76	77	73	71	80	93	145	146	142	137	136	145	143	149	147	146	145	147	146	145	139	145	144	144	143	114	140	144	144	144	147	147	146	152	201	149	138	133	131	131	125	128	122	118	107	75	89	90	89	86	90	96	96	95	98	101	104	109	116	125	132	143	150	162	167	167	171	179	183	185	188	188	182	176	173	168	173	202	162	161	162	180	187	183	183	175	175	168	157	149	149	149	149	149	147	149	151	154	158	161	152	141	130	116	103	94	84	75	69	62	56	53	48	44	36	65	179	61	46	48	45	45	45	45	45	43	41	39	40	37	40	48	49	53	57	62	67	71	73	73	73	82	91	90	87	80	73	61	53	49	52	167	58	47	62	70	76	86	89	96	104	108	115	115	114	104	108	108	107	104	98	87	80	71	62	53	55	60	78	96	112	170	143	100	99	99	109	125	143	157	174	184	214	217	215	220	217	206	188	174	173	186	210	221	229	228	225	231	243	246	249	249	248	249	249	249	249	249	249	249	249	248	248	248	248	247	247	247	247	247	247	247	247	248	248	248	248	248	248	248	248	248	248	248	248	247	239	217	217	213	207	204	204	206	207	210	215	224	234	242	246	248	247	247	246	246	246	246	246	246	246	246	246	246	246	246	245	245	246	245	247	245	244	244	245	245	245	242	242	245	245	242	242	242	242	242	242	242	242	242	241	241	241	241	241	238	238	239	238	239	237	236	237	237	236	236	236	236	236	236	235	236	235
244	244	244	244	243	244	244	245	245	245	245	244	244	244	244	244	244	244	244	244	244	244	244	244	244	244	244	244	243	243	243	244	244	244	244	244	244	244	244	244	245	245	245	244	245	245	245	245	245	245	245	245	245	245	246	245	245	245	246	246	246	246	246	246	246	245	247	246	247	247	247	248	248	247	248	247	249	250	238	208	190	208	199	247	252	250	247	247	245	249	215	228	240	239	236	237	236	236	234	230	198	229	227	227	227	227	224	224	224	224	211	192	220	217	217	217	215	214	214	214	215	215	212	184	209	207	207	206	208	207	208	206	206	209	206	212	192	189	198	197	195	196	197	199	199	203	207	210	204	206	214	190	185	185	185	181	175	177	178	179	179	180	180	181	177	177	179	180	181	181	179	181	182	182	183	182	183	185	183	183	187	186	186	188	188	185	182	182	182	182	181	177	178	185	185	185	188	189	190	193	193	196	196	196	196	198	199	196	196	196	196	196	197	197	199	197	197	199	199	197	196	196	196	199	197	199	199	197	197	195	196	198	197	197	197	197	197	197	197	197	193	193	195	193	188	188	191	190	185	189	191	189	190	190	190	190	189	183	181	183	186	187	187	184	187	187	181	186	187	190	190	190	190	189	190	189	186	184	182	185	184	181	181	183	184	184	181	183	184	181	182	185	183	180	178	180	178	181	178	172	178	175	177	172	175	175	173	173	172	172	174	166	168	165	168	169	166	165	163	154	157	183	224	217	216	218	205	194	149	134	135	131	127	127	127	127	127	126	126	127	126	127	128	127	124	125	125	125	124	115	115	113	115	115	119	119	118	118	119	121	119	122	122	122	121	122	122	121	120	199	139	121	121	124	123	124	127	124	124	124	124	125	125	125	124	121	122	124	121	119	115	100	99	100	99	99	99	100	98	95	97	94	94	95	93	90	91	91	88	88	94	94	91	92	86	130	182	89	91	89	89	89	90	90	89	90	90	89	86	82	82	94	105	158	158	158	155	153	160	158	156	156	158	158	157	156	158	151	158	158	156	159	133	155	161	161	160	158	163	164	166	202	166	160	156	158	157	150	156	153	153	139	96	123	123	123	114	117	117	115	110	107	105	104	98	97	93	95	96	93	93	70	90	96	100	96	101	107	110	111	112	121	127	145	197	147	161	173	183	191	192	191	186	188	186	176	168	166	163	160	161	166	173	176	177	177	180	184	176	175	166	156	153	146	142	142	137	129	122	119	108	97	107	190	87	64	60	53	50	50	48	42	43	44	44	40	39	35	45	51	58	61	61	59	52	49	49	52	57	68	74	78	74	47	28	37	38	61	175	81	71	79	82	83	88	91	94	91	88	87	81	81	77	64	67	61	56	50	43	48	62	69	81	89	99	113	129	133	170	152	121	117	118	113	104	100	98	95	96	99	129	180	185	203	216	221	221	211	190	196	182	188	205	219	223	229	231	237	244	249	249	248	248	249	249	249	249	249	249	249	249	249	247	247	247	247	247	247	247	247	248	248	248	248	248	248	248	248	248	248	248	248	247	230	218	222	217	218	217	213	211	208	206	205	206	206	210	218	228	238	244	247	248	247	245	245	245	245	245	245	246	245	245	244	245	245	245	246	245	245	245	245	244	244	242	242	242	242	242	242	242	242	242	242	242	242	242	239	241	241	241	239	238	238	238	239	239	238	236	236	236	236	237	236	236	236	236	236	236	235
243	243	243	243	243	243	244	244	244	244	244	244	243	242	243	243	243	244	244	243	243	244	244	244	244	243	244	244	243	243	244	244	245	244	245	244	244	244	245	245	246	246	246	246	246	246	246	246	246	246	246	246	246	246	246	247	246	246	246	246	246	246	246	246	248	248	248	248	248	248	248	248	248	248	250	250	228	200	191	213	243	245	213	249	246	246	246	245	241	247	212	226	236	235	235	235	234	233	233	228	195	228	226	225	226	226	224	224	222	225	212	194	220	217	217	217	215	214	215	215	214	215	210	184	207	207	207	207	206	206	206	206	205	206	203	209	190	190	199	202	204	210	216	220	225	228	231	231	208	187	189	182	180	182	181	178	174	175	176	175	176	177	177	177	175	176	179	179	180	181	177	178	180	178	180	183	182	181	182	182	181	181	182	182	183	183	181	181	180	181	178	175	177	184	184	180	187	188	192	194	192	192	195	195	195	195	195	194	193	194	194	195	195	195	196	196	198	198	198	198	197	196	195	195	196	197	197	196	195	196	194	195	193	193	191	192	193	193	193	193	191	188	191	188	185	187	188	191	187	192	192	192	193	193	193	193	195	192	189	189	189	190	187	187	186	186	186	186	187	187	189	190	192	189	184	189	187	184	183	184	183	184	183	181	183	183	183	178	181	179	181	183	181	181	184	165	181	184	186	186	181	180	183	157	168	171	165	165	171	175	173	150	162	165	165	165	163	166	162	148	152	180	224	220	218	221	204	196	150	138	135	132	129	129	129	129	129	129	129	129	130	128	127	126	126	127	130	130	131	116	115	119	118	119	121	122	121	121	121	121	124	124	124	124	124	124	124	124	127	200	139	122	125	127	128	128	127	126	127	125	128	128	128	129	127	124	127	127	124	124	121	103	101	103	100	100	102	102	103	101	100	100	98	98	99	96	97	93	90	87	99	102	93	93	91	134	181	92	94	94	94	94	94	94	95	97	95	95	93	88	92	105	118	163	165	164	161	162	166	165	165	165	167	167	165	162	161	156	161	161	163	165	137	162	170	172	169	166	173	172	173	206	173	171	166	166	165	157	165	165	162	151	114	141	139	142	132	135	133	132	130	128	125	125	124	122	118	121	124	127	120	97	133	130	130	124	124	122	118	115	109	109	99	123	185	95	97	98	101	96	98	107	111	114	122	129	135	143	152	158	169	178	186	189	189	192	192	195	189	189	181	171	163	159	157	155	154	153	156	159	162	166	168	204	170	147	137	127	116	107	94	86	77	70	59	50	44	37	45	41	44	45	44	43	46	46	45	43	40	38	37	36	44	52	55	56	58	78	179	90	76	78	79	82	81	79	76	75	67	65	59	53	43	40	41	50	58	65	76	82	89	94	103	111	118	130	133	123	164	147	105	105	104	98	88	76	61	67	83	92	94	129	104	109	127	154	180	202	214	218	214	205	182	195	208	211	226	231	232	235	243	249	249	249	249	249	248	248	249	249	249	249	248	245	246	248	248	248	248	248	248	248	248	248	248	248	248	248	248	248	248	248	248	228	225	208	203	214	220	217	216	216	215	210	207	202	199	201	198	201	210	219	230	241	247	248	247	245	245	245	245	246	246	246	246	246	245	245	245	245	243	243	244	244	244	242	242	242	241	239	242	242	242	242	240	239	239	239	241	241	241	239	238	238	238	238	238	236	236	237	236	236	236	237	236	237	237	236	235	233
243	243	243	243	243	244	244	244	244	244	244	244	243	243	243	243	243	244	244	244	244	244	244	242	244	243	243	244	243	243	244	245	244	244	244	244	244	245	245	245	246	245	245	245	246	246	246	246	246	246	246	246	246	246	246	247	246	246	246	246	247	246	246	247	248	248	248	248	248	248	248	249	249	246	227	193	199	228	247	251	250	242	212	245	244	242	242	241	241	245	211	223	236	234	233	232	234	231	231	228	194	228	226	224	226	224	224	224	222	224	211	192	220	217	217	217	214	214	215	214	214	215	213	184	208	207	207	204	204	205	203	205	206	211	212	220	215	218	224	227	228	230	230	229	230	228	230	231	210	183	165	171	173	178	179	175	171	176	179	176	175	173	174	175	171	173	177	177	180	180	177	178	178	177	180	180	179	181	182	182	182	180	179	179	178	178	178	178	178	178	177	172	172	178	181	181	187	189	191	188	188	189	191	192	193	192	192	193	194	195	196	196	196	196	197	196	197	197	197	197	195	195	195	194	196	193	192	194	194	192	191	191	194	193	191	191	191	191	191	191	193	191	193	192	191	191	191	193	189	192	192	195	193	193	190	190	189	186	189	186	187	187	187	187	183	186	183	186	190	187	189	190	181	190	187	189	189	187	187	180	166	175	175	175	181	181	178	163	176	182	182	179	180	178	178	165	178	172	177	181	178	168	174	168	168	174	172	169	168	176	171	170	170	170	168	165	163	166	160	157	157	180	227	219	219	221	201	197	152	138	138	133	128	128	129	129	129	128	126	126	127	127	127	127	127	127	127	125	133	118	115	118	119	119	121	121	122	121	121	121	124	124	122	122	127	125	124	121	122	200	139	121	127	127	127	127	125	124	125	125	127	127	124	127	126	123	126	126	123	122	120	103	97	100	98	103	104	99	99	102	103	100	98	97	95	93	96	95	95	92	102	104	96	99	94	139	184	97	100	99	100	101	103	103	105	107	102	102	99	96	99	109	115	166	167	167	164	164	168	167	168	167	164	162	164	164	164	161	163	166	167	168	143	170	176	174	172	171	180	177	177	209	180	174	172	174	173	161	171	171	168	156	114	147	147	147	138	143	146	147	147	144	141	141	139	136	131	133	136	144	136	100	143	150	150	138	144	147	145	140	137	141	134	150	192	128	134	130	126	98	87	96	93	85	81	83	81	79	80	81	84	91	99	102	111	123	132	141	150	157	165	168	167	170	171	173	176	179	182	185	182	182	183	204	183	163	156	153	150	148	147	144	142	138	134	131	125	113	110	93	83	71	61	53	50	47	44	44	42	39	37	35	40	51	58	59	62	75	176	70	50	52	58	65	73	78	63	36	32	35	42	50	55	61	68	74	81	83	89	92	94	99	101	101	98	92	84	79	157	127	59	52	52	54	59	68	80	110	132	165	146	145	132	123	112	106	99	105	120	141	165	186	197	213	206	191	200	215	224	230	230	234	242	246	249	249	248	248	249	249	249	249	249	240	243	248	249	248	248	248	248	248	248	248	248	248	248	248	248	248	248	248	248	221	229	193	180	186	195	204	213	218	219	216	216	215	209	204	197	193	193	194	195	198	209	223	237	245	248	248	246	246	246	246	246	246	245	243	246	243	245	243	243	244	244	244	242	242	242	242	241	241	241	241	239	240	240	240	239	241	239	241	239	239	238	238	237	239	237	238	236	237	236	236	236	235	235	236	236	235
243	243	243	243	243	244	244	244	244	244	244	244	243	243	243	243	243	243	244	244	244	242	244	242	244	244	244	242	244	245	244	244	244	244	244	244	244	244	244	244	246	246	245	245	246	246	246	246	246	246	246	246	246	246	246	247	246	246	246	246	247	247	247	248	248	247	247	249	247	247	250	244	223	201	208	212	252	250	249	248	251	242	211	243	242	243	241	242	242	243	207	221	235	233	233	232	232	231	231	225	194	227	226	224	223	223	223	222	221	222	209	191	220	217	215	215	214	213	213	214	213	214	212	184	204	204	207	210	208	213	218	223	226	226	226	229	227	226	227	228	228	229	229	229	231	234	236	238	212	181	157	166	170	176	177	174	171	174	176	176	176	174	174	174	176	175	173	173	175	177	175	177	178	180	180	180	180	179	179	179	182	179	179	179	178	177	175	175	177	177	174	171	172	176	180	181	183	183	185	185	188	189	190	192	191	191	193	193	193	194	195	195	195	195	195	194	193	193	194	194	194	194	194	194	193	194	194	193	193	193	193	193	194	194	193	191	191	192	192	192	191	189	192	189	190	188	188	188	189	189	189	189	189	189	187	187	189	183	188	189	187	189	190	190	177	180	183	186	187	189	190	187	175	186	187	187	187	184	187	180	174	183	183	184	181	183	184	180	179	182	182	179	177	175	172	177	174	169	177	178	174	168	170	173	174	177	172	170	171	174	174	174	168	168	165	165	163	160	159	160	158	170	206	214	193	194	184	198	158	144	141	137	135	135	135	135	133	132	132	134	133	133	130	127	128	128	127	127	134	118	115	115	116	116	118	119	120	121	121	122	124	124	124	125	124	124	124	124	125	199	145	125	128	128	130	131	128	127	128	130	131	130	131	131	130	127	130	130	129	128	126	111	107	109	106	106	109	108	108	108	106	107	107	109	111	105	108	104	102	99	110	108	103	103	100	143	184	103	106	105	104	103	103	101	102	99	93	93	87	87	90	102	121	169	164	167	164	164	170	170	170	173	174	174	174	173	174	173	177	181	183	182	152	174	178	179	174	169	176	175	179	207	179	176	175	178	178	171	173	177	178	169	128	155	156	162	155	159	159	157	151	147	141	139	138	136	133	138	145	147	144	111	154	157	160	157	163	165	159	153	150	147	141	157	195	139	147	151	149	120	114	124	127	122	119	118	112	105	100	100	98	96	93	90	93	94	88	61	76	76	72	72	77	85	96	107	120	132	148	156	160	169	173	208	183	177	171	168	167	163	160	159	159	159	160	162	162	162	165	163	157	138	132	126	116	107	95	85	74	65	56	47	46	47	47	46	44	58	172	58	41	40	37	38	38	37	50	46	52	54	61	68	74	77	79	79	80	83	83	80	77	77	72	66	60	48	41	43	144	108	54	71	76	88	91	98	121	162	118	148	149	138	110	121	129	115	112	103	90	84	72	72	97	170	193	186	205	214	220	223	228	225	228	233	242	247	249	249	249	249	249	249	249	239	242	249	249	249	249	248	248	248	248	248	248	248	248	248	248	248	248	248	246	215	227	189	185	185	183	183	185	192	204	210	215	216	217	215	212	210	204	195	189	187	185	185	191	200	213	227	239	245	248	247	246	246	245	245	246	245	245	244	244	244	244	242	244	242	241	242	242	242	241	241	240	239	239	241	241	241	241	241	238	238	238	238	239	237	237	237	237	237	236	236	236	236	236	236	235	234
243	244	244	243	244	244	243	243	244	244	244	244	243	244	244	244	243	244	244	243	244	244	242	243	243	244	243	244	244	245	245	245	244	244	244	244	244	244	244	245	245	245	245	245	246	246	246	247	248	248	248	248	248	248	248	248	247	247	247	248	248	248	248	248	246	247	248	246	247	240	213	198	218	242	236	227	251	249	250	250	251	238	211	244	242	241	240	241	240	242	206	221	234	233	231	231	231	229	230	223	194	226	224	224	224	223	222	221	220	221	209	191	218	218	215	216	215	215	212	212	213	215	216	205	220	223	225	228	229	227	227	230	226	223	223	226	229	229	231	232	232	229	226	220	214	201	183	167	141	122	158	167	169	178	181	175	171	173	173	173	170	169	169	170	169	172	175	178	179	177	174	174	177	174	174	177	177	180	180	178	177	177	177	177	176	176	174	174	176	176	173	168	169	175	178	179	181	181	181	186	189	189	189	189	189	189	190	191	191	191	191	193	191	190	191	191	191	191	191	194	194	194	191	191	193	194	194	194	191	191	194	191	188	189	188	191	192	192	192	192	191	190	187	187	191	189	190	191	189	186	186	189	190	187	189	190	186	183	184	186	184	181	186	189	182	183	177	177	181	184	186	187	187	184	184	186	186	183	187	184	187	187	186	184	182	182	181	182	182	181	182	181	169	172	174	178	182	181	185	179	172	172	169	176	173	172	170	170	166	162	165	166	165	160	159	159	156	154	157	157	157	178	215	216	213	213	196	200	155	143	140	137	134	132	129	128	129	127	126	125	124	124	125	123	123	121	121	120	133	114	111	114	113	114	116	117	115	116	117	117	116	117	118	118	119	119	117	116	122	203	138	117	120	120	122	122	122	123	123	123	124	124	125	124	125	124	126	126	122	123	122	100	97	97	97	103	104	104	104	103	104	104	104	101	102	99	102	99	98	95	106	111	101	101	98	140	183	101	99	104	104	102	104	104	104	104	101	100	92	95	96	104	121	172	171	173	170	169	176	178	176	175	174	175	177	176	177	174	176	181	181	179	154	178	184	187	180	177	183	183	183	209	185	179	177	176	176	170	179	178	176	165	127	160	160	160	158	164	164	163	164	159	154	153	150	148	142	147	149	152	145	116	158	165	169	160	166	171	171	166	161	162	156	166	196	150	159	158	159	132	124	138	137	133	133	136	135	131	125	122	120	119	116	114	123	120	120	86	112	114	108	100	102	97	93	91	91	91	92	89	83	81	104	182	85	91	101	110	121	132	143	157	169	178	185	185	189	189	181	183	173	156	153	152	152	150	146	144	143	137	131	129	121	108	94	81	70	75	173	57	44	44	41	42	42	32	47	55	58	64	67	67	64	61	55	61	71	77	72	50	38	36	37	46	52	58	61	64	155	126	84	89	90	100	126	130	108	137	162	171	125	98	128	171	109	68	64	61	61	71	88	99	111	159	165	107	109	126	154	186	206	215	223	220	224	233	241	246	249	249	249	248	249	238	242	249	249	249	249	249	248	248	248	248	248	248	248	248	248	248	248	248	243	217	225	184	185	182	182	182	182	181	182	181	187	196	208	214	218	214	212	211	208	205	196	188	184	179	178	185	191	200	218	237	244	247	246	245	244	244	244	244	244	242	242	242	244	242	242	242	241	242	242	242	240	240	240	240	241	241	238	238	238	238	238	238	238	238	236	236	237	237	237	236	236	236	236	234	234	233
243	244	244	244	244	244	244	244	244	244	243	243	244	244	244	244	243	243	242	243	243	244	244	243	243	244	245	244	244	244	244	244	244	244	244	244	245	245	245	246	246	246	246	246	247	246	246	246	248	248	248	249	249	249	249	249	248	248	248	248	248	248	248	248	247	248	250	248	223	185	215	243	252	252	237	228	252	251	251	250	250	238	211	242	240	239	239	237	238	241	205	221	232	232	231	230	230	229	228	221	196	224	224	223	222	222	222	221	220	223	207	192	218	215	215	215	216	219	222	225	225	230	230	227	228	228	226	228	226	227	228	227	230	230	232	229	226	217	206	191	175	160	148	145	148	146	157	169	165	82	156	167	171	178	183	174	167	170	172	172	170	170	170	173	170	172	173	174	177	176	175	177	174	173	174	176	172	175	175	175	178	175	172	172	175	175	175	173	172	173	172	166	165	173	176	176	174	180	183	183	184	185	186	187	184	185	188	188	188	190	188	191	194	191	190	190	191	191	191	193	189	192	189	192	191	191	188	190	191	190	192	191	189	186	189	183	186	189	189	189	183	183	180	180	189	186	189	189	186	186	186	189	190	189	189	190	190	190	189	187	183	180	183	186	186	189	183	186	190	192	190	192	190	190	189	187	187	189	187	186	186	186	184	184	180	177	178	182	181	175	178	178	174	166	174	178	176	172	175	175	173	173	174	176	170	169	167	170	169	160	163	169	169	164	165	163	164	162	161	159	157	180	224	219	218	223	203	194	156	144	142	139	134	134	134	134	133	133	133	133	133	133	133	132	131	131	129	129	136	121	121	121	121	121	123	124	123	123	124	122	124	127	127	124	126	126	126	125	125	204	144	130	132	133	133	133	135	133	133	132	133	133	133	133	133	133	131	133	130	127	130	109	109	106	103	106	109	107	106	106	104	104	103	101	103	100	100	98	95	95	103	107	97	97	94	138	184	97	100	100	100	100	100	99	100	99	97	94	91	94	97	112	127	183	182	182	179	176	182	180	182	182	182	183	181	179	180	176	178	181	181	178	155	176	179	179	179	179	185	182	184	209	186	183	184	185	185	177	180	182	183	171	127	160	162	162	152	161	162	161	158	155	153	155	152	153	149	155	159	163	157	121	170	170	170	165	168	169	168	166	166	166	162	172	201	158	166	165	168	141	136	150	145	137	136	144	139	138	137	132	131	132	130	130	139	138	132	99	127	126	123	120	124	123	120	120	118	115	118	112	113	114	126	182	81	90	90	89	91	91	91	90	90	92	101	110	122	135	150	163	164	163	166	165	168	166	168	171	168	167	165	165	159	156	156	144	136	134	187	117	98	86	71	60	52	45	49	46	44	46	46	45	43	41	41	42	38	41	49	42	47	51	57	65	71	74	79	77	157	130	81	86	89	106	113	133	143	163	171	164	124	126	150	173	105	69	87	91	98	107	122	131	136	164	172	130	129	114	101	104	111	127	152	190	209	219	224	227	237	246	249	249	249	240	243	249	249	249	249	249	249	249	249	248	248	248	248	248	248	248	248	248	239	216	219	181	185	185	185	182	182	182	182	179	179	179	179	185	197	205	211	212	213	210	210	209	200	196	188	181	178	176	179	182	196	217	232	242	245	246	245	243	243	245	243	241	243	243	243	242	243	242	242	242	242	240	241	240	240	240	238	238	238	238	238	238	238	238	238	236	237	237	237	235	237	237	236	234	235	236
243	244	244	244	244	244	244	244	244	243	243	244	243	244	244	243	244	244	242	243	243	243	244	244	244	244	245	245	244	244	244	244	244	245	244	245	245	245	245	245	246	246	246	246	247	247	246	247	248	248	248	249	249	249	249	249	248	248	249	249	248	248	248	248	248	251	232	198	212	226	250	247	249	250	234	227	251	250	250	247	247	233	208	242	239	237	236	237	237	239	204	220	233	231	230	230	229	229	227	220	195	224	224	223	222	221	219	218	217	221	204	195	222	221	225	228	230	231	233	231	225	225	228	228	228	228	230	231	232	232	226	216	203	181	157	148	137	130	139	147	161	179	188	200	208	207	208	213	196	80	162	170	173	178	180	173	172	171	169	169	171	173	173	173	170	170	173	174	177	174	172	172	174	175	176	176	175	175	175	172	175	172	170	175	175	175	175	172	172	173	171	165	164	171	173	173	172	178	178	181	181	179	184	185	185	187	185	182	186	189	190	189	189	186	192	192	191	191	191	193	189	189	180	192	192	191	191	191	188	185	188	190	192	186	183	186	189	189	186	183	183	186	186	186	186	186	192	189	186	189	189	189	189	189	187	186	187	189	187	184	186	186	186	186	186	186	186	189	187	187	183	181	181	184	184	181	181	186	184	181	178	178	177	175	173	173	173	179	179	172	172	176	179	179	185	188	181	176	176	180	182	181	179	178	176	176	176	178	177	174	172	174	171	169	172	168	171	168	167	165	160	183	224	219	218	222	201	192	157	145	142	138	138	138	135	135	133	133	134	136	136	136	136	134	135	135	135	135	140	122	120	123	124	124	125	127	125	127	127	126	127	130	130	128	128	128	126	126	129	202	144	126	131	131	133	133	134	134	134	134	133	133	133	133	134	133	133	134	130	135	133	109	104	106	104	106	107	106	106	106	104	103	104	103	100	98	101	98	95	95	106	113	98	96	94	142	182	95	100	100	99	100	101	102	98	98	100	101	100	101	103	115	130	181	178	183	182	179	186	185	185	185	183	183	183	182	182	177	178	183	184	181	152	174	182	185	180	177	185	182	185	209	188	185	183	185	185	179	185	186	185	171	133	165	165	165	158	164	161	158	159	158	156	156	158	161	155	158	157	163	162	133	172	172	174	168	170	171	171	171	166	166	165	178	201	161	172	172	175	148	134	152	151	145	142	145	146	144	141	139	140	139	138	137	144	148	142	105	134	139	136	131	136	133	133	133	132	131	134	129	131	136	144	185	98	122	123	117	123	125	130	124	115	115	114	102	92	93	88	74	70	79	90	100	115	129	150	165	176	180	183	184	181	177	170	158	153	157	195	154	146	146	141	136	127	113	102	83	69	60	49	45	44	41	41	42	42	35	46	53	56	59	66	68	69	68	64	64	155	125	70	62	53	65	133	137	147	140	142	149	128	127	83	125	137	107	103	116	121	128	132	134	121	151	163	106	106	96	82	77	72	68	72	128	132	142	178	205	218	224	233	242	248	239	245	249	249	249	249	249	249	249	249	249	249	248	248	248	249	249	248	249	231	220	213	179	185	185	185	182	183	182	182	182	180	181	180	179	177	177	183	192	202	206	211	211	207	208	205	201	195	189	183	180	174	172	180	194	210	225	238	245	248	245	243	243	243	243	243	243	243	243	243	242	240	240	242	242	240	240	240	239	240	240	239	238	239	239	238	238	238	238	237	237	237	237	236	234	236	235
244	245	245	244	244	244	244	244	242	243	243	242	243	243	244	243	244	244	243	242	243	243	244	244	244	245	245	245	244	244	244	245	245	245	245	245	245	245	245	245	246	246	246	246	246	246	246	246	248	249	249	249	249	249	249	249	248	248	249	249	248	248	248	250	242	209	193	226	245	234	247	247	249	251	232	225	252	247	244	244	244	233	207	240	237	237	236	235	234	236	202	219	231	230	229	230	229	227	227	220	195	224	223	221	221	221	221	221	222	227	223	223	233	231	231	231	229	230	230	231	228	232	233	231	227	218	208	193	173	159	144	135	142	147	139	163	181	189	204	211	211	214	215	215	217	211	209	216	195	83	164	171	175	179	180	172	170	173	174	172	173	170	170	167	167	167	170	171	175	173	172	173	173	174	174	172	173	173	172	172	172	175	174	172	172	175	172	167	169	172	169	163	163	169	170	172	176	175	173	179	177	173	182	184	183	185	184	181	184	184	188	187	189	184	188	181	185	187	188	191	189	186	183	189	188	188	188	188	186	184	187	187	189	189	183	192	194	189	186	186	189	189	192	189	186	186	192	189	186	186	186	186	187	184	184	187	186	187	186	184	183	180	183	183	183	184	183	183	187	187	184	184	183	187	189	187	187	189	190	189	187	187	186	184	179	178	180	182	178	175	173	179	179	183	181	179	176	176	173	178	178	180	178	177	176	176	173	169	171	173	169	171	166	163	165	163	162	162	162	162	157	180	224	218	219	220	201	197	154	142	140	137	137	135	134	134	133	131	131	130	132	132	130	132	130	130	129	129	141	121	118	117	121	122	122	124	123	124	125	126	124	125	127	124	126	126	125	124	124	204	143	125	128	129	131	133	131	133	133	133	133	133	133	133	131	131	131	131	130	130	127	107	104	103	101	106	109	107	106	106	106	103	103	103	103	100	103	101	95	100	107	107	98	99	98	142	182	97	103	106	105	105	105	106	109	107	106	104	103	106	109	118	124	181	181	181	179	176	185	185	182	183	185	183	182	182	182	179	178	181	184	181	158	180	182	183	182	182	191	189	189	209	189	186	185	186	185	177	185	186	183	176	133	163	163	163	157	164	167	165	161	161	161	162	164	164	156	161	163	169	160	121	169	175	175	168	171	176	176	171	169	172	169	178	206	164	172	171	174	143	130	152	151	144	144	150	147	145	145	146	149	150	147	147	153	155	150	114	141	141	141	139	144	138	138	141	135	138	144	138	136	142	151	187	115	138	137	131	138	140	137	131	132	129	133	123	121	123	120	99	92	103	98	97	102	96	90	90	90	94	107	122	136	146	158	161	166	170	199	172	166	164	161	159	156	156	151	145	140	129	118	110	98	83	67	58	46	39	46	46	49	53	47	50	89	148	98	36	147	111	43	36	37	41	125	150	113	107	132	145	122	129	118	142	124	116	103	101	97	93	84	81	65	122	136	57	60	65	69	78	91	112	126	151	134	113	110	112	135	170	201	215	225	231	237	248	249	249	249	249	249	249	249	249	249	249	249	248	246	248	248	249	226	223	204	179	185	185	185	182	185	183	182	182	182	182	182	182	178	179	177	174	178	181	189	198	207	211	211	210	206	207	203	197	190	186	180	174	171	174	186	205	224	235	244	245	247	245	245	245	243	243	243	243	243	242	243	242	241	242	241	240	240	242	241	241	239	239	238	238	238	238	238	238	236	237	237	237	237	236
245	245	245	245	244	244	244	244	244	244	244	244	244	244	244	244	244	244	244	244	244	245	245	245	245	244	244	244	244	245	245	244	244	245	245	245	245	245	245	245	246	246	246	246	246	246	248	248	249	249	249	249	249	248	248	248	248	248	248	249	249	248	248	239	200	212	245	249	241	236	249	248	249	252	231	224	250	246	244	241	243	231	206	239	237	235	233	235	233	237	204	220	229	230	228	228	227	227	225	218	194	224	222	224	225	228	229	228	229	232	230	230	230	229	231	232	234	236	236	227	213	200	180	161	146	140	142	151	164	176	188	194	208	209	186	201	209	209	216	216	216	214	216	216	216	213	211	216	192	83	165	170	175	180	181	172	165	171	174	176	176	171	172	171	170	170	169	167	169	170	172	175	173	173	173	173	172	172	172	170	172	172	170	170	171	172	171	167	165	166	164	161	162	168	169	169	172	176	176	178	174	171	176	178	179	182	182	182	182	178	184	184	184	184	187	183	182	185	188	190	186	192	192	189	189	191	191	191	189	186	188	188	192	192	192	189	188	186	183	189	189	190	192	189	189	186	189	189	186	183	183	183	186	184	185	189	190	189	187	186	187	187	190	188	188	188	188	187	187	188	185	185	185	185	184	184	185	183	184	185	184	183	184	184	180	180	180	178	177	177	177	183	181	175	181	183	183	184	181	178	175	176	177	175	175	172	169	163	168	169	169	169	165	161	161	161	162	160	157	156	150	176	226	218	220	219	201	196	157	145	140	139	138	138	135	132	134	134	133	133	134	133	132	133	134	134	133	131	135	117	116	117	120	120	121	122	124	124	123	124	125	125	125	124	125	125	126	125	125	204	146	131	134	132	134	135	132	132	134	134	137	137	135	135	136	134	134	133	131	136	133	107	105	102	102	108	106	104	104	105	106	104	104	103	100	100	103	97	97	100	110	115	104	103	100	147	184	104	106	106	104	104	104	105	102	104	103	100	97	100	103	115	137	184	181	187	182	179	185	182	185	186	185	185	183	182	183	179	183	187	188	187	158	180	186	189	185	182	187	188	188	208	188	186	188	188	188	179	186	186	185	180	140	165	166	168	161	167	167	166	166	164	163	163	164	164	158	164	166	170	166	129	174	174	175	171	175	178	178	176	178	177	175	181	203	173	175	173	175	146	136	151	147	143	146	150	148	148	148	147	147	153	151	146	156	156	154	118	146	146	146	143	147	147	144	142	141	146	149	142	144	153	160	186	119	148	149	143	147	147	144	145	144	141	144	138	136	138	137	113	110	125	122	119	130	132	129	125	120	115	104	95	88	78	62	73	81	102	187	143	153	166	175	179	180	178	162	158	155	152	148	145	143	143	137	131	118	102	92	73	65	55	61	98	138	152	99	32	144	99	46	56	53	102	162	151	117	119	148	149	162	134	133	149	149	100	57	43	41	48	48	54	56	130	143	82	94	99	106	115	123	136	142	161	138	131	132	122	112	101	98	110	148	199	220	230	238	244	248	250	249	249	248	249	249	249	249	249	240	246	248	249	222	223	196	182	185	185	185	185	184	182	182	182	182	182	181	182	182	179	179	179	175	176	176	176	178	184	193	199	209	211	210	207	205	202	198	190	183	179	174	174	174	183	199	216	232	243	246	245	243	243	243	244	244	242	243	244	244	244	242	242	242	242	241	241	240	240	239	239	238	238	238	238	238	237	238	237	236	236
245	245	245	245	244	244	244	244	244	244	245	245	245	245	245	245	245	245	245	245	245	245	245	245	244	245	244	244	244	245	245	245	244	244	244	245	245	245	245	245	246	246	246	246	246	247	248	248	249	249	249	249	248	248	248	248	248	249	249	249	248	252	220	203	232	250	247	248	241	235	250	249	250	252	229	223	246	242	242	239	241	230	206	235	235	233	233	234	234	237	203	218	230	228	226	226	226	226	226	221	202	229	229	229	232	229	231	232	229	228	233	233	234	235	231	219	200	176	151	132	115	119	149	163	176	197	208	210	212	213	213	209	210	209	189	204	211	206	212	215	214	214	215	215	215	211	209	215	192	84	164	170	175	180	182	173	166	168	171	173	169	166	167	166	168	177	173	172	172	171	170	172	169	170	172	172	172	173	171	170	171	169	167	168	167	165	170	167	167	167	165	158	161	167	166	164	165	172	173	175	173	172	173	176	181	182	182	184	182	181	184	184	186	186	189	189	189	190	189	189	186	189	189	189	186	189	187	186	186	186	186	186	190	187	184	181	183	189	186	186	189	193	193	190	189	189	186	186	186	186	186	186	186	189	189	189	189	187	184	184	184	187	187	187	184	187	188	187	188	188	188	185	182	181	182	185	184	180	179	181	183	183	184	184	183	182	179	178	177	179	177	181	175	172	177	176	172	171	171	169	163	162	162	162	160	157	156	154	147	142	144	143	138	135	133	132	124	121	119	116	105	150	228	217	218	218	203	194	155	143	142	139	137	138	137	135	132	133	133	132	132	132	135	135	133	131	130	130	140	124	118	118	120	120	122	122	119	120	121	121	121	121	121	122	122	121	121	119	125	204	146	123	130	128	128	128	131	131	131	131	133	132	131	131	133	133	133	133	133	133	130	109	109	109	107	111	111	110	111	110	109	109	109	109	106	106	109	100	101	106	116	116	105	107	98	143	183	100	104	106	104	104	104	103	103	102	101	100	99	103	104	112	125	185	186	185	182	182	188	186	185	185	185	186	187	186	189	181	186	188	188	188	164	183	185	188	188	183	186	188	191	209	192	186	185	188	186	179	186	186	185	173	137	166	168	168	161	166	167	169	167	166	163	163	167	167	158	161	163	164	162	128	175	178	181	175	179	179	179	180	179	179	179	185	204	173	178	180	179	152	141	152	153	149	148	152	149	149	149	149	151	156	155	147	158	158	155	113	146	153	153	146	151	147	146	149	152	149	152	150	153	156	160	187	127	152	155	150	154	154	153	153	152	152	152	148	147	152	151	125	124	144	144	139	145	142	140	137	133	133	126	122	123	115	86	104	96	102	180	93	83	83	88	101	116	129	143	155	164	169	168	166	165	158	153	153	150	147	143	135	161	141	160	153	97	128	90	40	149	101	47	54	81	139	129	152	122	76	112	116	135	151	125	121	130	113	59	61	62	73	84	81	84	140	151	97	107	111	118	117	122	121	105	110	99	86	81	70	65	72	78	83	106	167	163	153	198	219	230	237	244	248	248	247	249	249	249	249	240	246	248	248	217	226	187	185	185	183	185	185	182	184	183	182	182	182	182	182	182	180	181	179	179	179	178	178	177	175	174	176	184	194	204	209	212	210	206	206	205	199	193	186	181	176	173	176	180	192	211	230	241	245	245	245	245	244	245	244	243	243	243	243	243	243	242	242	242	242	240	240	240	240	239	238	238	238	238	238	237	235
245	245	245	245	244	244	244	244	244	245	245	245	245	245	245	245	245	245	245	245	245	245	245	245	244	244	244	245	244	244	245	245	245	244	245	244	245	245	246	246	246	246	246	246	248	248	248	248	249	249	249	249	248	248	248	248	249	249	248	249	247	212	200	239	237	246	247	249	240	233	249	249	250	251	228	219	245	242	240	240	240	229	205	236	233	233	230	232	234	235	201	219	229	229	228	227	227	229	230	230	232	226	226	229	229	229	232	232	237	232	222	205	180	157	139	136	138	147	166	186	177	174	209	206	207	213	213	214	212	212	211	206	211	208	189	205	209	205	211	211	212	214	214	212	214	211	209	212	191	83	165	168	175	179	179	171	164	165	168	171	168	168	174	195	189	171	169	169	173	170	170	170	169	169	170	168	167	167	168	167	170	170	167	167	167	164	167	164	161	164	167	158	155	161	164	161	164	171	173	174	175	174	174	176	179	179	179	179	179	182	182	182	189	186	186	186	186	183	186	186	186	186	184	183	180	183	183	183	186	186	186	186	187	187	187	186	186	189	186	189	190	193	192	187	186	186	183	183	186	183	183	186	189	188	187	187	186	186	184	182	184	184	182	184	180	180	183	185	186	186	183	180	179	178	179	180	178	174	172	172	171	167	165	165	163	160	154	150	144	144	135	130	129	124	120	112	106	102	96	91	88	85	79	76	74	71	68	66	64	63	63	64	63	62	62	62	64	66	67	68	61	128	229	216	218	220	206	199	157	146	143	139	140	141	140	137	135	135	135	135	135	135	135	135	136	136	134	133	137	119	117	118	121	122	122	123	123	123	124	127	125	127	128	128	128	128	130	130	132	201	149	132	136	136	136	136	137	137	137	137	140	139	137	138	136	136	137	136	136	140	134	112	113	112	110	114	111	110	113	113	108	108	108	108	107	103	104	103	100	100	110	112	100	103	98	148	182	99	103	104	103	103	103	103	104	101	100	101	102	101	101	115	135	188	186	188	180	182	188	188	191	189	189	189	187	186	189	181	185	188	188	188	165	185	186	188	185	183	188	189	189	209	188	186	186	188	188	179	186	188	188	174	129	169	168	171	163	167	167	167	163	163	164	166	167	168	161	165	168	174	169	127	180	183	183	175	182	182	180	179	180	180	180	185	204	172	181	177	182	153	140	153	156	147	144	153	152	150	152	156	158	156	155	156	161	162	162	122	155	155	153	149	155	155	155	155	158	158	161	158	156	161	165	189	130	157	160	151	160	162	160	157	160	160	160	155	153	157	158	132	133	153	150	146	151	149	148	148	146	145	139	134	136	130	101	119	118	126	186	126	120	118	113	107	91	79	71	66	71	88	104	125	147	160	170	172	168	164	153	163	164	128	141	122	103	126	121	106	165	124	56	58	149	154	127	133	135	108	92	106	124	157	108	99	92	138	117	68	84	134	99	84	81	141	150	82	80	70	73	64	58	55	52	52	62	67	79	84	89	105	123	133	144	167	160	108	111	132	167	200	223	238	241	247	249	249	249	249	240	246	249	246	215	227	183	185	184	185	184	184	184	185	185	185	182	182	182	182	182	179	180	178	179	180	179	178	179	180	180	180	177	177	182	186	196	204	213	213	213	213	214	205	201	195	187	180	179	176	176	180	192	210	230	240	244	246	246	246	243	243	243	243	243	243	243	242	243	243	240	242	242	240	240	239	239	238	238	238	238	236
245	245	245	245	244	244	244	244	245	245	245	245	245	245	245	245	245	245	245	245	245	245	245	245	244	244	245	245	245	245	244	245	245	245	245	244	245	246	246	245	246	246	246	246	246	248	248	248	249	249	249	249	249	249	249	249	249	249	251	253	212	199	247	247	237	246	247	248	239	233	251	250	250	252	228	218	244	239	239	238	238	227	204	234	232	232	232	230	232	232	199	221	228	228	231	232	230	229	230	229	229	228	233	234	235	232	216	195	160	137	129	128	144	165	183	197	208	209	208	212	196	186	213	207	207	213	212	213	212	212	212	206	209	209	192	208	212	206	212	215	217	212	211	214	214	209	209	216	192	79	165	168	172	177	179	172	163	163	163	164	166	170	181	226	220	177	171	169	172	170	167	167	169	169	169	169	167	167	167	164	164	164	164	167	167	164	167	164	164	158	161	158	158	167	170	170	170	172	171	174	174	174	175	175	176	176	176	176	179	179	177	181	183	177	174	180	183	183	183	183	183	183	183	183	186	187	189	189	189	189	189	189	187	187	186	184	186	186	180	185	187	190	190	187	181	183	183	186	186	186	183	183	183	183	182	180	182	182	179	174	178	180	179	177	174	170	164	161	156	154	148	141	137	131	124	119	116	110	101	95	89	83	77	76	74	73	71	68	67	71	70	71	75	72	79	81	84	87	91	94	96	99	106	111	114	119	126	129	137	135	137	150	150	151	153	156	162	164	167	170	170	187	225	220	220	220	203	196	154	145	142	136	137	137	135	132	132	133	132	133	132	132	135	135	136	135	133	133	140	118	119	121	122	122	124	125	126	124	125	127	127	127	127	127	127	127	127	125	128	204	147	129	133	133	134	136	136	136	136	136	136	136	136	136	137	137	139	140	140	136	137	113	112	112	109	113	112	111	112	111	110	110	109	110	108	104	106	103	103	106	115	118	100	101	97	145	183	102	101	103	101	103	106	106	105	103	102	101	101	106	104	110	138	188	185	189	185	186	191	191	189	189	191	191	189	187	190	183	189	191	191	188	155	179	185	186	182	182	186	185	186	209	194	189	188	191	191	185	191	191	191	182	139	165	165	168	163	166	166	164	161	161	163	163	162	165	162	168	169	169	170	139	183	184	186	178	180	183	183	182	182	182	183	186	204	177	181	183	185	159	147	158	154	150	152	156	155	156	157	158	158	161	159	158	165	164	161	120	158	159	158	155	158	155	157	161	161	161	165	159	156	166	169	191	130	158	161	154	162	163	162	163	170	167	165	158	157	166	167	138	132	156	151	151	156	153	152	151	153	156	151	147	150	144	111	129	134	134	191	137	131	126	125	127	117	114	111	92	79	87	75	72	75	77	85	93	109	124	142	161	168	133	126	124	141	140	148	147	179	163	129	137	150	118	85	133	127	85	82	128	130	124	122	140	106	123	123	97	92	122	87	47	43	121	132	39	44	43	55	61	68	75	81	87	99	105	113	119	127	134	147	150	147	164	163	126	116	101	83	86	133	192	208	228	239	244	249	249	240	246	249	239	214	221	179	187	184	184	183	184	183	184	182	182	182	182	179	182	179	179	180	179	179	179	177	178	180	177	176	177	178	176	175	176	176	178	185	194	204	210	217	211	208	207	205	203	199	190	187	181	179	176	180	191	206	224	236	244	246	245	245	245	245	245	243	243	243	243	243	243	242	242	240	240	240	239	238	238	238	238
245	245	245	245	244	244	244	244	245	244	244	244	245	245	245	245	245	245	246	246	245	246	246	245	245	245	245	245	245	245	245	245	245	245	245	245	246	247	246	246	248	248	247	247	248	248	248	248	249	249	249	250	249	249	249	249	250	249	249	214	220	245	249	245	236	248	247	250	239	233	253	250	250	253	227	218	243	239	238	237	238	227	204	234	231	233	232	231	232	232	217	229	232	230	230	232	233	231	231	235	234	227	212	190	164	140	129	140	135	156	190	198	209	212	212	212	212	212	207	210	195	187	211	209	207	213	212	213	212	212	212	204	211	212	192	206	210	206	210	212	212	212	214	212	214	209	206	212	189	82	165	163	170	178	181	173	163	163	165	166	164	164	179	225	219	178	171	170	170	167	164	167	171	169	166	164	162	164	167	167	167	164	161	164	164	161	164	161	163	160	160	157	158	164	164	166	170	170	169	173	173	173	176	176	176	176	179	178	183	182	180	183	186	186	186	187	189	186	184	184	183	181	181	183	182	185	186	185	186	187	187	185	184	184	186	188	185	185	184	182	183	184	185	184	180	179	179	179	176	176	173	167	164	159	152	146	140	139	130	121	119	119	113	110	101	84	78	75	73	73	72	70	72	74	77	80	84	89	95	102	111	116	120	126	131	139	146	150	156	162	166	171	170	173	163	167	172	172	173	174	174	174	174	174	177	178	179	180	182	188	197	198	195	195	192	191	189	187	186	183	178	197	225	217	219	219	203	193	151	142	139	133	137	137	135	135	132	133	133	133	131	132	134	135	134	134	131	132	144	119	112	115	116	116	118	119	119	119	117	117	119	119	119	119	122	123	123	122	121	201	146	128	130	131	133	134	131	131	131	131	130	131	133	133	133	133	136	136	133	136	133	100	101	102	101	105	104	103	103	101	103	104	103	101	101	101	104	100	98	100	110	113	99	101	95	144	182	98	104	104	104	103	103	103	103	106	103	103	103	109	109	116	131	189	191	188	185	185	189	188	189	189	189	188	187	187	189	181	185	188	191	189	164	180	183	186	184	184	190	191	193	210	190	190	191	191	192	185	191	191	191	182	136	163	165	167	158	163	163	163	163	161	163	163	169	169	160	165	172	174	165	124	177	181	183	177	181	185	186	186	185	185	187	192	206	181	187	186	186	155	150	162	161	155	154	160	159	160	160	158	162	167	164	159	168	170	165	125	160	161	160	157	161	163	164	162	165	164	165	162	159	166	169	192	133	162	165	161	167	167	166	168	169	169	170	166	165	168	168	144	139	160	154	151	160	159	159	159	160	158	153	151	154	154	124	145	145	142	189	145	140	143	145	140	127	130	128	111	104	116	108	108	115	107	96	88	78	69	69	68	72	103	141	132	148	146	160	164	182	169	150	159	119	112	82	129	137	110	122	137	107	100	144	118	71	100	119	132	122	147	135	42	38	123	141	58	69	78	83	83	88	94	97	100	103	109	116	115	112	107	95	85	73	137	129	58	61	69	79	88	116	133	112	152	193	222	234	241	237	244	248	234	216	214	178	185	183	183	184	184	182	183	182	182	182	181	181	179	180	179	180	179	180	178	177	178	177	178	178	176	175	176	177	177	176	174	172	172	172	181	192	199	206	211	212	209	208	206	206	199	194	189	183	182	183	186	194	207	223	236	243	247	246	244	244	244	244	244	244	244	242	243	243	243	242	240	240	241	239	239
245	245	245	245	245	245	245	245	244	244	244	244	245	245	247	247	244	244	245	245	246	246	246	246	246	245	246	246	246	246	246	246	246	246	246	246	247	247	247	247	248	248	248	248	248	248	248	248	249	249	249	250	249	249	249	251	250	252	207	188	240	248	249	246	237	250	249	251	237	232	251	250	250	253	226	220	242	240	238	236	237	228	207	234	233	234	235	236	235	234	235	229	232	232	234	235	234	224	209	182	154	136	130	142	161	182	193	211	187	193	212	205	211	212	212	212	212	212	205	212	192	188	209	206	205	211	210	211	211	211	210	203	208	209	190	206	209	203	209	209	209	209	209	209	212	209	209	212	189	81	165	168	172	179	178	170	161	163	164	166	167	164	184	227	221	171	167	171	168	167	167	170	170	170	169	167	164	164	161	158	161	164	161	161	167	164	164	161	159	159	156	153	152	164	164	164	164	167	167	171	178	176	179	178	177	178	178	179	180	181	184	184	183	186	186	186	183	182	182	182	182	182	182	182	184	184	182	180	183	183	181	181	182	178	178	175	168	163	160	159	156	150	141	136	128	121	113	109	104	96	92	92	84	82	82	81	83	86	85	89	124	142	150	159	149	102	126	132	137	141	147	149	152	158	164	167	169	180	187	199	199	202	199	202	201	203	201	196	197	195	193	191	206	199	174	194	193	193	194	197	194	194	194	194	195	193	193	192	193	205	199	152	160	163	164	164	163	163	164	166	165	189	227	218	219	220	205	197	152	145	140	134	134	132	132	131	130	129	129	129	131	132	134	134	134	134	134	133	137	121	119	118	118	119	122	122	121	121	118	118	119	120	121	120	121	122	122	122	124	201	141	122	125	127	128	128	128	130	130	131	133	133	133	133	132	132	132	132	130	133	133	103	104	104	101	104	104	106	107	106	106	106	104	103	101	101	103	98	100	103	115	119	98	100	95	145	180	98	103	104	101	101	103	104	103	103	97	98	100	104	103	112	143	189	188	191	185	183	188	188	189	191	191	188	184	187	187	182	188	192	194	191	161	179	185	187	184	184	187	190	190	209	193	191	191	192	191	183	191	194	194	183	140	163	163	163	158	163	163	163	163	163	166	169	166	167	162	169	172	175	173	142	183	185	185	179	182	184	184	184	186	186	186	193	207	179	186	186	188	156	143	161	161	160	160	163	163	164	166	166	171	168	162	162	170	168	164	128	160	164	163	160	166	164	163	165	168	168	168	162	160	168	172	188	140	171	169	163	168	171	171	170	171	173	173	167	170	173	173	144	138	160	157	154	164	165	167	166	166	164	158	155	157	156	129	148	150	149	196	156	151	154	152	149	138	139	136	121	116	131	127	130	129	125	119	119	116	104	106	95	71	83	120	108	124	127	113	101	174	169	155	167	159	148	126	127	134	126	118	138	120	116	141	93	68	107	139	134	125	123	123	67	55	129	144	67	78	77	83	85	94	104	113	116	133	138	69	50	53	54	53	55	64	135	138	89	98	111	126	137	154	154	132	117	112	133	171	204	224	239	247	231	220	201	174	183	182	183	197	194	182	184	183	182	180	181	181	179	179	179	179	179	179	179	179	178	178	178	178	177	177	177	177	176	176	175	175	175	175	174	172	174	178	187	196	207	209	209	208	208	207	207	202	195	191	189	188	186	186	192	204	222	234	242	246	246	247	245	244	245	243	243	242	240	242	242	240	240	240	240
245	245	245	245	245	245	245	245	245	245	245	245	247	247	247	247	247	245	245	245	246	246	246	246	246	246	246	246	246	246	246	246	245	246	246	245	246	246	246	247	248	248	248	248	248	248	248	248	249	250	250	251	251	249	249	248	250	231	183	247	243	246	249	246	236	251	250	251	237	229	253	250	249	251	225	219	243	238	237	236	237	222	210	238	236	236	234	234	231	231	231	235	237	235	219	189	153	120	109	133	155	186	202	212	215	213	208	211	188	192	209	205	209	209	209	207	210	209	203	209	193	188	210	206	203	211	211	209	209	209	209	203	206	207	188	208	209	203	211	212	212	212	211	209	209	205	205	210	187	84	166	166	173	178	175	166	161	163	163	163	165	164	184	228	221	171	165	164	164	164	164	164	166	167	169	169	167	167	164	161	161	161	158	161	161	158	164	162	159	159	156	150	149	161	161	164	164	170	170	173	172	173	175	176	177	176	174	177	179	180	180	179	180	180	180	180	179	180	179	179	180	180	177	174	174	171	165	161	153	145	139	135	129	120	109	102	100	97	91	85	84	84	86	87	91	97	105	111	118	124	133	136	144	147	152	154	156	158	160	172	206	215	215	215	197	157	169	184	186	188	190	191	195	195	197	198	198	201	207	189	171	176	171	171	173	173	172	170	170	171	172	175	207	206	185	206	197	194	191	190	191	191	188	187	188	189	190	190	189	208	204	159	190	188	187	188	189	189	189	189	189	202	225	218	222	223	204	196	145	137	137	133	132	132	132	132	128	128	130	130	129	129	131	131	132	131	128	128	144	116	117	119	118	118	118	119	121	121	119	118	115	117	117	115	121	120	117	116	121	201	144	124	126	127	127	125	130	130	130	131	131	133	133	133	133	133	134	136	133	133	132	103	103	103	101	105	104	104	106	106	106	106	103	103	104	104	107	103	106	106	115	120	101	101	99	148	179	102	104	107	104	106	106	106	104	103	100	103	103	104	103	112	128	182	182	182	180	180	186	185	180	182	184	182	182	185	187	182	186	188	191	191	163	181	187	185	182	184	187	190	191	209	191	191	188	191	191	183	192	194	191	181	139	166	164	169	160	166	166	166	167	167	169	169	167	169	163	169	173	172	166	134	181	185	185	181	182	185	188	190	190	190	190	193	206	183	189	188	188	155	141	156	155	149	152	160	158	161	166	169	168	169	165	163	170	173	170	132	164	166	166	164	167	167	169	172	169	171	172	166	165	171	174	190	142	173	174	168	170	173	173	174	176	176	177	173	170	173	176	151	145	163	159	155	167	167	168	167	166	166	160	156	160	160	133	154	160	151	196	160	158	160	160	157	145	145	145	129	127	143	139	137	141	138	135	135	134	121	123	126	167	128	123	112	125	109	90	68	156	117	69	87	121	143	126	109	151	123	114	146	136	133	131	119	102	128	121	118	110	72	61	57	48	131	133	52	92	113	119	136	144	153	156	152	150	157	86	70	79	87	93	92	94	145	156	117	125	135	140	137	137	131	110	101	97	76	67	106	183	221	229	221	225	197	179	182	182	183	205	200	181	183	181	181	180	181	181	180	180	179	178	179	178	179	179	178	178	178	178	178	177	176	176	176	175	174	175	173	173	175	176	174	174	173	171	174	184	195	204	210	211	210	207	207	206	205	199	193	191	192	191	191	198	204	219	234	243	246	247	246	245	243	243	245	243	243	242	242	240	240
245	245	245	245	245	245	245	245	244	244	244	245	247	247	247	247	245	245	247	247	246	246	245	245	246	246	246	246	246	246	246	246	246	245	246	246	247	247	246	248	248	248	248	248	248	248	248	248	250	250	251	251	251	249	249	249	244	211	234	250	241	247	249	246	236	251	250	251	236	229	253	251	248	247	224	219	241	237	238	237	236	240	234	238	236	235	233	235	235	237	229	205	174	140	131	134	161	173	185	205	206	214	212	212	212	209	206	209	186	192	209	201	210	209	209	210	209	206	200	209	194	190	210	203	204	209	206	206	206	206	207	200	205	205	185	205	209	203	209	209	209	208	209	209	209	206	206	212	186	84	169	169	173	178	178	167	159	165	167	166	165	161	181	226	221	173	167	164	166	164	164	164	164	164	164	164	167	164	164	164	164	164	158	161	161	158	158	155	157	157	154	151	155	158	155	161	164	167	166	167	170	172	170	172	175	175	176	176	175	178	178	174	173	169	167	166	158	154	148	142	133	125	117	110	104	98	95	92	94	94	94	94	99	103	112	119	125	132	141	147	155	161	169	175	180	186	189	191	181	175	187	188	189	189	192	193	197	197	197	204	216	214	216	220	205	169	178	203	201	201	199	199	197	197	196	197	199	203	211	173	179	196	195	197	196	198	198	199	202	202	202	202	215	208	186	209	200	194	191	192	192	191	189	188	189	189	187	187	193	208	206	164	184	184	184	184	183	185	185	186	183	200	223	220	221	222	204	195	151	139	136	133	135	134	132	131	131	130	130	130	129	131	132	133	132	131	128	127	142	118	113	113	116	118	116	118	121	121	121	121	120	122	122	119	125	124	123	123	125	203	149	128	131	131	133	133	133	133	134	135	136	136	136	136	136	136	137	136	133	142	136	99	99	102	102	108	106	104	106	107	106	106	107	106	103	102	104	100	98	100	110	114	98	101	96	143	179	97	100	99	99	98	97	97	95	97	94	97	97	98	103	116	134	182	182	185	179	179	183	183	182	185	186	185	183	185	187	181	185	186	188	191	169	179	181	184	181	181	184	187	188	206	185	185	186	188	188	180	188	191	194	182	134	169	166	166	164	169	169	166	166	166	166	169	170	172	163	164	170	176	172	136	186	188	188	182	187	190	190	190	190	192	192	193	206	183	188	191	194	158	137	149	146	145	146	152	154	155	157	158	159	163	162	160	167	168	167	131	164	166	164	166	170	169	169	172	171	172	174	166	168	175	175	193	143	176	176	168	174	179	179	176	176	177	179	171	173	179	179	149	148	169	167	163	173	173	173	170	169	168	163	160	163	160	135	159	160	155	196	164	164	163	162	161	153	155	159	140	132	149	145	144	149	147	145	141	141	132	135	131	163	138	136	111	114	109	112	104	172	133	89	122	110	148	122	115	149	117	127	122	138	139	139	148	132	122	100	87	103	92	54	43	30	121	124	33	91	127	121	123	120	116	110	102	96	93	88	95	95	95	98	97	93	143	141	86	82	75	69	65	65	63	62	62	76	90	105	124	166	146	155	210	225	194	180	182	184	182	199	197	182	182	181	180	180	181	180	179	179	178	178	178	179	179	178	178	178	178	178	176	176	176	175	175	175	175	173	173	175	176	175	174	173	174	173	172	170	170	173	185	196	205	213	211	211	210	211	211	206	202	200	194	191	191	194	198	205	217	230	240	245	246	246	243	243	243	243	243	243	243
245	245	245	245	245	245	245	245	244	243	243	245	246	246	246	246	245	245	245	246	246	246	246	246	246	246	246	246	246	246	247	246	246	246	247	248	247	248	248	248	248	248	248	248	248	248	248	248	251	251	251	251	249	249	249	253	208	199	244	248	239	247	250	245	235	251	251	252	235	232	250	248	248	248	221	217	239	239	238	238	236	238	237	235	236	238	238	218	185	147	128	134	148	178	204	206	213	204	200	213	204	211	214	207	208	209	202	208	186	194	211	202	210	209	208	206	209	209	206	209	194	188	208	203	200	205	205	206	203	205	205	199	203	203	185	206	208	203	209	209	209	208	206	207	209	206	206	212	180	80	167	166	172	180	179	169	159	162	164	161	168	167	184	225	221	169	164	165	165	164	164	167	167	164	164	161	162	161	158	155	158	163	161	159	162	160	161	159	156	155	153	149	148	157	155	159	162	162	162	162	163	164	162	163	162	158	155	149	147	138	129	121	111	107	102	99	94	93	92	96	99	105	111	116	122	128	136	143	152	161	172	176	182	185	187	200	201	201	201	200	199	197	195	194	194	190	191	214	188	185	205	203	205	202	202	202	204	205	204	207	221	220	221	221	210	181	182	202	200	200	200	197	200	200	200	200	198	207	213	178	188	203	202	202	202	202	202	202	200	200	200	201	215	210	188	212	203	200	195	190	189	190	188	188	187	187	187	187	188	213	205	164	186	186	186	186	186	186	186	186	183	201	225	220	222	222	204	193	148	137	134	131	129	132	131	131	130	130	130	131	132	132	132	132	132	131	132	133	147	125	119	119	121	121	121	121	121	121	121	119	120	121	121	119	122	123	125	124	126	201	147	129	128	131	133	133	133	133	134	136	136	136	139	139	139	139	139	140	136	139	139	109	106	107	103	107	107	104	104	104	105	104	102	101	101	101	102	99	99	100	112	119	97	97	95	146	180	93	100	101	98	98	98	100	99	97	94	97	100	95	97	112	135	182	183	182	179	180	188	186	185	186	188	185	183	185	186	180	188	188	188	188	154	175	181	184	178	178	181	182	185	207	188	186	186	187	188	182	191	191	191	180	138	167	167	166	161	166	167	167	166	166	168	169	166	167	163	167	172	172	170	148	188	188	189	185	188	191	191	189	189	191	191	195	206	185	190	187	190	159	141	155	154	150	151	155	155	158	160	158	161	164	161	157	167	171	164	125	162	166	164	164	170	171	172	172	172	172	175	172	168	178	178	190	141	179	179	171	179	177	177	182	179	180	182	174	174	177	179	152	150	171	168	166	177	175	174	175	174	174	169	167	170	166	137	163	164	161	200	171	164	164	164	164	156	159	161	142	137	158	151	152	157	152	151	154	152	141	146	143	161	144	127	126	152	132	134	131	178	145	111	132	135	130	123	145	127	123	103	104	126	127	138	159	128	86	75	74	110	137	117	98	80	133	132	33	47	66	67	62	64	66	70	72	67	70	66	62	60	55	55	50	38	126	124	52	64	65	71	79	85	93	102	105	122	134	146	154	169	151	97	108	163	208	208	187	184	181	199	200	182	181	182	182	180	180	179	179	179	178	178	177	177	177	177	176	178	178	178	176	176	175	176	175	175	173	173	173	173	173	172	173	173	172	172	173	173	173	174	171	170	174	185	197	206	212	212	212	212	209	209	209	203	199	193	191	193	193	199	205	216	227	238	244	246	245	245	244	243	243
245	245	245	246	245	245	245	245	244	244	245	245	245	245	245	245	245	245	245	245	248	248	248	248	247	247	247	247	247	247	247	246	246	246	247	247	247	246	248	248	248	248	248	248	248	248	248	250	251	251	251	251	251	251	251	246	189	237	241	248	240	247	250	245	232	251	251	252	233	232	248	245	245	245	227	227	244	238	238	235	237	241	241	235	215	176	134	110	116	158	181	205	216	218	214	209	212	201	192	207	203	207	210	210	207	204	199	202	187	194	212	203	204	209	208	205	206	203	199	206	188	185	206	196	197	203	203	202	203	202	202	197	200	200	184	205	206	200	206	209	206	206	208	206	209	202	202	210	183	81	168	164	172	173	178	165	156	158	159	159	161	160	179	230	223	171	164	164	166	164	161	161	164	161	164	167	162	163	162	159	159	158	159	162	155	154	157	159	157	154	153	146	138	145	147	144	143	144	140	131	124	118	109	103	97	94	91	87	88	91	93	99	105	108	117	125	135	143	155	161	175	181	193	193	197	199	200	200	202	195	195	188	193	211	203	187	176	179	179	179	182	185	188	191	191	197	197	221	191	188	204	202	202	201	202	202	202	202	202	205	221	222	222	224	212	179	184	202	202	202	200	199	199	199	200	200	199	208	214	181	191	203	200	202	202	200	200	200	201	200	199	199	217	210	188	211	202	200	197	191	190	190	189	188	187	187	185	186	188	211	208	164	186	185	185	185	186	186	186	186	183	200	225	220	222	222	207	196	153	143	140	134	134	135	134	131	133	133	133	131	131	129	130	132	132	132	132	135	147	113	111	112	113	115	116	115	118	119	119	118	118	118	118	118	119	120	121	120	125	203	144	125	127	130	130	130	131	133	133	133	131	133	134	136	136	136	136	137	134	139	137	107	104	106	103	107	107	105	104	104	107	106	106	106	106	104	104	103	106	109	119	122	106	106	103	146	175	101	104	103	105	105	104	103	106	104	101	104	106	109	112	122	130	184	186	183	180	182	185	185	185	185	185	182	183	185	186	179	180	183	186	188	163	177	174	177	175	176	182	184	185	206	185	185	187	187	190	181	188	189	192	182	132	167	164	165	158	162	162	164	167	167	167	165	169	169	166	170	173	178	169	137	185	186	188	181	186	188	187	189	191	189	188	194	207	181	189	192	194	156	131	149	150	145	147	154	158	156	158	161	162	162	161	161	167	170	168	134	165	168	167	165	169	169	171	174	172	175	178	172	171	181	179	191	152	179	176	173	180	183	183	183	182	182	185	177	174	176	180	158	155	176	173	170	178	180	178	176	179	179	171	170	173	173	143	165	171	164	198	173	171	170	170	169	157	163	166	148	139	160	151	160	163	160	157	157	158	150	158	153	144	136	117	105	107	148	127	137	185	158	126	107	145	117	93	97	129	124	115	81	74	102	119	118	72	57	71	116	144	139	138	132	123	157	158	88	70	58	48	49	47	41	44	56	39	38	38	44	50	56	62	67	68	139	140	86	96	99	104	107	109	116	121	124	128	130	125	117	150	137	82	66	57	132	186	214	201	181	201	197	181	182	181	179	177	177	178	178	178	178	177	176	175	176	176	175	178	176	177	178	176	175	175	175	175	175	173	172	173	173	173	173	173	172	173	173	173	173	174	173	172	168	167	171	176	182	195	205	209	213	211	210	210	211	209	205	199	197	195	193	194	195	204	213	225	236	243	246	246	245
245	245	246	245	245	245	245	245	245	245	245	245	245	245	245	245	245	245	245	245	248	248	248	248	247	247	247	247	247	247	246	246	246	247	247	247	248	248	248	248	248	248	249	248	248	248	250	250	251	251	251	251	251	251	251	246	232	244	240	250	239	247	251	245	232	252	251	252	232	227	249	243	244	243	240	239	239	236	242	242	232	207	168	141	129	140	165	192	197	214	209	213	214	211	214	206	208	199	198	207	201	204	204	204	203	200	196	202	182	192	206	199	204	204	206	205	203	200	199	208	188	185	203	197	196	200	202	202	203	199	197	194	202	200	182	205	205	200	205	205	205	205	208	206	206	202	200	208	175	77	168	163	171	173	177	180	192	173	157	159	165	164	181	227	219	165	159	164	167	164	161	161	164	167	164	164	162	161	159	158	160	158	158	158	156	153	150	150	149	149	151	143	109	93	88	86	82	79	79	81	82	87	94	99	104	112	112	129	134	143	149	158	166	171	176	177	178	179	176	191	201	195	183	183	182	181	181	181	182	184	185	175	197	216	210	176	193	202	202	200	203	203	205	206	206	204	203	222	193	187	203	199	199	199	199	199	200	199	199	205	222	223	223	225	212	183	184	203	203	202	202	202	200	200	200	202	200	208	215	184	191	203	202	203	202	202	201	202	202	200	199	199	218	210	189	211	203	197	193	194	191	188	187	187	187	185	185	184	188	211	209	166	186	185	185	185	184	184	184	184	185	201	222	219	224	222	205	193	143	134	132	129	128	126	126	126	124	125	126	127	130	128	127	128	126	126	126	129	141	112	109	109	109	109	110	112	112	112	112	112	112	112	110	110	116	115	115	112	116	203	141	120	122	124	124	125	125	125	127	127	130	130	128	130	130	131	131	130	131	134	134	94	92	94	92	95	97	97	97	97	95	95	96	96	93	94	95	95	95	94	109	121	89	86	85	143	173	87	93	95	95	95	97	97	101	99	96	101	106	106	104	116	145	184	183	183	177	179	183	182	182	183	183	182	177	180	183	177	182	185	186	187	161	174	178	183	181	181	181	181	185	212	188	185	184	187	187	179	186	188	188	179	135	167	161	161	158	164	164	164	162	164	167	170	170	170	167	170	175	176	172	149	182	185	185	176	183	189	188	186	186	186	188	195	207	185	191	188	195	161	131	141	142	136	138	145	146	146	149	152	153	155	155	159	165	165	164	129	165	165	164	164	168	172	174	174	178	176	178	175	174	178	178	191	152	176	180	175	180	183	184	183	183	182	183	176	177	182	185	161	159	180	176	172	180	175	175	180	181	179	173	173	174	168	144	172	173	167	200	179	177	174	173	174	166	169	169	151	145	167	158	161	167	164	163	163	162	155	162	156	128	151	129	115	85	153	143	144	186	160	136	127	136	116	124	87	116	99	96	101	92	98	103	113	88	115	112	102	106	127	147	151	148	171	171	132	127	113	93	72	53	43	35	47	52	59	59	65	71	76	81	87	82	143	142	85	86	84	80	78	74	71	66	60	58	60	58	57	135	122	78	96	114	133	91	132	204	205	199	195	180	181	180	179	179	177	178	175	177	178	176	176	176	176	175	175	175	176	176	176	175	175	175	175	173	173	173	172	172	173	173	173	172	171	172	172	173	172	172	171	168	169	170	171	171	165	165	171	180	192	201	209	211	211	210	210	210	209	204	202	196	194	193	195	198	200	209	221	231	240
246	246	245	245	245	245	245	245	245	245	245	245	245	245	245	245	245	245	245	245	248	248	248	248	247	247	246	246	247	246	246	246	247	248	248	248	248	248	248	248	249	248	248	248	248	248	248	250	251	251	251	251	251	251	252	240	239	243	243	252	237	247	251	246	233	252	250	252	233	232	245	243	240	239	239	240	244	233	191	153	135	133	159	182	204	218	213	210	206	214	205	208	216	214	209	201	210	205	193	197	195	212	206	198	193	199	201	205	181	187	200	202	211	203	197	196	200	206	203	203	179	176	196	199	203	201	196	193	193	199	205	202	200	194	173	197	202	202	211	211	202	200	199	197	200	200	206	215	177	80	168	160	169	176	171	193	229	191	157	160	158	161	182	227	219	165	158	161	164	161	161	161	158	158	161	161	160	159	158	157	158	156	157	158	153	151	151	150	150	150	149	140	111	82	67	83	89	97	103	106	103	105	106	106	102	95	97	156	167	148	142	142	137	128	118	112	111	103	100	176	213	192	177	206	204	205	205	208	208	208	205	192	205	218	214	181	197	203	201	200	200	200	202	203	201	200	203	221	193	188	202	199	197	197	199	197	197	196	196	205	223	224	224	226	212	185	184	205	205	203	202	202	202	203	203	205	205	208	217	184	194	208	205	206	205	205	203	203	203	202	202	200	218	212	190	212	205	198	194	195	193	190	189	187	187	187	187	184	188	213	211	167	188	188	187	188	186	186	186	186	186	201	223	219	222	222	206	194	152	146	147	140	138	141	141	140	140	140	139	139	138	137	138	141	138	136	135	137	149	119	115	113	116	116	118	121	121	118	118	119	118	118	118	119	122	123	122	121	129	203	153	132	133	133	134	136	136	139	139	140	141	141	142	142	143	145	145	145	143	147	142	110	109	110	109	113	112	111	112	113	110	110	107	105	106	103	99	96	96	91	104	118	92	85	79	137	169	75	78	77	76	76	79	79	79	78	77	85	86	88	92	108	127	179	180	181	182	185	191	189	189	191	194	194	194	195	197	189	191	191	188	185	157	165	168	168	164	166	172	172	179	209	174	179	181	179	181	178	185	188	191	182	137	173	173	176	173	173	168	165	164	161	159	158	158	158	156	160	163	169	164	139	186	189	194	188	195	198	195	191	188	186	183	188	204	179	186	185	191	150	113	125	123	125	133	142	147	155	161	157	155	153	143	135	144	149	149	125	171	179	179	176	177	169	165	168	168	169	172	171	174	181	181	193	161	189	182	170	175	180	180	180	182	186	192	188	185	185	182	156	156	179	177	176	192	193	187	178	174	175	169	167	174	176	155	176	171	164	200	177	176	182	182	176	160	163	166	154	157	182	167	161	164	163	169	176	176	159	160	154	128	161	157	130	111	140	157	167	190	172	145	122	129	151	144	132	94	97	112	107	115	100	81	102	86	86	124	109	54	60	64	80	97	158	179	149	147	137	137	128	118	93	71	57	53	55	60	61	64	64	53	55	48	129	117	47	53	51	55	59	65	69	76	77	79	86	92	99	148	151	129	141	143	151	117	84	81	131	188	202	184	179	179	184	198	181	177	177	176	177	176	177	176	176	176	177	175	175	175	176	175	175	175	175	173	173	172	172	173	173	173	173	171	171	171	170	171	171	171	170	170	172	171	168	168	171	169	166	164	165	170	179	189	199	208	211	210	210	210	210	208	204	200	196	194	191	194	195	200	206
246	245	245	245	245	246	246	246	246	246	246	245	245	245	245	245	245	245	245	245	248	248	248	247	246	247	248	248	248	247	247	248	246	246	246	246	248	248	248	248	248	248	248	249	249	249	249	250	251	251	251	251	250	251	251	234	238	242	242	251	234	248	251	245	231	251	248	250	242	239	242	242	243	247	241	212	164	125	118	149	185	208	214	219	217	218	211	214	204	211	206	209	212	210	208	204	209	197	190	200	196	200	201	197	197	197	193	195	176	192	202	196	199	202	200	200	200	196	193	199	182	184	199	191	192	196	197	197	198	197	194	190	194	194	178	200	202	199	202	200	202	202	203	203	203	200	199	203	167	76	169	161	170	175	174	194	226	191	161	163	159	158	173	224	222	167	159	161	160	160	161	161	161	158	155	161	159	159	161	163	159	156	155	156	153	153	153	149	152	150	146	136	125	109	101	123	85	72	70	76	81	86	90	90	94	95	100	169	169	89	90	93	82	76	85	89	94	93	93	176	215	193	187	209	208	206	205	206	207	205	205	202	209	220	213	183	197	200	200	200	200	200	199	198	199	197	200	221	194	187	199	196	196	196	196	196	196	194	194	204	225	225	225	226	213	189	186	207	205	205	203	202	203	206	208	205	206	211	215	187	196	208	208	208	208	208	208	206	205	205	205	203	219	213	190	214	207	200	194	197	196	193	191	191	190	190	190	188	188	212	210	170	191	189	189	189	187	187	187	187	187	200	219	216	214	213	201	197	149	145	142	131	129	130	129	128	126	125	125	125	125	123	123	124	124	122	120	122	142	107	106	107	109	110	109	109	108	106	106	107	110	108	109	109	113	111	109	107	119	201	138	116	119	119	121	121	122	122	123	123	123	124	125	125	125	125	125	125	125	131	139	99	95	98	95	101	101	99	100	99	102	101	101	101	101	100	103	100	100	103	115	118	90	98	92	146	172	93	94	94	95	95	95	95	93	90	88	92	92	89	92	112	139	180	178	179	173	174	179	176	182	182	182	179	178	180	184	179	183	185	186	188	159	165	168	170	167	170	174	172	176	206	174	176	175	175	176	175	177	179	182	173	130	158	158	159	158	161	164	167	164	164	167	167	167	167	161	167	166	170	169	143	179	179	182	177	182	188	191	189	189	189	189	194	204	185	189	189	197	151	89	101	101	106	113	114	120	127	131	133	138	144	146	144	148	150	148	121	165	168	168	168	176	175	177	176	173	173	176	173	171	178	178	194	156	186	182	177	183	183	183	185	182	182	183	179	182	186	188	161	161	183	178	176	181	184	186	184	184	183	177	175	177	176	153	179	182	171	203	182	180	177	177	180	169	172	169	152	152	176	170	170	173	170	170	173	172	163	172	166	129	159	160	131	131	166	161	158	189	173	160	132	142	137	140	155	116	77	109	134	116	103	74	80	55	46	103	124	109	120	81	64	45	125	132	72	116	140	157	150	144	138	132	114	88	62	43	37	40	49	46	50	45	133	134	70	80	80	86	92	93	94	100	101	98	103	105	106	151	147	106	107	99	84	62	69	65	83	149	210	208	183	177	183	208	184	177	179	177	177	176	177	177	176	177	177	176	176	175	175	175	175	175	173	173	172	172	172	173	173	173	172	172	172	171	170	170	170	169	169	170	169	169	168	169	170	169	168	169	168	168	168	168	167	175	184	194	203	210	210	211	208	207	208	208	201	196	198	196	196
246	245	245	245	245	245	246	246	246	246	246	246	245	245	245	245	245	245	245	245	245	245	245	246	248	248	248	248	248	247	247	248	247	247	247	247	247	248	248	248	249	249	251	249	249	249	249	249	251	251	251	251	250	250	249	239	240	241	240	246	230	249	252	243	227	248	248	243	243	243	246	245	222	177	129	123	147	188	209	208	212	212	215	219	218	215	212	211	201	206	204	208	213	207	212	201	204	196	193	195	190	199	199	195	197	197	189	195	181	190	197	193	197	196	196	197	196	193	193	197	176	178	193	190	190	196	196	196	194	196	193	188	190	190	172	200	199	196	199	199	199	199	200	202	197	193	193	200	168	75	172	162	169	176	176	199	228	187	157	162	162	165	176	227	221	166	157	158	157	158	159	159	161	161	161	161	158	157	157	157	156	154	155	157	157	155	152	152	152	149	143	134	126	115	113	140	88	70	67	73	84	88	93	93	93	92	97	174	173	94	92	92	91	90	93	90	92	89	87	178	216	192	188	210	207	206	206	206	205	205	205	202	207	219	215	178	194	200	199	199	198	198	199	199	199	199	199	221	194	190	197	196	196	196	196	194	196	196	193	203	224	224	224	226	213	189	188	210	208	207	205	203	206	208	211	209	209	214	215	184	199	211	209	211	211	211	209	209	209	211	211	208	219	213	191	214	209	198	195	198	197	194	194	192	191	191	190	188	189	213	208	171	193	190	190	190	190	190	189	190	188	190	202	204	186	181	181	196	143	137	136	127	127	124	127	129	128	127	125	124	127	127	127	124	127	124	123	127	148	112	104	103	106	112	109	108	108	106	106	108	107	106	104	104	108	107	110	113	114	203	141	116	118	119	120	121	122	122	125	127	127	128	128	128	131	133	131	128	127	133	137	102	102	101	100	106	104	102	102	99	102	101	102	101	101	100	100	94	98	99	112	121	92	95	88	147	176	93	96	95	94	96	96	96	93	89	91	95	95	95	95	104	131	179	179	179	176	177	183	182	179	179	181	182	182	182	182	178	183	188	186	188	140	161	170	167	164	165	170	167	174	204	168	167	172	173	171	167	174	174	182	173	130	153	155	156	156	156	155	159	158	159	161	161	164	163	155	161	167	167	161	143	183	186	185	179	185	186	187	186	188	188	188	193	205	182	188	188	188	176	118	74	69	67	65	62	66	68	70	74	78	84	90	96	109	115	122	120	168	169	171	171	173	173	174	174	176	176	180	175	171	179	181	193	155	186	183	178	183	183	183	184	185	188	188	183	182	186	189	164	164	183	176	176	181	183	184	181	180	179	175	176	180	178	153	177	180	173	203	185	180	180	180	180	172	178	179	161	158	177	171	171	174	174	177	177	174	167	176	171	135	161	154	149	138	168	167	164	190	177	160	160	167	147	133	136	118	88	98	120	99	97	67	58	62	57	79	101	123	115	97	92	80	146	144	99	111	76	72	109	137	155	149	137	129	118	108	75	49	52	57	61	59	136	136	75	80	80	77	77	77	71	66	67	64	65	66	60	133	124	68	77	81	83	96	116	127	143	153	150	174	210	180	179	206	184	180	177	177	177	177	177	177	176	176	175	177	176	175	175	175	174	173	172	172	172	172	173	173	172	171	172	172	171	170	170	170	170	170	170	170	170	169	169	167	167	167	167	167	167	167	167	168	168	168	166	164	170	179	192	203	210	210	208	208	211	210	207	205	199
245	245	245	245	245	245	246	246	246	246	246	245	245	245	245	245	245	245	245	245	245	246	246	246	248	248	248	248	248	247	247	248	248	248	248	248	249	248	248	249	248	249	251	250	249	249	251	251	251	251	251	251	250	250	249	246	242	240	240	241	227	245	250	246	239	247	241	245	248	246	211	142	104	130	174	211	220	217	215	209	211	212	214	218	214	216	205	211	204	206	200	204	209	206	210	202	204	194	185	195	191	197	196	195	193	193	187	190	172	184	197	190	196	196	193	193	193	191	190	193	175	178	193	187	188	193	190	191	190	188	187	187	188	188	172	196	197	193	196	199	197	194	193	194	197	193	193	202	167	78	173	163	171	178	180	205	227	187	156	160	162	166	178	227	223	171	162	163	162	158	156	157	161	158	161	158	158	159	159	157	154	154	155	155	153	153	153	152	149	149	143	137	131	120	122	154	96	74	58	58	63	66	72	78	81	82	89	179	174	93	88	85	87	88	87	84	86	83	85	178	217	194	188	209	206	206	206	204	205	205	205	202	206	221	216	179	193	199	197	199	199	197	197	197	197	197	199	221	196	190	199	196	196	196	196	196	196	196	193	203	224	224	224	226	213	189	189	210	209	208	206	205	208	209	211	211	209	214	217	182	200	214	211	211	208	208	209	208	203	205	205	202	219	213	192	214	209	200	195	200	200	198	195	194	191	191	189	189	190	213	209	173	195	193	192	192	189	189	189	191	191	205	223	218	221	226	208	196	145	136	134	130	128	127	124	124	126	124	124	124	125	125	127	127	125	123	123	128	142	109	104	108	107	111	110	111	110	110	111	110	109	108	108	109	113	112	110	110	119	201	140	121	120	121	122	122	122	124	125	128	128	127	128	128	129	130	130	128	126	136	136	98	100	97	95	98	98	96	96	93	93	95	95	96	96	93	95	90	92	94	107	116	86	89	85	146	172	88	93	92	96	95	95	94	91	89	90	95	95	94	95	113	134	182	182	179	176	177	182	180	182	182	182	182	181	181	184	178	182	185	183	188	156	162	161	161	159	161	165	164	170	203	167	164	164	167	167	167	170	170	176	167	128	156	157	157	152	154	154	157	158	158	158	158	161	162	155	161	159	165	165	137	182	188	185	182	186	188	188	188	191	191	188	193	206	179	191	189	191	189	181	178	174	176	170	160	152	145	134	127	116	107	95	88	96	69	89	141	169	169	168	171	174	176	176	173	176	177	179	173	173	181	181	192	152	185	185	182	184	187	186	184	188	188	188	183	182	191	189	167	168	183	177	176	184	181	181	182	182	182	176	174	178	177	157	181	186	176	203	185	182	183	185	185	176	180	182	167	161	180	173	173	179	177	177	179	177	170	179	172	140	173	136	115	113	177	163	163	180	172	165	162	151	158	127	114	103	118	106	116	62	74	77	73	42	45	51	83	124	129	105	117	121	156	161	114	98	92	60	47	45	75	114	146	149	143	134	125	110	85	59	49	41	127	118	41	44	48	53	57	61	63	63	74	76	79	85	86	147	145	102	114	121	127	133	140	143	145	150	135	61	160	206	182	205	183	177	177	177	177	177	177	175	177	175	175	175	175	175	175	173	172	172	172	172	172	171	172	172	172	172	171	170	169	169	170	167	168	169	168	169	168	167	167	165	165	166	165	166	166	165	165	166	166	166	167	164	164	164	161	168	177	192	204	208	208	208	207	206	208
245	246	246	245	245	246	246	246	246	246	246	245	245	245	245	245	245	245	245	245	246	246	246	247	248	248	248	248	247	248	248	247	248	247	246	248	248	250	249	249	250	251	249	251	249	249	251	251	250	250	250	250	252	252	250	247	243	237	237	237	225	243	244	245	246	245	251	245	202	136	112	151	192	213	217	220	220	220	216	213	212	211	213	216	215	214	205	209	201	207	198	205	209	204	201	198	200	189	186	190	185	192	193	191	191	187	182	189	170	185	194	187	191	193	193	191	193	190	185	188	169	173	190	184	184	190	187	187	187	188	187	184	184	184	166	193	193	190	193	194	196	196	194	194	196	193	191	196	158	78	169	165	174	180	177	205	227	187	157	160	160	165	176	222	219	168	161	161	162	162	160	158	159	155	161	158	153	156	156	153	154	156	153	151	150	150	149	147	146	149	146	140	135	128	130	157	100	78	59	63	64	60	60	60	63	66	71	175	174	90	82	82	79	83	80	80	79	77	80	178	217	194	188	209	206	206	206	204	204	204	202	202	206	221	216	178	193	199	197	197	196	196	196	196	196	196	199	221	197	191	199	196	194	194	196	194	196	196	193	203	224	224	224	226	215	191	189	210	208	208	205	205	206	203	203	203	202	211	218	181	188	200	199	197	199	197	197	197	196	197	196	194	217	215	194	214	209	200	198	201	201	200	197	195	193	193	192	191	194	215	208	171	193	192	190	190	192	192	192	192	191	202	223	221	220	220	205	196	140	134	133	124	121	122	121	121	120	119	119	119	116	118	121	121	119	118	118	122	142	110	104	104	107	109	105	109	106	107	108	105	106	104	104	104	106	104	104	104	114	201	138	113	114	115	116	117	118	118	119	121	124	122	124	124	124	125	125	123	126	131	140	95	92	94	94	100	96	96	96	94	94	94	95	95	96	94	95	92	94	97	110	119	88	91	85	144	173	89	92	92	93	92	92	92	90	87	89	92	92	91	91	106	138	177	174	174	171	173	179	178	179	179	179	179	175	175	179	175	179	182	182	185	140	153	159	161	161	159	162	158	167	207	165	162	170	167	164	162	168	168	173	164	128	155	155	150	147	153	153	156	155	156	157	158	156	160	155	158	161	165	167	152	182	185	185	182	183	186	189	191	185	188	191	194	204	185	190	192	193	199	202	205	205	203	203	205	202	202	199	197	199	195	191	189	167	116	85	113	168	169	169	168	173	173	174	176	179	176	179	177	174	181	179	193	158	188	183	177	181	183	184	186	185	185	185	182	181	188	186	173	165	177	176	176	183	181	181	181	177	179	176	176	178	181	151	181	183	179	201	186	183	185	185	185	179	182	185	171	164	180	176	179	180	180	183	183	180	171	180	176	138	169	173	167	149	184	167	136	149	161	168	145	162	166	145	157	118	135	127	140	99	66	66	99	56	91	89	108	137	152	139	144	128	136	138	118	104	106	90	87	78	63	48	52	84	132	148	143	134	128	113	88	51	126	124	51	62	65	74	79	83	86	89	89	92	90	91	89	145	136	87	89	86	86	80	78	72	62	114	138	78	110	177	199	201	182	177	174	176	177	177	177	175	175	175	175	174	174	173	173	172	173	172	171	170	170	171	171	170	170	169	169	169	168	169	169	166	166	166	167	168	167	167	166	164	164	165	164	165	164	163	162	163	163	164	165	164	161	161	164	161	159	161	167	177	189	203	207	210	210
245	245	245	245	246	246	247	247	245	245	245	245	245	245	245	245	245	245	245	246	245	246	247	247	246	246	246	246	245	247	247	246	247	246	246	247	248	248	248	249	249	249	249	250	248	249	249	249	250	250	251	250	251	251	250	247	241	232	238	229	228	243	242	247	252	243	193	131	122	171	212	222	215	217	214	220	223	220	217	213	212	209	209	215	213	212	201	207	197	200	197	199	203	200	200	196	200	189	183	186	182	191	191	185	185	185	180	181	165	184	190	187	190	188	187	185	184	184	182	184	164	172	185	181	181	185	184	184	182	184	179	176	184	181	166	193	193	190	193	194	193	193	191	190	188	185	184	193	166	106	168	165	172	174	172	199	227	184	155	157	156	162	173	224	224	169	161	160	160	160	160	159	155	157	163	161	156	156	156	153	155	151	148	150	150	150	149	146	146	143	146	137	135	134	135	160	104	82	63	68	67	65	63	63	62	61	65	176	174	86	72	80	81	81	77	75	76	75	77	176	218	194	185	206	206	205	206	206	203	203	202	201	206	221	217	177	193	199	197	197	196	196	196	196	197	196	198	223	199	193	197	196	196	194	194	194	194	196	193	203	224	224	224	225	215	191	186	211	208	206	205	205	202	200	196	196	196	208	218	182	187	199	197	199	196	196	196	196	193	196	196	193	216	215	195	215	207	200	199	204	201	201	198	198	194	193	193	191	193	213	209	183	197	198	197	198	196	197	197	197	200	211	227	218	220	219	205	195	136	131	130	122	118	118	116	115	116	115	116	118	118	116	117	118	118	116	115	121	148	112	101	106	107	109	105	108	107	109	108	106	107	107	106	106	111	109	107	107	116	201	135	112	113	112	113	116	116	116	119	119	122	122	122	122	122	122	122	119	119	128	134	92	94	95	93	97	95	93	93	93	92	91	92	94	98	95	96	92	91	94	109	115	84	87	83	144	171	89	93	95	95	93	93	93	89	90	91	97	95	95	94	107	125	174	171	173	170	170	174	173	171	173	173	173	173	173	174	169	173	176	176	179	143	155	162	158	158	161	162	158	169	207	165	162	162	162	159	158	162	165	170	161	123	147	149	152	147	150	150	152	153	153	155	156	154	158	155	160	160	164	163	134	182	187	186	179	185	186	186	188	189	188	188	193	203	184	188	190	195	197	211	210	210	212	215	212	215	215	215	215	215	213	212	210	201	159	72	71	174	170	170	171	171	171	173	174	177	179	181	176	174	180	184	194	159	185	182	180	185	187	186	186	186	189	190	183	184	190	189	168	163	178	175	172	183	181	180	178	179	178	174	177	182	184	154	184	185	179	203	186	186	185	185	186	176	182	186	171	165	183	176	176	179	178	180	182	182	176	183	177	142	176	177	176	162	178	158	84	72	148	181	151	166	165	170	173	130	122	139	128	102	48	66	137	119	128	144	153	159	163	139	145	102	101	131	128	121	121	102	104	100	100	91	74	56	47	71	119	148	148	139	131	111	149	126	56	62	67	65	64	63	65	65	63	60	55	54	52	133	122	63	68	69	80	83	88	92	98	137	164	139	132	89	177	204	183	181	177	176	177	176	176	174	175	175	174	174	174	173	172	171	172	171	170	170	170	170	170	169	169	167	166	167	168	169	169	166	166	167	166	167	166	166	166	163	163	163	164	164	163	163	161	160	161	162	163	162	162	162	162	160	160	160	159	159	159	167	177	190	203
244	244	244	244	246	246	247	246	245	245	245	245	245	245	245	245	245	245	246	246	246	247	247	247	244	244	246	246	245	246	246	246	247	247	248	248	249	249	249	249	249	249	249	249	249	249	249	250	250	250	250	250	249	250	250	247	243	229	240	235	238	244	250	250	205	126	115	179	220	229	226	223	217	215	216	220	221	217	216	212	210	208	211	212	211	207	203	205	201	201	192	196	205	199	199	196	197	192	180	182	179	185	185	181	180	178	175	179	162	178	187	179	184	187	184	181	181	178	175	179	161	172	182	176	178	181	181	181	181	179	179	179	178	176	169	190	190	187	190	190	190	188	190	190	201	224	202	189	151	78	172	165	174	175	175	199	229	183	153	155	154	161	167	224	224	166	158	159	157	156	157	158	154	155	155	154	153	154	154	153	152	152	153	152	148	147	150	148	146	143	140	134	135	134	135	160	103	82	64	69	71	68	65	65	63	62	67	177	179	85	60	64	65	64	67	70	72	73	74	180	218	193	184	206	205	204	205	204	203	203	201	200	205	221	217	177	193	197	197	197	194	193	196	196	193	196	199	223	199	193	197	196	196	196	193	194	194	194	191	202	224	224	224	226	215	189	186	207	208	206	205	202	202	202	199	197	196	208	218	181	187	196	196	197	199	199	199	202	203	205	204	204	221	212	193	215	208	202	200	202	200	199	197	197	199	199	197	196	196	210	215	216	218	217	218	218	218	219	219	216	217	220	222	217	219	221	209	192	136	131	133	124	116	116	118	118	115	113	115	118	115	113	116	118	117	114	114	118	140	114	108	107	108	111	108	110	109	109	109	109	110	110	109	109	111	108	107	107	116	201	135	109	112	112	115	114	115	115	115	117	119	118	118	118	119	122	122	119	119	127	137	93	89	91	89	94	96	95	96	97	95	95	95	97	95	94	97	95	94	96	110	118	86	95	91	146	173	89	94	91	94	94	93	92	91	89	86	91	92	85	83	107	135	173	170	170	167	165	170	170	170	170	170	170	168	170	171	167	171	173	176	177	147	153	159	158	156	162	164	158	167	204	164	159	160	164	162	157	162	165	167	158	124	146	143	144	140	143	149	149	150	150	153	154	157	157	154	157	160	159	163	145	178	178	180	178	182	183	183	183	188	188	186	195	207	182	189	190	193	200	215	176	193	205	205	208	207	209	212	213	210	210	210	208	212	179	96	75	168	167	167	164	171	174	175	174	177	176	179	174	171	187	171	196	168	180	184	178	182	185	186	185	187	188	188	181	181	190	193	168	160	177	174	171	178	178	178	179	180	181	177	178	183	181	152	182	185	180	204	189	186	186	185	188	180	186	189	173	165	182	176	176	183	183	188	185	184	176	183	180	147	177	173	174	172	164	163	139	91	119	168	152	170	171	171	182	142	133	133	138	109	82	103	119	117	163	116	154	139	151	141	142	105	130	124	125	129	142	148	127	116	116	112	104	98	79	64	51	63	102	141	145	131	159	148	74	53	64	49	55	48	56	60	66	72	71	75	78	142	138	93	99	106	112	115	118	123	125	147	165	124	123	56	91	183	195	196	177	176	176	174	174	174	174	175	174	175	174	172	172	172	171	171	171	169	171	171	170	169	168	167	167	168	170	170	168	167	167	167	166	166	165	167	164	162	162	163	163	160	160	160	160	160	160	160	161	160	160	160	158	159	159	159	158	156	157	157	155	158	167
244	244	244	244	247	247	247	246	245	245	245	245	245	245	245	245	245	246	246	246	246	246	246	246	244	246	246	245	245	246	246	246	248	248	248	248	249	249	249	249	249	248	248	249	249	249	250	248	250	250	251	251	250	250	250	247	243	229	239	244	249	255	225	147	124	178	224	225	223	227	228	222	217	218	215	217	220	217	213	212	209	205	205	211	208	205	202	204	195	198	194	199	204	200	195	192	196	185	176	182	173	179	181	173	174	175	172	174	162	176	183	177	181	178	178	178	173	173	170	175	155	169	179	173	176	178	176	178	178	178	175	172	176	175	166	190	187	184	185	187	187	187	184	184	201	224	198	181	147	78	171	165	172	176	175	200	229	183	155	158	159	163	167	223	222	166	158	157	157	156	158	161	160	159	160	158	153	154	153	150	150	152	152	151	153	151	148	143	146	146	143	149	135	131	138	161	103	83	64	69	67	64	62	62	62	63	68	177	176	83	60	64	64	62	62	63	64	66	67	177	220	193	184	203	203	203	202	202	202	200	200	200	203	221	217	178	193	196	196	196	196	194	194	194	198	196	198	223	197	193	196	194	196	194	193	194	194	196	193	202	224	224	224	227	216	191	183	209	208	205	203	202	200	200	198	198	194	203	214	217	217	218	220	220	220	220	221	223	221	219	221	221	219	217	209	220	219	216	216	216	218	218	218	218	219	221	222	224	222	224	224	224	225	225	225	225	226	226	226	225	221	220	223	218	219	219	207	194	139	134	134	125	122	121	121	121	121	118	118	119	121	119	118	121	120	117	117	122	147	110	103	107	106	109	107	107	108	106	106	106	105	105	104	106	107	104	103	103	115	201	135	112	110	113	116	115	116	118	119	121	120	121	122	124	121	124	124	124	122	133	136	95	97	97	94	95	99	99	96	96	97	99	99	98	100	97	100	98	97	94	109	119	85	92	88	146	173	89	91	90	91	91	91	91	89	88	87	93	91	91	85	100	125	167	168	167	165	165	171	170	165	165	167	168	168	168	171	167	170	170	174	176	131	146	158	155	152	155	158	155	164	206	164	161	161	162	158	155	164	165	167	162	126	144	143	144	143	146	149	149	149	151	151	153	154	154	148	151	154	160	157	133	178	183	183	173	182	188	188	185	185	186	185	193	204	179	187	189	194	197	216	140	165	185	181	183	185	186	186	187	190	194	193	185	209	175	97	74	170	164	164	167	168	172	174	172	176	176	179	174	172	209	160	197	204	181	185	175	185	185	185	186	188	185	186	182	180	187	190	166	160	177	172	172	177	177	176	177	177	178	172	173	185	182	156	182	188	182	201	188	185	186	186	185	180	185	188	174	167	182	176	179	182	182	185	183	186	178	189	186	148	178	181	173	186	161	164	150	118	97	126	181	172	176	167	177	131	151	144	154	110	85	100	73	92	119	105	130	103	148	137	132	136	169	190	162	158	157	137	132	124	127	124	118	116	100	100	89	75	51	54	89	127	170	166	121	100	78	61	60	63	71	75	74	81	82	83	77	142	132	76	82	81	80	75	76	75	72	118	137	75	85	89	113	163	201	202	177	175	174	174	174	174	173	174	174	173	173	172	172	172	172	172	171	170	172	171	168	166	166	166	166	166	167	167	167	166	165	164	164	164	164	163	163	161	161	160	160	160	160	158	158	158	158	158	158	158	157	155	155	156	157	156	156	155	156	156	155	155	156
244	244	245	245	247	247	247	246	245	245	245	245	245	245	245	245	246	246	246	247	246	247	247	246	245	246	246	246	246	246	246	246	248	248	248	248	249	249	249	249	249	248	249	249	250	250	250	250	250	250	251	250	250	250	250	248	242	235	247	254	248	174	118	166	225	233	229	224	224	226	226	220	218	217	211	218	220	216	214	210	208	205	202	211	208	208	203	203	195	198	194	192	200	191	195	189	192	182	173	175	173	178	176	172	171	170	167	169	152	172	181	171	178	175	173	173	175	172	166	172	157	167	176	172	175	175	172	175	176	175	172	172	173	169	160	187	184	178	179	178	178	179	178	178	204	229	196	178	141	78	171	159	172	175	175	199	226	183	154	157	159	162	164	222	223	168	159	154	153	152	154	156	156	155	157	158	153	154	153	150	153	149	148	151	148	148	149	144	146	146	140	137	135	134	143	164	104	83	64	69	65	62	60	61	63	65	68	178	177	83	60	61	63	60	61	62	61	62	61	177	220	194	184	202	200	202	200	200	200	200	200	199	203	222	217	173	190	194	193	194	193	193	193	193	193	195	199	225	197	190	194	191	191	193	193	193	192	193	193	203	224	224	224	225	216	192	194	210	211	211	211	211	216	217	214	216	216	223	220	223	223	226	226	226	226	226	226	226	228	229	231	229	226	229	227	227	227	227	224	220	220	218	215	213	210	206	202	199	192	185	186	182	177	177	174	171	167	164	160	158	152	185	228	219	221	219	206	192	137	136	136	125	122	121	121	121	119	118	116	118	118	116	118	121	120	117	116	121	142	103	100	103	101	106	103	103	106	106	106	106	106	106	105	106	111	107	106	106	119	204	135	112	115	115	115	118	116	116	118	118	119	120	121	121	121	122	122	121	121	127	139	97	94	95	93	98	98	97	97	97	96	94	95	93	95	92	95	92	89	88	106	118	84	94	88	142	169	88	91	90	91	91	92	91	89	89	86	91	91	89	88	109	128	167	164	167	164	164	168	167	167	167	165	167	168	167	168	166	168	167	168	173	144	149	149	152	152	152	153	152	164	203	158	155	153	156	156	154	158	162	165	158	119	141	146	144	143	143	146	149	145	148	150	150	148	150	148	153	154	157	154	138	178	178	181	178	183	183	185	186	186	186	185	196	205	182	187	186	191	197	212	156	179	192	192	190	189	187	184	184	185	185	183	173	210	180	95	77	169	164	164	166	169	168	169	171	173	173	176	170	165	216	186	212	207	181	184	176	182	185	185	185	185	185	188	180	183	189	192	166	157	175	172	169	179	179	178	179	180	180	175	175	183	182	164	186	188	179	203	189	188	188	188	188	179	183	185	167	164	185	177	179	185	184	169	166	178	176	185	187	154	183	190	153	149	141	120	96	103	90	98	154	154	164	164	179	147	147	151	155	131	99	85	74	70	92	75	101	97	119	131	134	150	173	189	157	174	162	128	125	131	136	134	129	132	113	107	109	103	92	81	55	42	130	173	138	128	111	82	64	56	51	50	50	53	56	57	54	132	121	60	68	73	77	78	85	90	91	133	154	117	134	145	152	168	198	201	176	177	176	174	174	174	173	173	171	171	171	171	171	171	171	171	170	168	170	168	166	166	165	165	163	164	167	167	165	163	164	163	163	163	163	161	160	160	160	158	157	157	157	157	157	156	156	156	155	155	155	152	152	154	155	154	154	154	153	152	152	152	153
244	245	245	245	246	246	246	245	245	245	245	245	245	245	246	246	245	246	247	247	247	246	246	247	245	245	247	246	246	246	246	247	248	248	248	249	249	249	249	248	249	249	249	250	249	249	249	249	249	249	249	249	248	248	250	250	241	242	253	234	141	115	208	241	240	238	231	224	226	224	228	223	217	215	214	216	217	214	213	208	207	203	203	208	209	205	198	202	192	193	189	190	197	189	190	186	188	178	170	175	164	170	170	167	167	164	162	164	153	172	172	169	175	172	170	170	170	169	166	172	154	163	176	172	167	172	172	173	172	175	170	164	167	161	155	181	178	178	179	176	178	178	178	179	201	226	197	180	140	78	171	165	175	178	178	202	228	182	154	157	154	159	161	222	221	166	158	157	157	156	156	159	159	156	154	151	151	152	153	151	154	153	151	150	150	144	143	141	143	143	140	133	135	136	147	165	103	84	64	70	70	66	64	64	63	65	67	177	177	87	64	62	64	62	61	63	62	64	61	178	221	195	182	200	197	199	197	197	197	199	198	200	206	224	218	190	202	207	208	211	213	214	216	216	217	221	216	222	205	201	205	204	205	205	208	211	217	218	218	221	224	224	226	226	221	213	229	230	229	226	226	226	224	223	221	218	210	211	212	208	206	200	197	197	190	184	178	175	173	170	164	155	149	146	146	149	141	145	140	138	127	124	124	124	123	120	120	118	111	116	119	122	124	126	121	128	125	118	123	125	110	165	230	216	222	221	207	192	133	131	127	119	113	115	113	114	116	115	113	115	116	115	115	118	117	111	113	118	145	104	101	104	103	105	103	104	103	103	103	103	102	101	101	101	103	103	100	100	110	201	131	107	113	110	112	116	115	115	116	116	116	116	116	116	116	119	117	116	118	124	139	94	88	89	89	93	95	93	93	92	93	92	92	93	94	92	95	91	91	92	107	119	85	95	89	146	172	86	92	92	91	90	88	88	90	88	84	89	89	85	82	103	132	167	168	168	166	166	169	170	168	168	167	169	167	166	169	165	171	170	171	173	129	138	140	143	143	142	148	148	158	204	155	152	152	156	156	153	155	159	167	156	121	142	139	140	142	142	143	145	145	145	145	145	148	148	145	148	148	153	154	142	178	180	181	174	182	183	180	183	184	183	181	190	203	176	184	184	190	202	215	179	196	201	204	203	201	201	201	199	198	194	191	179	212	179	97	77	165	162	162	162	167	169	172	172	167	169	171	166	168	215	197	214	208	179	180	176	184	185	184	187	187	186	187	183	183	189	190	165	156	176	172	169	175	175	178	178	179	181	175	176	183	182	164	186	188	180	203	188	188	188	188	188	179	183	189	174	168	185	182	191	171	144	128	148	159	178	189	183	155	184	172	135	122	129	119	96	63	49	40	94	143	149	171	170	142	167	144	143	117	96	93	104	102	135	99	112	128	121	120	145	161	176	159	121	131	149	129	132	140	147	145	142	146	119	113	115	114	113	99	88	70	132	118	79	129	129	113	98	67	54	57	58	66	69	75	74	141	137	86	96	95	100	103	104	108	105	142	159	117	123	122	116	143	188	200	175	174	174	174	174	174	173	173	171	171	171	171	171	170	168	168	167	167	167	165	165	165	165	164	162	165	164	165	164	163	162	161	160	162	160	159	158	158	157	156	155	156	155	155	155	155	154	154	155	154	152	152	150	151	151	149	149	149	149	149	148	152	149
243	244	244	244	245	245	245	245	245	245	245	245	245	245	246	246	245	246	247	247	246	246	246	247	247	247	247	247	246	246	246	246	248	248	248	250	249	248	249	249	249	249	250	249	247	247	247	248	248	247	247	247	247	248	250	249	241	254	212	118	152	225	240	240	241	237	229	225	220	226	226	220	215	212	209	215	217	214	213	208	205	196	199	206	203	200	198	199	191	192	184	191	198	186	188	183	183	174	164	169	162	169	167	163	163	160	160	161	145	167	173	169	170	169	169	169	172	172	170	172	158	163	172	166	169	169	169	166	166	167	166	166	167	167	157	175	178	178	175	176	173	175	175	173	200	229	194	175	143	86	174	166	174	176	177	202	228	183	156	163	162	165	164	221	221	162	153	155	154	152	151	155	154	156	156	154	152	151	151	150	152	147	146	150	147	146	148	148	146	146	140	133	136	136	146	166	104	86	65	71	72	68	64	64	67	64	69	179	177	85	62	60	58	57	57	55	57	63	67	181	222	200	188	206	205	208	209	211	213	217	216	218	218	218	215	221	221	221	223	224	224	224	224	225	226	227	226	228	227	231	231	234	233	233	233	233	228	226	222	216	203	195	189	186	185	179	176	169	162	160	155	154	152	147	145	140	136	136	139	136	137	134	136	140	138	136	145	150	148	141	137	145	151	148	151	157	143	152	158	157	157	154	142	153	154	150	150	148	138	163	163	154	153	153	133	147	150	142	144	150	128	175	227	217	222	221	206	191	133	130	127	119	112	112	113	115	111	112	113	112	112	110	112	115	113	113	107	115	145	101	95	98	100	100	100	102	101	101	101	101	101	101	102	101	103	103	103	101	111	201	129	106	108	108	110	111	112	113	115	115	113	114	116	117	116	119	118	118	116	126	138	92	87	89	89	91	91	89	91	90	90	90	90	90	90	90	91	86	89	92	106	118	82	91	88	145	171	89	95	92	93	91	91	91	91	92	91	97	92	90	87	105	123	166	169	166	164	164	166	165	161	162	163	164	164	164	167	164	163	165	166	170	130	142	147	148	145	143	148	147	158	203	155	154	151	154	154	151	152	155	164	155	116	137	134	134	134	139	140	141	139	140	142	145	146	148	148	151	151	160	154	129	178	178	180	175	177	181	181	182	180	181	183	190	204	175	184	186	194	201	215	193	205	211	211	210	208	209	210	209	207	207	203	185	210	182	99	72	166	162	160	160	164	165	166	164	169	169	169	165	166	184	187	201	163	180	180	173	178	181	183	181	182	185	188	182	182	189	191	170	170	181	172	173	181	177	178	177	180	182	176	179	183	185	164	186	185	181	206	191	188	188	189	189	181	189	192	173	165	183	179	189	153	119	91	75	161	191	193	185	153	183	179	151	123	94	111	130	133	73	39	57	85	136	169	165	137	188	148	143	128	103	75	81	122	160	112	107	125	130	152	162	167	175	166	106	112	148	139	141	146	159	158	158	158	127	119	122	124	121	121	96	89	151	130	43	45	105	135	125	103	74	63	68	71	73	75	72	137	125	68	77	73	73	71	66	70	68	118	136	71	75	90	96	148	179	198	174	173	173	171	171	171	171	171	171	171	170	170	168	166	166	165	165	165	165	164	164	162	163	161	161	162	162	162	162	162	161	159	159	157	156	155	154	153	153	152	152	151	151	151	151	153	151	151	149	152	149	149	149	149	146	145	143	143	143	143	145	146	143
244	244	244	245	245	245	245	245	245	245	245	245	245	246	246	246	246	246	247	246	246	246	246	247	247	247	247	247	246	246	246	247	248	248	249	250	249	248	249	249	249	249	249	249	247	246	248	248	248	247	247	248	248	248	250	249	253	190	110	187	241	240	237	240	241	235	232	226	223	226	226	220	215	215	209	211	214	212	210	207	201	198	198	204	202	199	193	195	185	186	181	185	192	185	183	178	183	168	158	165	155	166	163	160	157	155	155	156	143	167	170	167	169	170	170	169	169	166	161	163	148	160	169	166	167	166	163	163	164	166	164	163	166	161	154	178	172	176	175	175	172	172	172	172	198	227	193	173	133	78	172	165	171	175	176	203	228	178	155	163	160	165	167	222	224	165	156	157	154	152	150	152	149	150	151	152	151	151	151	152	152	150	149	150	142	142	145	146	149	146	140	134	140	138	146	166	104	86	63	68	69	65	61	61	64	70	70	179	179	103	91	105	116	126	142	153	165	177	189	207	212	218	215	218	222	222	222	222	223	223	223	223	224	228	229	227	231	231	231	231	230	227	226	225	220	210	203	199	193	188	181	171	163	161	154	147	141	137	131	125	122	125	125	128	131	130	134	133	145	153	156	155	149	149	158	164	166	154	151	147	159	162	163	162	146	149	162	171	166	159	150	162	167	161	161	165	152	159	162	162	164	159	150	161	161	158	161	159	153	159	159	162	158	153	150	155	147	146	141	147	143	182	227	218	222	223	209	192	130	128	127	119	112	112	109	109	109	107	107	106	109	109	109	112	110	125	156	111	139	104	101	106	102	103	102	101	102	102	101	102	102	101	100	100	101	100	100	100	110	198	125	100	101	102	104	106	106	106	107	109	109	111	113	115	114	116	115	115	115	122	142	88	137	119	82	91	91	88	90	90	88	88	89	89	90	89	93	89	89	91	107	122	85	95	91	145	171	93	94	97	94	94	93	93	91	91	88	91	93	84	84	100	130	160	160	165	157	158	161	161	162	162	161	161	161	156	158	156	159	157	160	166	130	141	144	145	144	144	147	150	160	203	154	154	151	153	152	150	153	155	161	153	116	134	137	134	133	136	137	139	139	142	143	142	145	148	145	148	148	153	154	142	178	177	178	172	176	177	177	179	181	180	178	187	203	178	187	184	191	207	213	203	211	217	218	217	217	216	215	215	215	214	211	189	211	185	98	79	162	157	157	157	163	161	162	164	165	163	166	166	166	170	171	193	150	181	181	172	178	181	181	181	183	182	185	179	179	185	191	170	168	182	180	179	184	181	181	184	183	182	174	176	185	186	164	187	188	181	205	190	189	188	191	191	183	188	192	177	164	185	179	182	173	169	130	96	129	164	176	184	154	185	182	157	128	103	116	127	117	66	86	64	72	129	142	141	139	188	135	135	96	84	69	52	83	126	115	103	143	151	166	175	176	182	177	122	88	115	135	142	157	171	172	164	169	136	132	132	133	129	126	108	105	154	147	86	59	32	69	126	119	94	56	46	47	51	55	55	131	121	65	77	75	81	84	85	89	93	130	155	109	120	136	138	158	159	189	173	172	171	171	170	171	170	170	168	168	168	167	167	165	165	165	164	164	162	162	162	161	160	160	159	159	159	159	159	159	159	157	156	156	155	154	151	151	152	151	150	149	149	149	149	149	146	146	145	146	143	143	142	142	140	140	137	136	136	136	136	136	137
244	244	244	244	245	245	245	245	245	245	245	245	246	246	246	246	246	247	247	246	247	247	247	247	247	247	247	247	246	246	247	247	249	248	249	248	249	249	249	249	250	249	249	250	246	247	249	248	248	247	248	248	247	250	245	247	194	111	205	249	242	243	238	238	238	234	232	226	224	224	224	217	215	212	206	212	214	212	208	204	200	195	192	201	199	194	188	192	184	187	179	184	197	185	182	177	177	166	156	161	154	161	160	156	155	154	154	159	145	166	169	163	163	161	163	161	160	160	160	160	145	157	164	160	166	163	160	160	160	160	160	160	160	157	151	172	169	172	170	172	172	170	169	169	198	229	191	169	131	84	170	160	173	178	177	203	228	178	156	158	157	156	165	223	223	166	158	155	157	158	155	156	155	151	149	148	147	147	149	152	153	152	151	150	148	147	146	145	143	143	140	137	142	142	148	163	104	83	58	62	62	57	57	55	61	66	73	180	201	193	200	206	208	209	210	214	217	210	216	216	221	225	226	230	229	229	227	227	227	221	218	213	209	201	198	192	184	179	172	167	160	157	151	143	134	128	134	137	137	140	140	143	152	155	158	158	152	159	166	165	163	154	151	164	161	168	169	156	167	172	172	169	165	162	168	173	172	168	166	165	169	170	171	171	160	160	160	163	165	165	163	168	165	164	164	166	159	156	154	161	165	161	163	161	157	159	165	165	160	160	159	162	159	161	156	150	153	155	156	158	156	188	223	218	224	222	206	188	127	124	121	113	107	106	106	104	103	103	103	102	103	101	103	106	101	136	191	105	148	106	94	100	98	98	97	96	96	97	97	98	97	95	93	92	97	94	94	91	103	198	123	95	98	99	99	99	103	103	103	103	104	107	107	109	109	112	110	110	110	120	137	80	175	136	77	86	85	85	85	85	86	86	87	87	86	84	90	84	85	88	104	118	77	89	88	142	170	85	92	90	90	91	90	88	88	90	87	91	90	89	78	95	119	160	154	157	158	152	189	187	154	157	156	157	159	159	161	157	162	157	159	165	121	133	140	142	141	141	139	144	155	202	146	148	145	145	147	145	149	152	159	150	113	140	139	135	133	139	143	143	142	143	145	143	149	149	145	148	145	154	151	130	174	175	175	172	176	177	181	182	184	181	180	190	202	175	184	184	192	203	213	208	217	223	223	222	222	222	222	222	221	219	218	191	209	181	99	72	160	157	157	157	159	162	164	164	163	162	163	162	163	171	172	193	151	181	180	169	178	181	181	181	182	183	185	177	182	186	188	170	170	183	182	176	186	184	181	184	185	185	179	180	188	186	161	185	189	182	203	191	190	191	191	190	183	190	192	174	168	186	182	187	182	185	182	151	112	151	193	186	153	189	184	185	144	152	145	105	98	103	101	74	60	80	119	132	146	146	105	116	91	75	87	102	104	140	112	108	133	124	157	184	180	187	178	139	131	101	137	176	171	175	176	171	172	148	142	146	148	138	129	114	116	159	154	101	93	80	37	43	104	121	97	63	61	67	73	73	138	136	83	89	88	90	93	94	94	94	132	155	103	107	116	116	154	153	181	174	171	170	168	168	168	168	167	167	167	166	165	164	163	163	162	162	161	161	160	159	160	158	157	157	157	157	157	156	156	154	154	154	153	153	151	149	148	148	147	146	145	145	143	143	143	143	141	140	139	137	137	137	134	134	134	133	133	134	131	131	131	130
245	245	245	245	246	245	245	245	245	246	247	247	246	246	246	247	248	247	247	248	247	247	247	247	247	247	247	248	247	248	246	248	249	249	249	249	249	249	249	249	248	248	248	249	248	248	248	248	248	247	248	248	248	250	240	188	125	201	238	244	243	242	238	236	237	235	229	222	222	218	222	215	211	208	203	206	212	208	205	202	197	188	191	198	197	194	188	188	179	182	179	183	190	176	173	170	167	156	152	154	153	158	158	154	154	152	148	151	136	161	163	157	160	157	157	155	157	154	152	155	139	152	163	158	161	161	160	158	160	163	160	157	160	157	149	172	166	169	170	166	166	166	166	167	197	229	190	167	122	78	174	169	177	176	178	200	227	176	152	158	162	160	165	222	221	165	156	154	155	154	153	153	155	152	153	153	150	148	147	145	148	144	144	150	145	147	148	145	145	143	143	137	142	145	153	158	101	82	63	75	84	98	108	122	136	150	165	200	206	209	211	215	215	214	215	215	214	209	205	204	194	189	181	177	171	166	157	152	150	142	139	136	139	142	142	145	153	150	157	158	152	166	159	157	164	152	161	170	170	173	158	164	177	178	177	173	167	171	174	173	176	173	170	174	176	174	177	178	173	175	174	172	177	172	174	173	174	175	174	174	173	173	171	170	167	169	166	172	169	166	169	170	172	172	171	169	168	156	166	166	169	169	165	163	166	168	171	171	170	162	162	168	168	165	162	150	156	159	162	162	159	188	224	215	219	218	206	192	157	154	154	152	151	153	153	153	156	157	158	159	160	159	159	161	164	177	198	162	177	170	167	166	165	165	163	162	162	160	159	158	156	153	150	150	151	150	148	147	146	204	147	144	143	145	145	143	144	144	145	145	144	144	145	146	143	146	145	145	145	149	167	142	188	163	134	142	138	135	132	130	131	129	127	125	123	120	120	114	113	112	124	146	123	119	112	158	174	109	112	110	109	107	106	104	101	98	95	98	100	93	91	115	127	154	151	154	153	152	184	186	154	156	155	157	161	161	159	154	157	157	160	166	132	135	134	136	134	136	136	137	151	200	142	140	143	142	139	138	142	145	155	146	112	134	136	139	137	142	140	142	145	142	147	160	143	146	143	146	148	154	153	135	171	169	172	168	175	176	181	178	180	180	181	189	203	177	183	185	192	199	213	211	220	223	224	223	222	222	224	224	225	224	223	194	212	182	95	75	160	157	157	156	160	160	160	160	163	166	163	160	162	170	170	193	152	175	175	172	177	175	175	178	180	180	181	176	179	185	188	165	167	182	179	176	184	184	181	182	184	184	178	181	188	185	164	189	191	183	203	191	190	192	195	194	188	178	181	171	161	182	184	182	188	188	190	169	141	97	152	182	158	187	182	180	179	152	140	104	133	112	109	81	72	77	87	86	119	120	70	98	154	121	87	132	104	113	117	92	121	136	159	178	181	162	143	130	125	179	164	172	171	183	182	176	180	149	149	163	162	148	135	126	124	162	160	107	103	104	85	46	29	98	120	81	53	54	62	59	131	122	57	68	70	69	72	75	71	73	124	145	90	95	109	122	161	159	177	172	170	170	168	168	167	167	165	164	163	163	162	162	162	161	160	160	159	159	158	156	157	156	156	156	153	156	156	154	153	151	150	150	146	146	144	145	143	143	142	140	139	139	139	137	137	136	135	135	135	134	131	130	127	126	123	120	117	118	117	117	118	121
245	245	245	245	247	245	245	245	246	247	247	247	247	247	248	248	248	248	248	248	248	248	248	248	248	248	249	249	248	248	248	250	251	251	251	251	249	249	249	249	247	247	248	249	249	248	248	248	248	248	247	248	251	251	211	119	203	242	241	245	242	243	236	235	235	230	225	218	217	220	217	211	205	206	204	208	210	208	205	199	196	190	186	198	194	191	185	187	176	185	173	177	183	166	167	165	166	160	156	157	154	148	148	146	143	145	143	144	136	152	157	154	160	157	154	154	151	151	151	151	134	149	163	157	163	160	160	160	157	157	155	152	154	152	145	167	161	164	163	161	161	163	164	164	198	230	190	161	121	83	172	169	175	173	178	200	224	169	146	152	153	155	163	220	222	165	157	158	156	154	153	153	150	148	152	150	148	152	150	149	150	148	146	144	146	146	146	142	143	144	140	132	140	144	146	173	160	164	171	183	192	197	199	200	199	200	195	186	181	175	166	157	158	152	143	136	124	115	125	126	126	131	136	141	143	144	153	159	156	142	156	165	167	164	152	152	167	163	169	172	162	171	169	164	166	159	168	168	167	166	176	178	178	178	178	177	178	175	172	173	176	175	175	172	173	175	175	175	175	177	177	175	172	169	172	175	175	172	171	168	168	173	175	172	174	174	172	175	175	174	173	173	166	169	171	169	169	168	174	175	171	168	166	168	162	164	160	165	162	159	159	161	153	155	153	158	155	153	150	156	153	188	226	190	173	212	198	182	147	145	139	134	131	131	129	127	127	125	123	123	122	122	121	120	115	148	187	117	147	116	111	113	110	110	109	108	106	106	104	104	107	105	104	104	103	103	103	102	113	198	132	108	109	112	113	112	112	112	113	115	116	118	119	121	120	120	120	119	122	133	143	104	178	143	103	114	112	112	112	113	114	115	115	116	113	114	118	113	113	113	126	142	122	129	122	161	176	121	127	128	131	129	129	129	130	130	129	132	128	128	136	138	145	145	143	143	137	131	172	170	130	133	133	135	136	137	137	136	140	141	143	150	129	128	132	132	132	135	137	134	146	202	143	140	144	144	144	144	148	147	160	149	115	133	133	136	136	139	137	139	140	136	156	200	141	138	137	140	144	145	142	135	174	172	175	169	178	175	177	177	178	181	183	190	203	177	184	189	190	196	214	215	223	226	226	226	224	226	226	226	224	224	225	194	209	182	97	73	156	153	151	153	159	160	160	157	160	162	160	159	159	163	167	193	152	180	181	173	177	181	181	178	180	181	181	174	177	182	186	161	162	179	177	176	181	179	182	182	181	183	177	181	185	183	158	185	188	182	204	194	190	192	194	188	190	148	154	176	165	180	175	177	185	187	181	172	187	142	162	190	178	189	182	150	129	97	107	88	127	72	118	92	91	99	106	69	94	121	86	103	100	98	107	96	105	135	156	104	110	117	164	184	186	169	171	171	130	186	173	169	174	187	183	179	183	167	169	172	169	154	143	133	127	158	161	120	113	114	106	86	47	21	92	103	62	54	59	60	131	130	74	82	83	87	95	102	103	107	140	161	124	137	149	151	171	164	171	172	169	167	167	167	165	164	163	161	160	160	159	159	159	157	156	155	155	157	155	154	153	152	151	150	150	148	148	148	147	147	144	142	142	141	139	139	137	138	137	134	135	136	133	130	128	127	124	122	117	120	120	123	128	134	137	143	149	152	158	162	165	170
245	245	245	245	245	245	245	245	247	247	247	247	247	247	248	248	248	248	248	248	248	248	248	248	248	248	248	249	250	250	251	251	251	251	251	251	249	249	249	249	248	249	249	249	248	248	248	248	248	249	248	247	251	248	152	154	241	241	240	245	242	239	235	233	234	227	221	216	217	217	212	210	204	208	202	204	211	205	199	199	193	183	182	196	194	182	176	182	173	170	162	170	177	165	159	159	160	150	138	145	142	148	147	141	139	137	143	146	130	152	154	149	155	154	151	145	145	145	145	151	139	155	160	149	158	157	155	155	154	149	145	145	149	145	142	170	163	169	160	155	154	154	160	163	195	230	187	160	118	82	172	163	172	173	179	202	227	174	153	153	154	154	160	220	219	158	148	149	153	151	151	154	153	153	155	150	146	148	146	145	149	148	146	146	149	146	147	146	143	141	140	144	171	168	169	176	178	173	165	156	148	139	134	124	121	118	121	119	122	117	122	132	145	148	144	147	151	153	164	151	158	166	167	166	160	155	167	167	167	155	158	164	167	170	168	171	169	166	165	171	169	168	168	164	163	163	169	168	171	171	173	174	175	175	175	172	173	175	175	176	178	178	175	175	177	182	184	179	179	180	181	181	178	179	178	181	184	182	181	180	176	175	173	175	172	171	172	175	175	172	172	172	168	168	169	171	171	166	171	166	169	169	166	165	162	159	161	164	165	170	168	162	159	153	161	162	155	144	150	156	154	187	221	217	177	191	210	188	116	115	110	100	94	96	97	94	93	93	94	93	93	94	96	99	92	130	184	100	138	94	94	98	97	97	97	95	94	94	93	92	92	92	90	90	93	92	90	88	103	197	119	93	96	96	98	99	98	97	100	100	98	100	102	103	103	103	102	101	103	113	131	79	172	130	73	80	79	79	79	79	79	81	80	80	79	77	82	73	75	80	99	114	75	86	81	143	161	82	88	84	88	89	88	89	88	87	87	93	94	88	79	99	119	161	155	155	151	148	185	179	142	142	139	138	136	134	131	127	130	127	127	135	113	103	100	103	104	101	102	103	128	191	110	113	117	119	120	121	121	122	139	137	130	121	124	127	128	130	139	142	143	143	149	194	150	155	155	155	157	163	163	136	175	178	178	172	177	178	178	180	178	177	175	184	198	170	178	177	189	197	212	214	223	226	227	227	226	226	227	227	225	225	229	193	209	181	97	72	160	156	157	160	160	160	163	163	160	157	160	156	156	166	170	194	156	182	182	174	181	181	178	177	178	175	178	178	179	185	188	167	170	185	176	171	179	181	182	181	181	184	178	181	185	185	156	186	191	185	201	194	193	190	189	177	152	120	150	163	163	182	174	178	177	188	190	190	188	165	155	162	145	148	137	130	92	81	113	94	93	88	120	108	131	104	96	71	94	89	77	81	67	80	81	82	97	114	149	160	161	178	164	180	188	196	205	187	188	195	177	180	184	191	183	183	184	161	169	175	172	163	146	141	129	161	162	122	120	120	114	99	88	44	22	103	86	60	68	63	133	130	68	79	78	80	81	78	85	85	126	142	85	93	101	105	157	170	176	168	166	166	165	165	162	162	160	160	158	158	155	155	156	155	155	153	153	152	151	150	149	149	147	146	145	142	141	142	142	138	136	138	137	135	133	132	126	126	126	123	120	120	123	126	132	138	145	151	160	166	169	174	178	179	176	180	181	182	183	184	183	182
245	245	245	245	245	245	245	246	247	247	247	247	247	247	248	248	248	248	248	249	248	248	248	248	248	247	248	248	249	249	250	250	251	251	251	251	249	249	249	249	248	249	248	248	249	248	247	248	248	248	247	247	252	220	145	216	241	242	239	243	241	236	235	226	231	224	217	211	213	207	212	203	199	208	196	197	207	198	193	196	185	171	179	201	184	173	178	187	161	158	161	173	167	144	150	162	160	138	129	141	148	157	145	127	132	145	143	136	118	140	146	157	166	152	139	133	133	146	152	148	125	139	143	145	160	163	157	146	139	136	137	143	157	152	142	158	149	157	148	148	155	164	169	169	196	229	183	146	109	84	169	159	172	174	179	202	225	172	147	151	158	154	160	221	222	165	154	152	153	151	149	149	145	144	150	149	149	150	148	146	146	145	146	147	142	142	144	140	145	146	140	112	106	109	109	110	113	114	115	121	119	131	125	134	142	137	144	147	150	145	149	160	165	163	162	159	154	152	156	157	156	162	163	163	162	164	170	167	168	170	166	168	171	172	170	170	173	168	171	171	172	171	160	160	163	165	169	177	176	182	179	182	181	178	173	172	172	175	178	178	179	178	175	173	178	181	181	178	178	176	176	178	178	179	179	178	178	178	178	178	177	174	171	169	171	166	170	176	176	172	166	163	172	171	171	172	172	163	166	165	172	171	168	163	165	159	168	165	165	168	165	161	158	150	155	159	155	150	154	156	148	183	225	217	222	176	174	186	122	121	121	113	104	106	108	107	109	109	110	111	112	112	112	115	112	147	183	117	141	105	96	99	98	98	98	98	97	97	97	97	100	100	98	96	101	100	99	96	108	201	124	105	109	109	109	112	112	113	113	112	110	112	114	115	114	114	116	117	118	126	142	113	178	140	94	98	99	96	93	90	86	83	80	78	75	72	78	65	65	70	92	124	78	78	72	140	160	73	75	77	77	78	79	81	81	78	75	84	87	81	66	90	118	149	145	151	149	151	188	185	157	162	165	166	163	163	160	158	158	158	155	160	122	119	119	119	114	113	113	111	134	194	120	118	119	120	120	121	124	128	145	136	105	125	128	131	133	134	134	139	136	130	149	191	131	128	126	131	130	138	136	130	154	156	160	162	169	178	181	186	186	183	175	178	201	170	173	180	186	200	214	216	217	223	229	230	230	229	229	230	229	227	231	190	205	182	97	68	148	146	148	148	156	162	168	168	166	166	162	156	150	157	164	194	153	174	176	176	187	190	187	183	178	178	178	172	173	180	183	167	174	192	186	179	182	180	179	179	178	184	183	189	194	185	158	185	185	180	204	196	200	197	187	169	136	100	160	177	161	168	165	173	172	176	190	195	194	180	157	141	148	129	95	95	106	111	41	67	82	119	108	84	79	65	76	67	147	97	101	96	84	87	81	72	100	84	103	146	171	194	178	179	180	181	190	172	184	199	188	157	171	191	186	183	190	172	178	184	171	159	155	156	134	165	167	131	127	128	122	105	98	82	31	33	89	53	56	56	130	126	61	75	75	77	81	84	88	89	131	152	106	116	128	136	166	168	176	167	165	163	162	162	159	159	157	156	156	155	153	152	152	152	151	150	149	146	144	145	143	143	140	140	140	139	137	135	132	131	127	123	121	124	127	130	139	148	154	160	163	166	169	169	178	181	184	184	184	187	185	188	187	178	182	192	191	193	193	193	192	191
245	245	245	245	245	246	246	247	248	248	248	248	248	248	248	248	248	248	248	248	248	248	248	248	247	248	248	248	248	249	249	250	250	251	251	251	251	250	249	250	250	250	250	250	249	248	248	249	248	248	248	248	252	197	197	243	236	236	239	243	238	230	229	225	225	222	216	208	206	210	209	203	196	194	193	196	202	199	193	183	182	176	176	185	183	180	177	173	158	161	153	158	174	158	153	149	149	140	137	143	134	140	140	134	134	135	130	137	127	151	148	145	149	145	142	146	146	143	140	140	130	148	151	146	151	145	143	143	146	146	145	143	145	142	130	160	155	169	160	154	154	152	149	152	190	230	190	153	111	86	169	163	174	176	180	200	225	175	152	151	156	149	157	220	219	162	152	152	155	154	150	148	150	146	147	145	143	143	138	136	141	150	149	145	145	143	141	140	137	135	132	112	109	125	128	124	136	142	139	142	136	146	141	150	154	153	156	157	160	160	160	160	162	162	165	163	156	159	161	164	165	165	170	171	170	173	170	170	177	174	175	172	170	175	176	179	171	166	174	171	166	168	171	173	168	168	177	181	178	179	182	178	181	178	175	172	173	173	172	170	171	172	169	169	171	171	171	173	173	171	173	173	170	172	174	177	175	173	176	176	171	177	177	174	174	171	171	173	171	169	171	173	168	166	166	166	157	154	154	166	172	169	171	171	162	162	163	162	159	158	159	161	151	147	146	155	157	157	153	157	147	187	224	218	222	225	162	135	140	137	135	128	126	126	126	124	123	123	123	124	124	124	122	121	120	154	185	120	136	98	93	94	97	97	99	100	100	102	104	106	107	107	108	109	108	107	109	112	116	199	127	112	115	114	115	115	116	116	116	116	116	116	118	119	117	120	120	123	120	125	132	121	186	156	120	124	129	131	132	132	131	132	134	134	134	131	132	122	125	135	134	129	108	103	98	155	169	97	101	101	104	102	101	100	99	99	100	103	100	96	99	106	116	154	149	145	145	142	181	174	138	141	141	138	140	140	141	141	141	144	147	150	113	114	118	117	116	119	124	121	137	195	125	125	128	126	127	127	126	130	144	134	97	121	123	126	124	130	127	130	133	133	154	192	136	143	140	142	145	150	147	122	166	166	163	159	163	163	160	163	162	163	163	174	197	160	165	168	174	190	198	199	202	208	214	214	214	215	217	217	221	220	223	188	206	188	109	82	163	163	159	157	160	158	157	157	154	154	154	151	152	160	167	194	154	177	176	169	175	178	178	178	178	181	184	177	181	184	186	166	167	179	173	174	183	182	183	185	184	187	181	184	188	185	164	188	191	180	204	191	191	192	191	184	129	111	139	140	123	143	163	171	180	182	188	191	187	183	186	159	126	98	104	70	60	118	83	71	100	117	76	63	89	98	74	102	154	126	117	93	80	103	117	82	107	92	127	152	161	194	180	188	157	160	187	136	182	191	163	143	145	186	188	187	183	172	181	185	180	168	159	156	137	164	174	146	135	136	130	113	104	92	63	18	60	70	72	67	132	134	79	86	89	92	96	101	101	109	137	150	103	113	122	133	160	167	176	164	162	162	160	158	157	157	155	153	151	151	151	149	146	146	146	144	144	142	140	141	141	137	134	132	125	120	119	123	127	133	144	154	165	169	177	181	179	180	181	181	183	184	181	169	188	191	191	193	194	193	190	192	191	176	185	194	192	193	191	193	191	191
245	245	245	246	245	246	247	247	248	248	248	248	248	248	248	248	248	248	248	248	248	248	248	248	247	247	247	248	249	249	249	249	250	250	250	250	251	251	251	252	251	251	251	251	248	248	248	247	248	248	247	248	251	187	216	243	233	233	236	237	235	230	226	221	221	219	212	206	206	205	206	199	192	193	189	193	196	189	184	182	179	176	177	178	172	172	169	167	154	157	151	155	167	146	144	144	146	139	128	137	131	146	138	131	132	134	131	126	115	145	143	139	151	145	142	143	139	134	134	135	118	139	146	145	154	143	145	145	146	145	142	139	139	136	128	154	149	160	152	146	146	148	146	152	190	229	186	147	100	86	172	161	175	177	181	200	223	170	152	150	157	150	158	220	219	160	148	147	149	144	143	146	147	148	149	151	146	145	138	135	140	144	143	147	144	145	141	139	140	138	132	121	122	131	134	130	140	141	140	142	140	143	146	152	153	155	156	157	160	161	161	161	161	167	170	167	170	169	171	170	167	164	170	170	170	170	167	167	166	167	167	168	177	179	176	178	173	166	168	162	166	169	173	174	175	174	176	177	177	179	177	171	175	179	178	173	171	169	172	172	174	169	170	171	175	172	166	166	169	166	166	166	169	172	175	172	174	172	175	169	172	175	175	175	174	172	169	169	169	172	172	166	165	173	171	167	164	160	163	168	163	153	162	165	166	168	166	166	165	164	167	168	162	157	160	164	159	151	151	154	149	179	218	204	192	193	188	122	120	132	126	123	123	125	125	125	127	127	126	126	127	130	129	127	124	156	190	153	183	135	132	135	135	136	137	137	135	135	133	132	129	129	126	126	126	123	122	117	138	207	132	122	124	123	123	123	121	121	121	121	121	121	121	122	124	124	123	122	120	129	172	132	184	153	121	118	114	111	111	111	110	108	108	105	102	102	99	97	93	96	111	138	109	100	94	155	166	91	93	94	92	91	92	92	96	96	96	94	95	93	97	115	107	110	112	116	118	115	173	170	125	133	139	141	141	139	142	145	147	147	153	162	121	128	137	136	134	134	136	134	151	199	132	133	131	128	127	125	125	126	138	129	100	119	116	120	118	116	115	118	119	116	140	188	126	132	130	134	136	141	144	134	162	164	167	161	165	168	168	168	170	171	170	183	197	170	172	174	186	202	211	214	217	222	225	223	223	221	218	216	215	215	213	179	200	178	136	111	143	147	149	155	160	164	169	170	174	172	178	177	175	177	172	199	160	181	175	168	174	174	173	173	174	175	178	175	178	182	185	158	161	182	182	173	179	179	179	180	179	182	176	182	185	185	159	182	188	182	203	194	193	193	195	185	163	150	182	146	140	139	124	134	158	173	188	178	160	168	184	178	125	94	102	66	62	118	131	118	90	100	112	86	104	84	126	115	107	133	113	101	94	98	137	88	115	119	127	98	133	182	178	189	184	193	200	148	110	155	151	124	150	181	187	182	177	167	173	186	178	173	180	158	134	163	185	165	139	154	148	118	107	96	78	30	32	55	51	48	118	150	112	121	133	136	142	143	137	148	149	141	95	113	126	138	160	168	174	163	159	158	157	154	154	153	150	148	147	145	142	142	143	145	143	139	137	135	131	128	124	126	130	136	146	158	167	173	179	182	179	180	184	175	187	189	190	190	190	193	192	192	187	169	187	193	193	191	192	192	192	191	190	178	185	195	194	194	194	194	192	191
246	245	245	245	247	247	247	247	248	248	248	248	248	248	248	248	248	248	248	248	248	248	248	248	248	248	248	248	249	249	249	249	250	250	250	249	251	251	252	251	251	251	251	251	248	248	247	248	248	248	247	248	250	197	222	234	231	230	232	234	232	226	221	217	219	215	207	200	200	203	204	197	192	189	186	184	191	184	184	180	177	171	170	176	172	169	163	163	151	152	148	155	168	150	147	146	142	134	127	134	125	144	137	128	128	125	123	125	113	143	145	143	149	137	137	134	136	134	133	133	116	139	148	146	157	140	140	139	136	137	136	130	130	130	122	154	149	163	154	151	148	148	145	148	188	229	184	144	105	89	172	161	173	177	180	201	223	164	147	152	154	150	161	220	219	164	154	149	158	155	148	145	145	143	145	147	145	148	146	145	146	144	142	141	140	143	140	136	138	138	132	125	125	128	132	137	142	139	136	137	144	147	143	153	152	152	155	157	161	163	164	166	167	167	165	167	167	164	171	167	164	164	167	167	167	167	169	170	169	170	172	170	162	165	170	176	175	168	165	159	172	174	174	172	170	172	174	170	170	174	176	178	178	178	175	174	174	171	173	173	170	170	173	173	171	171	169	166	163	168	172	172	168	169	160	169	172	175	178	169	166	175	177	169	172	168	169	174	175	175	171	163	168	173	171	171	174	172	172	174	166	159	160	163	162	162	162	162	164	165	168	167	165	159	162	162	162	157	159	157	141	177	221	209	205	206	200	158	118	147	132	148	159	156	156	156	158	159	159	158	155	156	158	155	154	176	190	141	142	131	152	155	154	154	154	155	157	156	154	155	156	156	154	154	157	157	153	146	143	203	149	149	156	157	157	157	157	157	158	159	159	159	160	161	159	158	157	155	152	131	158	155	197	177	159	162	163	161	160	162	162	160	160	157	157	156	159	132	142	146	119	177	166	153	156	182	190	153	151	150	143	143	143	143	141	141	138	138	138	136	120	135	176	119	107	107	105	96	162	153	88	90	89	88	80	82	81	82	84	87	85	103	115	97	90	91	95	94	94	92	120	190	100	100	109	109	112	115	122	122	143	134	99	120	126	129	129	136	141	138	140	137	157	193	138	141	137	135	137	138	137	117	156	156	154	150	153	156	157	158	158	163	164	179	195	162	172	174	184	202	215	218	226	230	231	231	230	230	231	233	233	234	233	192	206	179	97	71	150	146	141	140	143	143	144	146	151	151	159	160	162	173	163	198	175	199	199	199	200	206	207	203	202	199	196	187	185	188	188	165	170	203	188	173	183	180	180	182	179	180	173	177	182	182	161	186	188	180	203	191	194	191	194	192	185	188	180	164	119	112	128	97	131	181	187	179	148	142	105	156	137	129	76	87	88	86	94	128	108	67	77	98	77	51	94	124	98	97	99	111	102	85	133	85	159	173	127	125	102	135	174	190	191	192	198	141	103	93	122	160	174	160	136	129	166	165	168	178	170	176	185	162	135	168	187	169	161	181	172	127	113	102	84	41	17	59	66	67	128	158	137	143	146	146	147	147	142	137	148	163	132	146	151	148	161	165	174	159	153	152	150	148	147	144	143	142	141	143	140	136	135	129	126	129	132	137	148	159	168	173	178	182	187	184	181	185	188	186	189	189	190	174	193	194	193	193	190	193	193	193	190	173	190	193	193	191	192	195	195	192	190	180	184	193	192	192	189	186	185	188
245	245	245	245	247	247	247	247	248	248	248	248	248	248	248	248	248	248	248	248	248	248	248	248	248	248	248	248	249	249	249	249	250	250	250	250	252	252	252	252	251	251	251	251	248	248	247	248	248	248	247	246	249	223	229	230	227	225	226	232	229	224	220	215	217	208	201	200	200	201	199	190	181	181	181	182	183	182	181	173	168	167	161	179	173	163	164	163	149	151	143	151	163	143	137	137	135	125	123	130	122	140	132	124	128	125	123	122	113	139	136	136	146	137	130	132	131	128	125	130	115	139	142	142	151	133	134	133	131	133	133	131	131	121	124	152	145	160	148	145	142	142	139	144	181	230	181	139	94	86	175	161	171	174	179	201	224	166	149	150	154	149	158	218	221	161	150	147	152	157	156	151	147	144	144	144	141	145	144	145	145	142	144	143	141	142	138	138	137	132	129	123	128	134	139	142	148	143	142	148	149	150	152	158	160	160	160	160	160	161	160	161	161	161	161	167	165	163	173	170	167	164	167	167	167	167	170	170	171	172	172	172	170	170	167	170	161	165	169	174	172	172	168	163	162	162	171	166	166	166	168	171	168	169	167	162	161	161	171	179	168	161	177	184	169	168	175	174	166	171	177	177	172	169	163	172	172	172	175	172	172	169	169	172	172	171	172	174	171	169	171	174	174	174	172	176	171	171	171	171	165	165	162	165	160	159	162	165	165	161	159	162	161	157	157	157	157	157	157	151	146	191	223	216	223	220	203	178	144	153	153	162	174	174	177	178	177	176	176	177	177	179	179	176	174	189	195	170	192	169	173	176	177	176	177	177	177	177	177	178	176	176	178	178	180	177	175	171	163	203	171	170	176	176	178	179	179	179	179	179	179	181	181	180	178	177	177	176	172	166	184	167	197	190	175	177	175	177	177	177	177	176	174	174	177	173	177	146	155	167	148	175	165	170	169	195	198	170	175	170	171	171	170	169	170	170	171	170	168	165	136	135	159	152	159	156	154	154	184	180	151	151	150	148	116	140	147	146	148	143	110	108	177	146	137	139	138	135	132	127	144	195	123	120	117	114	108	105	103	100	95	120	140	91	82	77	76	76	79	80	80	77	116	179	86	90	99	101	106	120	125	105	135	138	147	150	156	159	162	165	166	169	163	181	197	163	166	168	177	196	216	218	227	229	230	231	230	231	231	231	231	231	231	191	206	181	100	69	147	147	144	146	149	152	152	152	153	151	153	150	151	159	161	188	136	168	163	160	167	173	179	182	184	187	195	196	200	206	210	197	191	200	206	194	197	195	191	185	186	183	176	180	182	185	161	185	188	182	203	191	193	190	189	194	182	189	179	131	138	111	121	105	121	186	181	180	161	169	115	115	135	140	103	68	127	161	133	132	120	94	109	69	91	53	82	128	89	95	71	97	114	107	90	88	160	176	154	175	123	148	172	178	189	199	203	142	145	129	91	115	149	176	156	87	100	134	150	171	175	179	182	158	137	177	186	175	181	190	179	136	121	106	87	46	8	59	64	60	130	130	70	77	77	77	78	79	79	79	128	155	119	145	153	139	158	162	170	153	147	145	144	144	142	144	140	132	130	127	127	133	142	157	169	172	179	181	183	184	185	188	190	187	182	191	191	191	193	194	197	191	188	176	194	194	192	193	190	194	193	193	190	175	190	196	193	191	193	191	190	188	184	181	181	184	188	194	198	203	207	213
246	245	245	245	246	247	246	246	247	246	247	247	248	248	248	248	248	248	248	248	248	248	248	248	248	248	248	249	249	249	249	249	250	250	251	251	251	251	252	252	251	250	251	251	248	248	248	248	248	248	248	248	249	240	228	220	222	219	224	229	224	225	217	210	213	204	201	193	193	193	191	185	181	181	178	181	182	179	174	171	163	160	155	176	171	160	158	155	142	148	139	142	157	136	132	129	128	122	120	129	120	139	134	121	124	122	121	122	118	143	134	137	143	131	128	125	125	128	123	119	109	136	142	142	154	133	130	130	131	127	124	124	127	118	121	148	142	157	148	139	139	140	139	142	181	232	182	137	93	89	175	162	169	175	180	202	224	165	147	149	155	149	157	218	222	159	147	147	149	143	143	143	143	143	147	149	143	144	142	143	146	139	138	139	137	138	138	134	138	135	129	120	120	133	136	135	142	144	146	146	150	150	152	152	153	151	151	153	158	158	161	158	157	164	169	169	169	169	172	168	164	164	167	164	162	163	165	165	166	169	169	171	170	168	167	169	166	168	168	169	174	175	168	160	174	177	175	174	174	174	171	169	168	172	172	168	169	171	174	175	174	173	173	173	172	174	177	177	175	175	177	171	172	172	174	169	169	163	166	169	169	171	169	166	171	175	174	169	171	168	169	169	171	171	171	169	171	172	172	169	172	169	168	162	163	165	171	171	166	158	159	159	163	157	157	157	157	154	157	154	151	191	222	194	196	207	195	191	176	168	164	171	181	178	178	177	181	181	180	180	178	179	178	176	175	189	195	173	188	164	176	179	178	178	178	178	177	178	177	177	178	177	176	175	177	176	174	174	170	207	173	175	177	177	178	179	177	177	177	177	177	178	178	178	180	180	180	180	171	161	197	177	200	183	174	178	177	180	180	178	180	180	181	181	181	180	180	167	175	179	182	198	176	181	175	193	195	178	181	183	179	179	179	179	180	183	181	182	183	181	178	193	183	175	180	178	177	176	194	190	177	177	177	176	150	172	176	176	170	166	147	151	167	156	162	163	161	161	161	156	167	203	160	157	159	157	156	153	154	140	89	135	170	149	150	144	140	142	128	107	127	127	148	188	127	123	117	114	107	84	114	156	97	85	85	82	77	78	77	79	78	81	80	135	170	100	111	134	172	198	215	216	224	227	230	231	231	231	230	229	232	231	233	191	203	183	101	62	138	129	131	132	130	134	139	139	142	145	148	145	146	155	160	186	138	162	162	158	165	168	169	168	169	172	174	164	169	175	175	157	170	195	192	183	192	195	198	200	198	201	194	195	194	186	165	180	180	171	204	193	193	194	194	197	186	192	190	153	165	156	132	139	165	188	178	194	191	173	140	106	84	120	120	87	155	196	185	142	112	124	107	66	90	84	87	110	67	72	88	92	84	124	107	88	160	140	110	148	113	153	142	148	150	151	148	97	129	169	107	119	118	170	104	73	118	109	148	167	168	172	177	158	129	165	180	180	184	192	183	142	130	115	94	57	19	61	64	62	132	129	71	80	84	87	93	96	101	104	142	172	147	160	157	138	158	155	165	146	144	141	136	132	128	128	129	136	149	162	175	181	185	178	176	186	191	195	198	198	197	196	195	188	176	194	198	198	197	197	196	195	191	179	191	194	195	195	194	194	193	193	186	172	188	187	182	183	184	185	190	195	199	203	207	209	215	215	213	213	214	213
245	245	245	245	245	245	246	246	246	246	246	247	248	248	248	248	248	248	248	248	248	248	248	248	249	249	249	249	249	249	249	249	250	250	251	251	251	252	252	252	251	251	251	251	248	249	248	248	248	248	248	248	248	246	224	213	213	215	223	225	222	219	212	208	208	200	193	188	192	197	189	183	178	174	172	171	185	174	174	170	156	156	154	172	167	158	156	157	139	136	127	139	157	129	130	124	125	122	113	123	111	132	135	126	130	133	127	124	113	137	132	134	144	122	125	125	122	122	120	117	112	133	139	145	151	131	127	127	130	130	127	127	131	125	121	145	141	154	143	134	133	134	134	137	174	233	179	128	88	90	176	163	170	178	181	202	221	161	141	146	148	140	154	217	222	162	151	150	150	147	147	147	144	143	144	141	138	141	143	144	144	143	141	140	141	138	137	129	132	135	134	122	129	136	139	143	145	149	148	131	144	147	150	154	154	154	156	160	158	163	161	164	167	166	164	164	164	167	167	166	167	164	167	164	164	165	164	161	167	167	166	170	170	167	169	170	171	171	168	171	174	174	172	169	168	168	168	166	166	170	171	169	168	168	171	171	171	175	171	169	172	171	165	165	165	171	169	172	171	175	171	168	168	171	168	174	172	163	163	166	165	172	172	165	170	174	172	168	172	169	170	175	175	169	172	172	172	171	171	174	171	171	172	169	169	168	168	161	150	148	148	157	154	153	148	156	156	159	154	157	152	191	221	204	171	215	204	194	179	162	145	169	181	181	181	181	182	182	182	181	180	180	180	180	179	191	200	182	196	154	181	181	178	178	178	178	178	178	178	178	175	175	175	175	174	174	172	171	167	206	173	170	173	173	173	173	175	175	175	175	175	175	175	175	177	177	175	177	163	156	202	170	200	186	175	178	180	180	180	180	180	180	180	180	180	182	179	158	170	178	180	204	178	182	179	200	203	180	181	182	183	183	182	182	184	180	158	178	178	178	174	193	183	174	176	173	176	175	193	190	173	175	175	173	152	174	175	173	171	171	168	182	187	168	171	172	172	171	171	168	171	202	169	168	172	174	174	174	174	174	153	184	176	177	175	173	174	171	161	141	168	161	173	201	170	167	162	159	136	80	130	162	147	146	144	141	140	139	136	134	128	124	119	152	176	111	114	123	136	193	214	209	209	212	214	215	217	218	220	220	219	223	224	193	204	183	102	67	128	129	133	136	141	145	148	149	146	146	145	143	146	147	148	187	129	153	153	150	153	156	159	160	162	162	163	162	166	172	174	157	167	198	185	174	183	182	182	183	183	185	179	185	191	189	168	176	170	155	194	167	161	161	164	170	170	182	189	178	155	126	99	125	141	156	170	165	145	120	139	135	91	80	98	96	81	119	121	117	112	107	77	49	75	99	119	104	92	58	48	92	94	78	74	93	103	74	96	124	144	95	106	164	111	90	74	80	113	149	124	117	122	137	123	138	124	122	119	125	145	165	174	153	123	161	170	169	188	195	186	143	132	119	94	78	39	70	71	71	134	133	74	83	89	90	92	98	101	107	149	173	143	149	150	135	158	152	165	132	125	125	134	143	156	169	180	185	187	187	187	190	193	178	175	196	198	197	198	198	195	195	197	190	182	196	197	200	200	196	194	202	196	181	194	194	192	192	189	186	183	183	182	182	191	194	202	208	211	212	213	214	214	214	213	213	214	214	213	213	213	213
245	245	245	245	246	246	246	246	246	246	246	247	248	248	248	248	248	248	248	248	248	248	248	248	248	249	249	249	249	249	249	249	250	250	251	251	252	252	252	252	251	251	251	251	248	249	248	248	248	248	248	248	248	246	221	203	207	210	218	221	215	211	211	204	201	194	194	187	186	185	184	177	170	167	167	166	180	168	169	163	156	155	150	168	163	154	151	146	131	135	127	138	160	130	133	127	128	116	117	130	120	147	142	127	124	121	115	115	119	137	129	135	150	131	122	122	125	125	126	128	115	133	133	142	154	136	133	130	131	131	130	125	125	119	118	143	134	151	134	129	127	127	131	138	175	230	179	133	94	99	169	157	169	178	181	203	224	165	147	149	153	143	154	220	217	157	145	144	147	150	150	150	150	149	152	149	144	145	141	139	142	139	138	140	140	141	141	132	135	138	137	125	131	139	139	141	135	123	128	135	132	132	139	149	147	149	154	157	158	159	151	152	152	164	161	148	160	164	167	167	167	167	170	167	166	164	161	160	164	161	161	164	164	164	164	164	163	163	160	169	171	169	171	172	169	168	169	172	171	174	175	173	175	174	165	156	168	172	171	171	168	165	160	162	166	168	165	165	166	168	168	166	171	171	168	174	181	180	184	184	162	165	168	165	168	171	169	168	171	168	163	168	172	171	172	172	168	169	169	166	168	168	168	165	165	164	164	156	153	155	159	156	151	148	151	157	153	156	156	151	142	188	222	219	207	176	198	197	176	169	153	166	171	169	169	169	171	171	171	171	172	172	172	172	171	189	197	174	196	154	173	169	171	171	171	171	171	171	171	171	172	172	172	172	174	174	174	173	176	208	176	175	175	174	173	173	171	171	171	171	172	172	172	171	171	172	174	177	163	159	200	171	200	186	171	171	171	171	171	171	171	171	171	171	172	167	169	159	166	171	173	198	166	169	171	191	194	170	171	172	171	171	170	171	174	169	156	171	172	172	163	193	180	167	171	172	173	174	194	192	176	177	177	175	156	177	178	175	175	172	163	183	192	172	178	179	178	177	178	176	183	205	162	174	173	173	173	173	171	171	162	194	177	174	175	179	177	176	171	152	174	173	181	201	174	173	174	174	174	162	186	172	171	172	172	170	171	171	171	171	165	165	162	176	191	155	147	100	111	195	217	212	207	208	207	207	207	206	206	206	210	210	209	206	198	163	152	143	100	79	76	73	73	76	78	79	87	93	103	110	119	132	147	190	135	156	161	160	162	163	160	157	157	157	155	150	154	159	162	143	155	194	182	170	180	182	182	182	183	182	177	183	185	185	152	176	182	174	200	182	179	173	164	159	149	158	165	168	156	148	112	98	119	113	148	150	129	146	164	129	126	136	118	109	86	84	88	91	101	116	108	67	59	85	75	94	54	80	75	111	117	103	56	98	60	57	159	110	155	136	159	164	98	73	39	78	125	107	129	147	137	151	163	147	150	135	109	125	80	83	131	148	120	153	164	164	182	192	192	149	133	121	107	90	51	64	65	62	131	134	69	79	83	89	89	102	118	136	168	174	147	146	144	126	154	144	160	148	161	171	180	183	180	184	191	196	196	197	197	197	194	178	173	196	198	198	198	198	197	196	197	191	182	197	198	200	199	196	196	196	188	182	187	186	190	193	197	200	205	208	211	216	214	214	214	214	212	212	212	212	212	212	212	214	214	214	213	213	214	213
245	245	245	246	246	246	246	246	246	246	246	248	248	248	249	249	248	248	248	248	248	248	248	248	248	249	249	249	249	249	249	249	250	251	251	251	252	252	252	252	251	251	251	250	248	248	248	248	248	248	247	248	248	246	215	194	204	203	211	219	216	212	203	194	201	195	183	180	178	179	183	174	167	162	164	161	176	168	165	157	150	149	144	171	169	152	149	148	130	133	124	136	157	124	115	112	110	107	110	118	108	141	138	126	129	130	130	124	121	138	126	132	150	120	116	116	117	114	111	110	112	135	133	140	154	130	128	130	130	130	130	130	133	124	121	136	132	153	147	136	135	135	135	133	171	231	171	113	139	147	166	157	168	178	181	205	221	161	144	149	154	147	157	220	219	162	151	149	150	146	144	144	141	141	147	147	145	147	142	137	141	140	139	138	131	132	134	128	132	134	135	129	125	136	134	133	133	131	131	145	148	148	150	154	159	158	154	151	156	154	150	151	148	146	147	153	164	167	164	164	161	158	164	164	162	162	164	166	164	167	170	167	167	167	167	171	171	168	171	172	171	171	168	168	168	168	169	171	168	172	173	170	171	172	169	163	166	171	168	171	172	175	172	172	168	166	162	165	168	166	168	165	168	172	171	171	178	176	175	166	159	164	166	163	166	172	172	168	165	156	157	154	165	168	168	168	168	172	169	163	167	166	168	163	168	165	165	156	159	154	160	159	162	159	165	159	154	153	156	152	151	189	222	215	222	207	159	192	179	171	156	173	186	184	184	185	187	187	187	187	185	185	185	185	186	194	201	188	196	157	184	187	187	187	187	187	187	186	187	187	186	186	186	186	186	186	186	185	183	213	186	187	190	190	187	187	187	187	187	187	186	186	186	186	186	186	186	188	171	164	204	184	206	194	185	187	186	186	186	186	186	186	186	186	185	187	185	165	181	185	186	207	185	187	186	200	203	183	184	183	183	183	182	182	184	178	159	180	183	182	175	199	189	177	178	174	174	174	192	190	167	168	169	168	151	167	167	169	167	164	163	183	185	164	167	166	165	168	171	173	179	202	157	174	176	175	174	173	173	171	157	202	181	178	181	184	184	186	181	153	187	183	189	201	178	176	175	174	176	160	193	173	170	174	174	169	171	171	171	171	171	168	160	179	194	168	166	163	171	199	200	204	205	208	211	212	212	212	213	211	212	215	211	197	207	178	163	160	152	144	146	136	133	130	124	121	113	111	105	98	90	82	82	192	115	65	67	73	79	87	100	112	121	130	138	142	154	157	165	141	138	191	170	156	162	162	165	170	170	176	171	177	182	185	150	176	176	173	197	179	180	182	184	185	176	186	188	172	146	154	136	131	108	116	136	164	173	173	170	144	135	132	110	78	122	120	81	63	54	69	77	78	66	79	94	145	102	82	88	95	119	81	37	63	110	71	137	130	105	138	178	179	127	150	48	60	105	109	151	137	140	111	99	120	180	187	180	143	65	30	68	131	119	164	161	156	179	192	196	152	137	125	113	86	77	81	82	81	139	146	95	105	111	120	128	138	151	155	167	171	135	129	135	133	159	175	185	186	185	188	191	192	186	187	198	197	196	197	197	199	197	181	178	197	199	199	199	199	198	197	199	193	180	195	195	193	191	185	178	166	160	145	143	194	215	213	213	215	213	214	214	211	214	214	214	214	212	212	213	212	212	213	212	213	214	214	214	214	213	213
245	244	244	246	246	246	246	246	247	246	246	247	247	248	248	249	248	248	248	248	248	248	248	248	249	249	249	249	250	249	249	250	251	251	251	251	252	252	252	252	252	251	251	252	250	249	249	249	249	249	250	250	249	245	206	188	201	195	207	217	209	209	200	193	196	187	178	174	172	176	179	170	165	162	158	162	172	162	160	157	149	151	143	165	160	150	151	148	130	127	118	132	152	120	122	122	126	115	109	121	117	144	138	123	119	119	116	116	124	136	126	130	148	120	119	118	122	123	127	128	122	134	128	141	158	140	135	135	134	131	131	127	124	115	121	121	112	145	133	120	122	125	127	137	174	229	186	159	185	180	168	163	170	178	180	202	222	158	144	152	150	140	153	217	218	158	149	149	149	146	143	143	143	143	140	140	140	143	140	137	143	145	144	143	143	137	135	132	131	127	125	117	130	133	135	136	132	136	136	147	147	145	146	147	147	150	149	149	147	150	153	154	155	150	152	162	160	155	163	164	167	164	165	167	166	166	166	169	164	167	170	167	164	164	166	173	171	165	171	172	174	174	174	171	166	168	168	166	166	169	171	171	169	172	172	171	174	174	174	174	175	175	172	172	168	169	169	174	174	174	166	168	162	169	174	174	172	172	172	167	171	175	175	173	175	176	177	176	176	173	176	172	172	174	172	175	172	169	169	171	168	170	171	168	168	167	168	162	156	153	151	165	169	168	166	162	156	156	151	157	147	194	223	216	220	221	179	168	180	174	157	172	187	187	187	187	187	187	186	187	187	187	187	186	185	197	201	188	196	158	185	187	187	187	187	187	187	187	187	187	185	184	185	185	185	184	184	184	182	209	186	188	188	188	187	187	187	187	186	186	187	187	187	188	187	187	186	188	172	168	205	182	202	192	184	185	186	186	186	186	186	186	186	186	188	185	188	167	180	184	187	205	186	188	188	202	203	188	191	187	188	188	188	188	189	187	162	186	186	188	181	200	193	184	186	184	186	185	201	196	184	186	187	183	162	183	184	184	185	185	182	188	196	176	179	180	178	175	175	172	179	203	154	168	169	169	169	169	169	168	162	199	169	166	169	167	171	169	170	155	177	174	184	200	175	174	174	174	173	158	198	179	176	179	182	176	165	176	179	177	176	178	176	185	194	172	173	164	170	209	207	209	209	208	206	205	204	204	203	202	202	201	202	190	206	188	184	167	170	170	167	167	166	164	162	159	158	159	159	157	140	91	101	201	166	127	119	112	104	97	88	82	75	68	60	63	77	70	73	103	90	170	131	114	128	141	149	156	165	163	162	167	173	174	144	165	164	163	201	174	173	173	176	178	172	178	186	169	143	159	142	107	82	104	186	159	165	152	124	101	97	110	113	116	148	121	89	49	40	44	78	91	104	106	156	132	87	75	61	86	84	56	50	50	119	182	165	143	118	103	108	146	133	112	65	66	99	102	135	148	124	71	122	168	208	199	217	208	155	143	122	119	27	122	162	161	180	193	199	158	140	125	104	86	68	70	72	71	132	139	83	89	106	128	147	149	140	128	147	169	150	169	185	167	164	187	186	197	198	200	197	197	184	188	198	200	198	198	200	197	196	182	178	199	199	199	197	196	191	188	188	183	176	170	155	146	134	122	113	104	101	101	115	195	216	212	212	212	214	212	213	215	214	212	212	213	214	214	214	213	211	212	212	213	214	214	214	214	213	213
244	243	244	245	246	246	246	246	247	247	247	247	247	247	247	248	248	248	248	248	248	248	248	248	249	249	249	249	250	250	250	251	252	252	252	252	252	252	252	252	252	252	252	252	251	251	251	251	252	252	252	252	250	241	193	176	193	187	206	214	210	204	191	184	183	181	170	173	170	173	179	168	161	158	155	157	169	163	160	153	147	146	143	163	158	144	141	142	122	124	115	130	157	125	122	117	114	108	111	115	106	139	133	124	127	131	133	134	135	138	120	127	154	131	126	125	126	119	113	109	118	145	135	149	153	124	111	109	110	109	108	105	102	125	167	94	89	118	154	163	170	178	179	188	202	227	202	195	194	204	186	169	172	181	180	205	219	155	151	150	151	145	157	217	218	154	142	142	144	142	142	141	144	144	144	144	141	144	141	144	143	138	137	139	135	135	140	134	134	135	142	125	124	129	132	131	135	135	135	141	143	142	150	152	153	153	151	154	155	158	160	163	159	160	164	165	156	148	158	158	160	160	163	165	164	164	160	161	161	165	165	160	163	165	165	170	170	167	164	170	171	168	168	171	171	171	168	166	165	172	175	172	169	172	173	170	173	172	172	174	171	171	168	163	159	166	166	171	165	153	151	153	168	177	178	174	173	174	172	171	180	180	177	177	178	178	176	177	177	173	173	177	167	162	168	171	169	169	171	172	171	168	168	168	168	165	165	160	162	159	160	159	156	150	147	143	148	145	151	151	147	188	220	217	220	220	196	187	165	172	154	168	187	185	185	184	187	187	187	187	187	187	187	187	186	198	200	188	196	154	188	187	185	185	185	185	185	185	185	185	184	184	184	184	185	184	185	182	185	209	186	188	189	189	189	191	188	188	188	188	187	187	187	187	187	187	185	188	172	169	204	184	203	193	186	186	186	186	186	186	186	184	186	186	187	186	188	162	181	185	187	206	186	187	186	200	204	188	188	185	190	188	189	188	186	186	162	186	187	188	182	200	194	186	185	185	186	184	199	197	185	185	185	181	159	182	183	185	185	185	180	188	196	181	182	184	183	183	183	183	191	206	159	181	184	184	184	184	184	186	173	202	184	181	184	184	182	181	179	159	176	176	183	199	172	172	173	173	173	156	192	169	164	167	170	167	151	174	177	177	177	177	174	186	198	172	172	162	175	211	215	215	216	216	216	216	218	219	217	216	216	215	216	201	208	199	193	169	168	168	168	168	166	167	168	168	166	166	166	166	165	153	144	200	164	168	169	167	167	166	161	158	153	150	144	140	108	75	76	156	140	171	111	67	62	60	59	62	66	73	84	103	118	135	130	163	175	170	195	175	173	169	167	169	164	171	178	161	140	155	141	101	104	93	93	102	103	155	108	80	91	84	120	127	132	116	150	91	91	53	91	105	107	146	156	125	81	53	50	74	64	45	52	72	121	181	183	178	185	170	137	115	117	78	83	83	106	108	96	109	115	91	145	183	172	174	127	136	174	192	195	173	97	122	110	132	189	197	196	158	142	127	115	103	85	91	96	107	157	153	114	128	143	154	149	124	136	155	172	195	188	190	190	171	165	192	191	202	200	198	198	200	184	189	196	199	200	198	196	197	198	188	183	190	185	178	169	160	157	198	153	118	112	106	103	100	101	102	103	103	104	104	120	195	216	213	213	213	213	213	213	213	213	212	212	212	212	212	214	214	212	212	212	212	214	214	214	214	214	214
244	243	244	245	246	246	246	246	247	247	247	247	248	248	248	248	248	248	248	248	248	248	248	248	249	249	249	249	250	250	251	251	252	252	252	252	252	252	252	252	252	252	252	252	251	251	252	252	252	252	252	252	250	240	182	166	186	179	200	209	210	198	185	178	175	176	170	172	170	173	173	163	157	157	156	158	167	160	162	151	139	137	134	163	156	144	138	136	119	118	112	130	152	113	110	108	107	94	90	107	101	149	149	136	139	139	133	133	135	130	109	118	144	118	111	109	114	118	120	120	121	118	105	126	122	98	100	107	119	126	138	149	161	172	185	160	112	140	188	197	198	199	197	201	209	224	205	202	200	210	191	171	175	180	179	203	217	156	144	148	146	143	157	217	218	155	143	144	147	144	143	144	139	135	142	142	141	146	143	142	140	142	143	142	135	134	135	131	126	129	128	121	127	126	130	131	117	117	124	143	142	144	151	152	152	149	144	147	146	153	154	153	151	148	154	154	151	153	156	158	159	160	161	162	161	163	162	160	165	164	165	165	162	167	166	167	170	167	167	164	168	166	168	172	169	171	171	169	165	169	169	166	164	170	176	176	169	168	168	168	169	166	162	157	160	168	166	165	165	162	163	165	171	169	168	165	163	166	167	163	165	168	171	174	171	169	163	156	160	159	164	174	169	159	167	167	163	166	168	171	171	173	171	167	163	160	162	159	160	159	162	157	150	147	147	153	159	157	157	156	153	195	220	218	221	217	197	196	164	159	157	168	184	185	185	184	185	187	187	187	187	187	187	187	187	200	200	186	193	154	187	185	185	185	185	185	187	187	187	187	187	185	185	187	185	185	185	184	185	210	186	189	189	189	189	189	189	188	188	188	188	188	188	188	188	187	188	190	168	168	204	188	205	192	184	185	184	186	186	184	186	186	186	186	185	186	184	160	181	184	184	205	185	189	189	201	203	186	188	185	187	187	187	187	189	183	161	186	185	185	180	200	191	184	184	184	186	184	199	197	184	185	185	184	162	183	183	185	186	187	180	189	196	182	184	184	182	181	183	182	188	205	160	182	184	183	183	182	183	184	171	201	182	181	184	184	183	184	183	163	186	189	195	205	188	188	188	186	186	170	201	186	182	180	177	174	155	171	169	168	167	165	164	180	191	165	165	157	173	209	214	215	215	215	215	215	215	215	216	215	213	216	216	201	210	201	195	177	181	181	181	179	179	179	178	176	174	174	174	174	175	169	161	207	171	170	171	171	169	169	170	169	168	168	169	169	153	134	159	165	157	192	177	159	157	146	138	128	113	93	92	75	63	64	130	68	58	80	170	105	118	135	153	162	170	181	182	162	139	152	151	147	137	135	125	129	122	153	136	121	85	67	86	96	162	108	106	106	92	57	47	81	83	170	179	185	150	60	64	88	72	34	58	73	157	191	193	185	189	161	158	152	170	128	83	64	75	119	97	121	128	109	100	126	87	155	180	122	153	189	223	214	133	153	103	95	184	193	193	157	143	133	121	118	87	82	80	115	187	151	135	161	174	162	83	118	186	189	181	199	200	203	200	173	163	192	191	200	200	200	200	198	187	187	191	190	189	192	186	178	172	157	148	133	119	114	107	101	116	198	137	104	109	104	103	106	106	106	106	106	105	104	118	194	215	213	213	213	213	213	213	213	213	213	213	212	212	212	212	211	212	213	213	213	214	214	214	214	214	214
242	244	245	245	246	246	247	247	247	247	247	247	248	248	248	248	248	248	248	248	248	248	249	249	249	249	249	249	250	251	251	251	252	252	252	252	252	252	252	252	252	252	252	252	251	252	252	252	252	252	252	252	250	239	167	153	178	173	198	207	206	196	185	175	172	173	166	167	167	164	171	160	154	151	151	154	166	160	154	145	129	134	126	160	153	141	134	129	115	114	102	119	147	109	112	114	116	102	104	116	100	148	150	139	139	139	139	143	135	135	117	129	135	112	108	105	99	96	95	95	161	117	74	95	128	163	171	180	187	190	194	198	196	198	196	204	165	203	202	201	202	202	203	206	211	228	207	201	203	210	191	173	175	179	178	203	216	158	140	148	144	140	155	217	218	157	145	146	147	148	146	146	146	144	143	146	141	144	138	137	138	138	138	140	135	135	132	135	133	128	124	118	130	127	132	133	127	125	130	143	142	141	147	144	141	145	142	142	145	154	156	156	156	147	154	159	161	163	167	166	166	164	165	165	163	162	167	168	169	168	170	169	163	167	164	165	167	167	167	164	165	165	166	168	166	165	165	165	165	171	171	172	167	162	161	162	165	169	168	165	171	168	163	165	169	174	171	170	171	174	169	169	171	169	166	168	170	172	175	175	178	179	179	179	178	179	179	178	178	178	178	176	168	162	168	171	165	165	166	169	168	170	168	162	157	156	157	157	159	157	159	159	147	148	148	151	154	151	150	157	150	192	220	214	218	214	199	197	185	173	170	177	191	191	191	191	191	191	191	191	191	190	191	191	187	198	200	184	194	166	189	191	188	188	188	188	188	188	188	188	187	187	187	187	187	187	187	185	182	209	182	188	190	189	189	189	190	190	190	190	191	191	191	191	190	190	191	191	178	178	203	184	199	189	186	190	189	189	189	189	189	189	189	189	189	192	191	174	184	190	187	202	187	189	188	201	201	188	191	190	190	190	191	190	192	186	168	189	187	188	185	198	193	187	190	190	189	186	199	199	184	185	187	184	162	185	186	185	186	186	178	186	197	185	187	184	185	184	184	183	190	206	159	181	184	183	183	183	184	183	171	200	181	179	181	182	186	184	181	163	183	186	193	205	185	185	184	183	182	167	200	185	183	182	181	181	156	178	182	181	180	180	179	191	200	178	182	172	178	211	214	215	216	216	215	216	215	215	213	213	216	216	218	203	210	201	190	163	165	166	169	172	174	177	178	179	179	180	180	180	180	171	165	207	182	180	180	180	183	180	178	177	174	171	169	169	170	152	182	179	170	188	180	171	173	174	175	175	171	145	158	123	110	143	178	152	136	128	182	96	77	70	61	57	66	74	84	108	113	129	141	155	164	130	142	140	165	144	150	138	94	99	75	86	130	118	102	117	78	65	59	62	76	154	140	133	140	71	71	111	95	43	90	98	96	148	164	132	135	156	171	163	142	131	126	106	68	90	116	117	137	107	111	125	104	186	124	112	134	128	143	183	125	160	98	99	178	187	185	154	139	133	121	128	113	103	109	142	220	179	160	200	208	180	69	117	196	202	191	201	200	202	202	177	166	195	192	199	197	195	194	192	191	194	199	205	186	132	122	113	106	103	103	103	102	103	103	101	116	198	138	103	109	107	107	109	108	108	107	107	108	106	119	193	215	213	213	213	213	213	213	213	213	213	213	213	213	213	213	212	212	212	212	211	214	214	214	214	214	214
244	245	245	244	246	246	247	247	247	247	247	248	248	248	248	248	249	248	248	249	249	249	249	249	249	249	249	250	250	251	251	251	252	252	252	252	252	252	252	252	252	252	252	253	252	252	252	252	252	252	252	252	251	241	154	136	174	165	201	207	204	195	180	170	169	168	163	160	153	159	162	154	151	149	151	149	163	154	151	141	131	125	116	153	147	131	131	127	99	107	99	121	151	118	118	115	118	113	122	122	104	155	144	138	143	148	145	138	141	117	102	106	96	93	104	115	132	145	161	176	194	189	129	138	171	200	199	199	200	201	201	200	201	200	200	208	171	203	202	205	204	202	204	205	210	225	203	203	203	214	192	172	173	181	180	207	215	154	144	151	148	144	153	215	219	154	142	143	146	145	144	142	142	142	144	147	146	144	141	140	138	134	132	133	126	129	131	129	131	131	133	121	122	131	134	129	136	135	135	141	145	146	149	141	141	155	152	149	151	151	157	162	158	152	156	158	158	157	159	152	151	154	160	165	164	163	166	166	163	168	169	163	162	167	166	166	164	167	170	167	166	168	167	167	168	165	162	163	160	171	174	173	169	166	166	166	169	170	166	160	163	174	176	177	177	178	177	178	174	165	160	156	171	172	172	169	177	180	177	174	177	174	170	167	169	163	166	174	171	168	170	175	174	171	169	169	167	173	172	167	162	156	156	156	155	149	156	157	157	144	153	150	156	164	155	144	148	144	151	156	151	194	222	178	188	211	191	193	177	173	154	164	179	178	178	178	179	179	179	179	179	179	179	180	178	191	194	178	186	156	180	180	179	178	178	179	180	180	179	179	179	177	177	177	177	177	175	174	175	206	173	175	176	177	177	177	174	174	176	176	176	177	177	177	174	175	175	176	164	165	194	173	200	185	176	177	178	178	178	179	178	179	179	178	180	181	182	165	175	178	179	198	178	181	179	193	196	179	183	181	183	183	183	184	186	183	166	187	184	184	179	194	189	180	184	184	183	178	196	194	183	183	184	183	168	184	185	187	185	188	182	188	194	186	187	185	186	187	186	183	188	206	169	185	186	186	187	187	187	186	176	201	184	183	183	181	180	184	180	161	185	185	190	206	187	187	185	182	179	164	200	185	182	182	183	181	159	177	184	183	180	183	180	189	200	181	182	170	181	212	213	212	216	216	216	216	216	218	216	216	216	216	215	203	212	202	190	168	180	177	174	172	172	169	169	166	165	166	165	166	165	163	162	205	174	176	179	180	182	182	180	180	180	180	179	179	169	144	186	187	183	199	193	187	184	186	181	182	173	147	174	171	150	186	172	174	172	168	194	176	170	167	161	152	126	102	84	137	139	66	57	59	104	82	110	85	137	116	137	131	98	110	88	97	120	139	109	91	72	67	66	71	73	108	154	152	114	63	105	104	63	104	128	142	140	141	151	110	121	139	132	149	100	59	97	87	91	97	151	112	138	194	182	96	86	106	111	117	175	181	115	105	65	138	111	125	176	182	182	155	141	131	128	139	124	140	155	172	189	179	154	199	206	183	76	120	203	204	193	203	202	200	197	176	163	193	190	203	204	208	212	215	217	218	218	221	183	107	104	102	103	106	104	105	104	104	105	104	120	198	140	108	112	109	109	110	111	111	110	110	111	108	120	193	215	214	213	213	213	213	213	213	213	213	214	213	213	213	213	213	214	214	213	213	213	212	213	214	214	214
244	244	245	244	245	247	247	247	247	247	248	248	248	248	248	248	248	248	248	250	250	249	250	251	250	249	249	251	251	251	251	251	252	252	252	252	252	252	252	252	252	252	252	252	252	252	252	252	252	252	249	252	253	242	146	131	168	164	193	202	192	178	173	166	165	161	155	158	155	154	164	151	145	144	145	146	157	147	145	133	118	119	112	148	143	129	123	112	93	105	87	118	148	118	130	136	140	136	141	124	121	157	151	139	128	118	104	98	169	111	75	102	147	185	192	200	205	208	208	206	204	214	173	188	203	199	200	200	200	201	203	202	202	203	202	205	172	203	205	204	205	204	205	206	212	226	205	203	204	216	191	176	176	182	177	207	216	151	140	152	145	145	150	215	218	151	139	142	145	144	143	146	142	140	142	140	141	143	138	136	138	139	137	134	135	132	129	128	125	131	124	119	129	132	126	123	134	137	137	141	146	149	149	140	140	152	155	153	153	149	146	148	153	153	155	159	150	153	159	156	157	158	161	164	161	162	162	163	165	166	166	163	161	170	170	170	167	167	170	170	170	167	167	158	153	156	161	166	163	166	168	168	168	171	171	169	167	164	161	158	167	180	175	171	169	171	174	172	165	168	168	171	168	159	150	160	162	168	165	163	162	158	157	159	159	151	157	167	169	169	172	176	177	174	177	172	170	173	172	169	171	168	168	165	162	156	164	165	160	159	159	162	160	161	161	160	156	156	153	159	159	197	216	213	180	198	199	198	180	175	155	163	177	177	177	177	175	175	175	175	173	173	173	173	173	191	194	177	193	145	175	173	175	175	175	175	175	175	173	173	174	174	172	172	174	174	173	172	172	207	172	178	179	179	178	179	178	178	178	178	177	177	176	177	177	177	177	177	163	166	197	174	202	185	176	177	175	173	173	172	172	172	172	172	173	171	172	157	171	172	177	198	167	173	173	194	192	173	175	172	174	173	173	175	170	174	155	174	175	173	170	193	183	171	174	174	173	170	198	193	174	177	176	174	159	177	179	181	179	178	171	180	189	175	178	177	177	179	179	176	182	203	158	175	178	179	180	180	179	183	170	194	180	180	181	180	180	179	180	168	181	179	186	201	184	187	186	184	184	169	198	184	186	186	186	183	160	179	185	180	181	184	180	189	197	179	183	172	181	211	214	215	216	216	216	216	215	216	216	216	216	218	216	206	213	201	189	169	183	183	184	184	183	183	183	182	181	182	183	183	184	174	168	206	173	170	169	164	166	165	166	168	168	168	166	167	159	136	188	185	180	200	194	189	188	188	188	188	180	156	182	180	155	199	187	186	187	185	203	185	186	184	180	177	166	145	164	177	177	169	153	138	138	134	121	121	98	89	72	74	75	72	109	95	131	118	115	114	77	72	66	89	73	90	136	159	146	93	81	98	87	101	98	90	85	133	114	106	170	168	124	99	150	116	115	71	89	106	126	80	137	220	159	93	88	110	153	137	119	168	210	110	45	139	114	121	171	183	189	153	145	132	125	150	150	189	214	228	174	183	159	198	206	182	102	142	197	200	189	200	200	203	209	197	174	205	201	221	219	219	218	218	218	218	218	220	186	113	108	106	104	106	107	107	106	106	107	106	121	198	143	108	113	112	112	110	110	110	108	108	108	106	118	191	215	214	214	214	213	213	213	213	214	214	214	214	213	213	213	213	214	214	214	214	212	211	212	212	214	214
244	244	244	244	246	247	247	247	247	247	248	248	248	248	248	248	248	248	250	250	250	251	251	251	250	250	250	250	251	251	251	251	252	252	252	252	252	252	252	252	252	252	252	252	252	252	252	252	252	252	252	252	253	239	139	132	165	150	183	184	171	163	173	160	155	148	140	163	147	152	166	136	142	147	133	136	162	145	127	136	123	107	92	137	132	109	103	101	86	92	81	119	163	144	142	143	147	150	135	120	126	109	109	118	127	139	160	180	201	198	123	163	186	211	209	208	210	209	209	209	207	215	176	191	206	203	203	203	202	203	203	203	203	203	203	205	173	203	205	205	206	205	205	207	210	225	204	202	202	214	189	173	175	178	174	207	216	153	140	152	145	145	150	215	220	152	138	137	142	141	142	143	143	144	146	142	141	140	132	129	136	133	132	134	132	131	134	133	135	135	124	113	123	131	123	125	136	138	136	139	144	145	142	139	141	141	147	151	152	152	144	152	157	147	151	165	161	162	164	162	162	163	163	164	164	165	165	165	167	165	167	167	170	164	161	167	167	161	161	167	170	170	167	164	161	163	167	169	171	174	174	172	172	172	171	168	173	173	167	164	175	172	164	164	163	163	164	163	167	176	170	175	171	166	165	171	171	174	172	174	168	165	165	171	171	168	171	174	178	177	177	178	175	175	178	175	167	166	168	168	168	167	168	165	165	165	164	165	159	154	159	162	159	160	156	148	151	160	156	159	151	194	216	216	217	179	185	200	182	177	167	172	192	191	192	193	193	191	193	193	193	193	193	193	192	201	198	193	195	166	192	192	192	192	192	192	192	192	192	193	194	195	195	196	194	194	195	194	189	208	189	195	194	194	195	194	196	197	195	195	196	196	195	195	195	195	195	195	177	179	207	191	205	196	194	194	193	192	191	191	191	191	191	191	191	192	189	170	185	188	194	203	187	193	189	202	200	188	189	188	187	186	186	186	184	180	162	186	185	185	179	200	188	179	179	179	178	175	197	192	176	177	176	172	157	176	172	173	173	173	170	184	190	169	172	172	172	172	172	172	183	203	154	174	174	173	173	173	175	178	164	198	174	172	175	174	172	176	175	158	174	175	187	200	175	178	178	177	179	163	190	178	176	178	178	180	167	176	179	180	180	181	178	186	197	179	182	172	181	207	208	209	212	213	215	216	215	216	216	218	216	216	216	209	213	202	189	164	183	181	180	180	183	183	183	183	183	183	183	183	185	177	168	208	185	184	186	184	183	181	180	178	178	177	175	175	164	143	183	173	168	191	185	176	179	181	181	181	177	159	181	177	157	200	191	193	190	191	201	193	190	194	193	192	193	162	178	196	190	196	172	149	188	186	176	133	125	112	116	123	125	122	105	82	80	96	60	85	88	74	63	86	79	71	103	138	141	96	57	50	73	55	59	130	112	120	94	75	122	153	89	112	145	167	116	80	88	127	99	105	150	189	163	121	103	185	170	120	54	149	244	195	48	143	103	88	170	187	189	157	142	133	156	191	191	190	221	216	175	190	171	198	201	201	200	204	211	214	202	212	219	220	222	204	174	207	199	218	218	218	218	218	217	217	217	222	187	113	109	106	107	108	109	107	109	109	109	107	121	197	143	108	112	111	110	109	108	108	107	107	106	108	120	191	215	214	214	214	214	214	214	213	214	214	214	213	213	213	213	213	214	214	214	214	213	212	212	212	214	214
244	245	245	245	246	247	247	247	247	248	248	248	248	248	248	248	248	249	250	250	251	251	251	251	250	250	250	250	251	251	251	251	252	252	252	252	252	252	252	252	252	253	253	253	252	252	252	252	252	252	252	252	253	232	121	128	140	125	164	163	168	157	162	139	137	146	149	155	148	149	156	141	140	133	130	139	149	133	133	112	96	106	99	140	124	105	102	99	92	111	113	126	156	129	123	126	129	177	131	84	101	144	199	208	211	215	215	215	213	217	172	208	215	209	212	210	211	208	210	211	210	215	179	191	206	205	205	205	203	205	205	205	205	205	204	208	174	204	206	206	208	206	206	208	212	225	206	203	202	213	187	171	174	178	173	207	211	151	143	155	145	145	150	215	220	155	141	140	145	141	140	139	136	137	141	136	138	141	138	134	136	134	133	134	134	131	131	126	131	129	124	114	125	123	128	129	129	130	124	123	138	137	133	137	139	142	143	150	153	157	152	155	151	144	146	156	161	160	161	161	162	164	167	168	165	165	165	163	160	161	169	165	158	167	167	167	167	167	164	164	167	170	161	167	166	168	172	171	168	171	171	171	169	171	174	174	174	179	182	181	179	167	159	162	163	161	160	162	174	180	177	177	171	172	172	169	169	165	160	169	171	168	168	168	169	169	169	166	168	166	168	175	170	168	169	166	163	163	163	164	162	153	162	162	163	163	162	162	159	153	159	159	156	154	151	145	150	157	157	158	150	194	212	202	218	222	213	221	220	221	218	218	222	222	222	222	222	222	223	223	223	223	222	222	221	212	200	213	224	224	221	225	223	223	223	223	226	226	227	227	227	227	227	227	227	227	227	227	217	201	208	223	224	224	224	224	223	224	225	226	226	226	226	227	226	226	226	227	224	223	227	217	206	210	223	224	221	224	224	224	224	224	224	224	226	223	224	223	223	222	225	225	222	223	217	204	205	215	217	215	217	217	216	216	217	215	208	214	212	213	207	213	211	210	208	207	205	199	203	205	199	201	201	198	182	198	202	194	196	193	190	193	199	190	188	190	190	190	188	185	186	202	164	178	180	178	178	178	179	177	165	198	171	168	169	168	167	166	165	153	168	165	179	194	168	169	169	168	172	157	193	175	175	175	178	179	157	173	182	179	177	180	180	187	194	176	179	167	175	202	205	203	204	204	204	204	203	203	203	204	203	201	203	195	210	196	187	170	186	186	186	186	186	186	183	183	186	186	186	186	185	180	171	211	184	184	183	182	180	180	178	178	180	180	180	181	168	149	191	185	182	198	191	182	179	176	172	169	166	151	174	168	154	194	182	186	188	189	205	194	174	192	196	195	196	171	184	199	198	197	187	164	199	191	163	108	130	121	126	157	146	148	123	127	97	113	99	97	81	51	64	89	61	64	59	91	85	71	71	47	70	88	81	120	137	107	68	62	86	107	117	177	128	110	127	123	136	128	85	107	140	204	171	136	103	118	160	90	100	123	211	223	96	150	100	64	174	183	182	147	135	141	212	248	242	203	224	210	193	212	193	208	220	222	220	223	220	220	207	215	221	220	221	203	172	210	199	218	218	218	218	218	217	217	217	222	188	114	111	109	109	109	109	109	109	107	107	104	120	198	142	108	110	110	111	112	113	113	114	113	113	113	123	191	215	214	214	214	214	213	212	214	213	214	214	212	213	213	213	213	214	214	214	214	213	213	213	212	214	214
244	245	245	245	247	247	247	247	248	248	248	248	249	249	249	248	249	248	249	248	250	249	250	251	250	250	251	251	250	251	251	251	252	251	252	252	252	252	251	252	252	252	253	253	252	252	252	252	252	252	252	252	255	227	112	118	125	130	159	146	130	137	153	138	147	149	146	149	145	145	154	139	130	134	133	128	148	132	122	114	104	104	90	121	113	109	103	109	107	84	84	97	138	148	167	183	200	210	217	150	174	200	215	215	215	213	213	216	214	217	174	205	213	211	211	211	213	210	210	210	209	214	181	197	206	206	206	205	205	205	206	208	207	206	205	208	175	206	207	205	206	206	208	208	212	227	203	203	204	212	192	178	183	187	177	209	212	153	146	156	144	143	150	214	220	152	137	143	146	145	143	146	146	143	142	134	131	135	134	132	135	135	135	136	139	138	133	130	134	130	123	117	122	120	129	135	134	134	137	135	133	135	139	150	150	153	145	147	150	150	145	154	155	151	155	160	163	161	161	162	160	160	163	166	164	165	164	164	160	161	167	161	164	167	167	170	170	173	172	166	161	161	164	170	171	170	169	167	167	160	161	162	162	166	173	170	172	174	172	169	170	169	172	170	169	168	169	171	170	174	173	167	165	169	168	171	172	165	162	171	172	169	171	169	169	171	171	166	166	165	168	172	168	166	165	166	168	169	168	161	156	152	150	162	165	164	165	161	157	157	157	157	150	144	144	153	155	154	154	153	151	195	212	178	187	190	190	190	190	190	188	187	186	186	184	184	182	179	176	176	176	176	173	170	167	190	188	159	161	161	164	163	160	160	160	159	158	157	157	157	155	154	151	149	146	144	143	135	147	197	142	128	135	135	135	136	140	142	145	146	148	149	150	152	156	156	157	159	160	163	159	165	193	178	163	169	170	172	175	175	178	176	177	178	179	180	181	181	184	183	186	184	186	185	184	184	197	185	194	194	196	199	201	204	205	206	211	211	212	215	217	215	217	220	217	220	220	213	198	212	221	224	224	225	228	224	224	226	226	226	226	223	222	226	223	221	220	220	219	214	193	201	207	211	213	212	211	211	210	211	204	213	205	203	204	202	198	201	196	185	194	188	188	203	185	184	180	179	180	167	198	177	173	173	172	170	156	165	168	165	167	168	165	180	187	164	168	159	175	213	215	215	215	216	217	217	217	216	214	214	213	212	212	204	211	195	182	161	179	178	178	176	178	178	181	181	180	180	182	184	182	173	160	204	184	184	185	184	183	183	183	183	181	180	181	182	167	146	189	189	185	198	189	183	187	187	187	186	179	162	186	182	160	196	178	178	179	177	197	179	159	176	181	183	186	161	184	202	198	202	192	170	200	194	180	161	163	165	145	131	99	134	116	103	100	119	130	106	78	57	78	90	100	63	37	86	78	65	73	50	79	124	93	75	140	156	120	105	68	84	108	122	99	95	101	97	133	162	108	120	137	214	185	123	106	141	207	135	174	215	222	217	92	146	154	128	180	181	185	143	127	143	224	248	238	202	225	220	206	220	200	209	223	220	219	219	219	220	205	212	218	219	221	205	171	208	200	218	218	217	217	218	219	217	216	220	189	114	111	109	109	108	107	106	107	106	107	104	122	197	144	108	112	114	115	115	118	117	116	116	117	115	121	191	215	214	214	213	214	213	214	214	213	213	213	213	213	213	213	213	214	214	214	213	213	213	214	213	214	214
244	245	245	245	247	247	247	247	248	248	248	248	248	248	248	248	248	248	248	249	250	249	249	250	250	250	251	251	250	250	251	251	251	251	251	251	251	252	251	252	252	252	252	252	252	252	252	252	252	252	252	252	255	223	107	116	119	116	144	123	112	132	149	123	110	125	139	142	143	148	157	133	129	127	121	122	134	119	113	105	105	114	100	110	88	76	67	119	139	97	96	131	191	213	220	222	221	220	223	178	199	221	216	216	216	216	216	216	214	217	176	205	214	212	212	211	210	210	210	209	208	214	178	197	209	208	206	206	206	206	206	208	209	204	206	209	175	206	206	207	205	205	206	206	210	225	203	203	205	211	191	176	180	184	176	212	215	152	150	158	145	143	151	215	220	151	136	138	141	138	138	138	141	139	147	145	138	141	141	137	134	132	132	134	128	129	129	127	130	134	124	112	103	123	135	132	134	133	135	138	140	138	144	135	131	147	152	153	149	147	138	151	154	156	161	160	156	156	159	162	157	161	162	159	160	164	162	163	161	161	155	158	161	164	164	164	168	170	167	163	167	164	155	161	155	161	170	173	164	152	155	154	161	169	178	177	173	172	170	170	171	171	169	169	173	173	173	173	169	165	165	159	163	163	163	166	171	168	168	168	171	168	169	172	171	171	171	168	169	168	168	166	166	163	163	166	169	169	168	160	157	160	160	163	165	163	160	159	154	154	160	166	163	165	156	150	151	149	145	142	145	191	219	129	42	44	54	62	66	66	63	65	63	61	61	60	59	58	57	58	56	55	57	57	45	115	145	34	43	54	63	65	64	64	64	64	64	62	61	61	64	63	60	61	64	60	59	42	55	181	55	37	52	52	55	55	52	53	56	56	56	55	56	56	57	55	55	58	56	51	41	35	162	91	45	63	62	63	63	63	63	63	63	64	63	63	65	67	66	66	66	66	61	46	33	126	144	47	64	65	67	67	67	69	71	72	73	74	77	80	83	84	85	85	90	87	84	83	155	157	106	115	121	124	128	131	136	138	145	149	153	157	158	161	165	169	170	174	178	176	168	198	185	193	197	199	203	208	212	215	217	216	218	220	221	222	224	224	227	229	227	222	193	214	219	224	221	221	222	218	222	216	213	213	213	210	201	204	207	204	204	200	193	185	198	190	186	176	186	209	210	215	213	215	216	216	215	215	215	214	216	218	216	207	212	204	189	158	181	181	182	183	181	181	183	183	184	184	183	182	179	173	162	207	174	174	174	174	174	175	175	175	178	178	178	181	172	162	187	182	175	194	191	188	188	188	188	190	180	165	186	185	161	202	198	195	195	195	204	194	168	186	188	184	185	167	183	187	184	187	184	171	196	198	203	189	173	145	131	77	145	126	103	94	101	117	146	117	108	48	35	43	93	75	57	96	65	66	68	37	94	113	81	88	107	96	118	101	76	71	79	75	90	93	89	101	84	125	132	113	137	212	198	126	92	132	156	105	114	186	245	214	69	137	145	82	171	139	191	171	146	146	229	244	224	205	233	219	206	217	201	212	223	218	218	220	220	221	203	212	220	217	220	204	173	207	200	220	217	218	218	217	218	218	216	221	189	114	111	109	109	110	108	110	112	112	113	110	124	197	147	114	116	116	114	115	114	111	108	108	108	112	128	188	215	214	213	212	214	214	212	212	214	214	213	213	214	214	214	213	214	214	214	214	214	214	214	214	214	214
244	245	245	245	247	247	247	247	248	248	248	248	248	248	248	249	248	248	248	250	250	250	250	250	250	250	251	251	250	251	251	251	251	251	251	251	251	253	253	253	252	252	252	252	253	253	253	252	252	252	252	253	255	217	101	101	107	108	136	119	104	126	131	107	106	125	135	146	136	134	148	130	125	124	115	112	135	124	109	119	79	71	82	94	107	131	164	186	210	190	160	208	215	219	219	220	221	221	224	181	200	218	215	216	216	216	216	216	214	217	176	206	214	212	212	212	212	210	210	209	208	214	181	196	209	208	208	208	206	206	206	206	207	206	207	207	175	203	205	205	205	205	206	206	210	225	203	203	202	212	189	172	173	178	173	212	212	146	145	149	138	139	149	216	220	151	142	143	146	141	137	137	131	129	133	134	134	138	137	135	132	132	131	132	133	132	129	124	128	133	127	118	114	116	128	135	126	125	125	138	144	144	147	141	141	150	147	147	148	152	149	151	155	152	151	152	153	155	156	152	147	159	164	157	157	159	156	156	164	158	146	152	146	158	164	161	166	169	169	169	173	173	167	164	161	167	170	167	164	164	173	173	172	177	177	178	177	173	169	167	168	170	165	169	167	168	167	169	165	163	162	168	172	174	174	172	172	171	166	162	165	169	166	171	171	171	171	169	169	171	169	168	168	159	160	162	164	165	162	159	162	163	163	163	162	160	160	162	162	157	156	157	157	157	156	153	149	147	146	147	147	177	216	133	61	56	49	59	62	61	61	61	61	60	60	60	60	60	61	60	60	64	67	68	74	133	148	26	35	57	61	62	67	67	67	68	64	63	63	63	62	63	63	65	65	62	63	47	43	175	48	46	55	55	56	55	55	55	56	56	59	59	59	57	57	58	59	58	57	50	32	29	167	90	53	65	65	67	65	63	63	64	65	63	62	63	63	62	62	64	62	56	36	25	31	131	142	46	56	55	53	52	51	50	52	51	51	50	50	52	52	50	54	50	40	28	21	24	150	116	44	53	52	52	52	52	51	50	50	49	49	49	50	53	54	53	50	36	28	29	95	177	55	56	63	66	69	73	77	79	81	83	85	90	96	98	101	106	110	110	110	109	148	186	144	158	164	169	175	180	186	191	196	197	202	205	208	210	213	215	220	218	211	183	206	220	221	222	220	220	218	219	219	219	218	217	215	215	215	214	213	213	212	204	212	203	192	164	172	171	169	168	170	172	172	172	172	174	175	175	178	170	162	208	177	177	180	178	177	177	177	177	177	177	176	176	165	147	186	180	173	192	185	176	179	179	179	182	178	170	185	183	171	198	192	192	195	194	203	199	171	192	199	200	202	174	187	202	193	190	179	159	179	184	169	117	128	119	117	109	115	123	123	100	98	122	138	93	94	73	61	47	36	52	53	90	74	69	75	53	148	101	75	78	78	69	78	60	52	71	109	132	141	138	110	133	92	89	140	121	146	212	208	125	98	101	143	148	115	152	206	207	73	133	146	61	159	167	165	144	131	146	222	239	217	209	231	219	205	217	203	209	223	218	218	220	220	221	203	212	220	217	220	205	173	206	200	218	218	218	218	217	217	218	217	221	190	117	114	112	114	114	117	117	113	113	113	111	121	198	146	108	113	113	117	121	128	140	152	162	176	188	200	211	215	214	214	214	214	214	214	214	214	214	214	214	212	214	214	213	214	214	214	214	214	214	214	214	214	214
243	245	245	245	247	247	248	248	248	248	248	248	248	248	248	249	248	248	250	250	250	250	250	250	250	250	251	250	250	251	251	251	251	251	251	251	252	253	253	253	252	252	252	252	253	253	253	252	252	252	251	251	254	214	94	86	100	106	127	115	100	114	123	108	107	125	131	133	133	137	144	124	124	124	121	112	98	70	69	136	103	96	103	148	207	216	220	222	222	209	182	225	222	220	221	221	222	221	222	184	203	219	215	216	217	216	216	216	214	217	178	208	214	214	214	214	212	209	209	209	208	214	178	196	209	209	209	209	206	207	206	206	206	207	207	206	172	203	205	204	205	205	206	205	210	225	203	203	202	211	191	177	176	181	176	212	215	151	150	148	142	140	150	215	220	152	140	146	152	144	138	141	141	139	137	136	132	135	132	129	135	132	132	132	129	131	131	131	134	132	121	114	123	125	128	132	133	128	131	136	138	138	141	144	143	147	141	137	147	152	152	146	145	156	151	140	158	160	156	152	146	153	157	154	159	162	158	158	165	167	167	170	170	167	167	173	175	174	173	173	176	176	173	164	164	167	167	167	167	167	167	167	165	163	168	168	168	166	165	165	164	168	171	168	158	161	167	170	165	166	162	174	174	174	174	171	174	171	168	168	165	168	169	171	171	171	169	166	165	168	169	166	165	162	160	163	162	160	160	162	163	156	157	159	156	156	159	160	160	160	157	154	157	153	154	153	150	144	141	143	144	197	221	138	52	40	28	35	54	63	68	68	69	69	66	65	67	69	71	69	68	70	70	69	60	121	154	33	19	42	59	63	66	66	68	69	68	68	67	68	69	69	66	66	67	66	66	51	42	175	47	46	55	55	55	55	55	55	55	57	57	57	58	58	55	58	58	57	53	34	22	47	172	98	56	66	65	64	62	62	62	62	62	62	62	60	60	60	62	59	50	33	22	36	51	141	148	56	64	62	58	58	58	58	56	57	58	57	58	58	57	54	47	34	20	23	37	56	157	122	51	56	57	55	53	54	53	53	52	52	52	51	51	51	44	33	26	21	29	40	107	174	57	60	62	61	59	58	54	51	50	52	49	53	51	46	42	36	25	16	19	24	122	149	44	51	49	50	48	51	55	55	60	63	66	69	76	82	84	84	84	80	89	151	168	122	136	144	155	162	173	177	184	190	196	202	208	211	214	217	216	216	213	198	209	211	217	212	213	214	212	213	209	206	203	201	199	196	194	191	188	180	173	202	175	172	171	168	169	169	169	168	168	170	171	172	164	143	189	188	182	198	189	181	182	182	181	182	173	162	182	179	162	190	180	183	183	179	197	189	171	188	193	197	196	178	192	203	202	205	196	171	189	173	118	63	118	120	95	144	95	122	113	123	123	124	104	82	70	66	50	54	32	49	57	114	98	80	83	74	76	47	41	46	46	71	55	53	48	57	97	104	59	66	108	95	104	137	123	126	145	216	207	111	136	191	181	108	98	175	231	226	77	141	143	55	153	168	168	135	119	136	228	237	203	204	218	213	203	220	197	209	223	219	219	220	220	221	203	212	220	218	220	204	173	206	200	218	217	218	218	217	217	218	216	221	190	120	116	114	114	114	114	113	113	113	112	114	131	196	168	156	168	177	190	201	207	213	218	219	219	216	213	213	214	214	214	214	214	214	214	214	214	214	214	213	212	214	214	214	213	213	214	214	214	214	214	214	214	214
246	245	245	247	248	247	247	248	248	248	248	249	248	248	248	249	248	248	250	251	250	250	250	250	250	250	250	250	251	251	251	251	250	251	251	251	252	252	252	252	252	252	252	252	254	254	254	253	252	252	252	252	255	205	91	90	97	91	109	109	92	109	124	98	94	127	131	128	119	124	143	117	114	80	73	79	97	118	154	174	197	160	180	207	214	216	216	220	224	209	186	225	221	221	221	221	220	221	222	183	205	219	216	216	217	216	216	216	214	217	176	208	214	214	214	213	212	210	210	210	209	214	179	197	210	210	210	209	207	206	206	206	206	207	207	206	174	204	205	204	204	204	206	204	210	225	202	201	203	212	189	178	177	179	174	212	210	147	149	148	148	147	151	215	218	156	142	146	148	138	137	140	140	137	142	139	138	140	138	135	137	136	133	131	127	124	126	120	122	128	122	113	120	126	127	129	130	131	131	124	138	138	143	132	137	147	144	135	151	157	158	155	153	157	156	155	157	157	160	159	156	159	160	160	162	166	165	166	161	164	168	165	167	167	167	167	167	167	161	155	164	166	169	166	161	163	165	167	165	166	166	167	169	166	169	167	167	168	164	166	169	174	177	174	173	170	171	170	171	168	168	168	168	163	163	166	171	168	168	172	169	165	168	168	168	173	171	165	163	165	168	168	166	162	162	168	166	164	163	166	165	163	163	160	162	165	165	162	162	165	159	153	154	157	157	151	148	145	145	149	147	195	216	135	61	50	33	21	43	58	67	66	65	65	64	64	62	65	65	66	62	62	62	62	54	124	153	45	25	41	56	59	60	61	61	62	58	58	59	59	61	60	57	56	56	56	55	45	43	174	56	48	53	52	52	52	55	56	56	56	56	56	59	59	60	59	56	55	51	29	27	58	172	102	55	62	60	61	61	60	61	63	63	63	61	61	60	60	59	55	32	17	35	46	61	144	145	58	61	63	64	64	64	64	66	63	61	61	61	61	55	38	20	18	30	42	50	67	161	127	58	64	63	63	63	62	61	59	57	55	55	52	45	29	19	18	28	37	49	58	121	175	64	62	61	61	60	59	62	59	57	57	57	49	42	31	22	18	23	36	44	60	142	146	45	50	48	48	49	50	46	49	48	51	53	50	41	36	28	21	15	24	41	139	135	50	60	59	59	59	62	66	68	74	80	83	88	93	97	100	103	103	105	140	186	142	154	167	172	178	185	190	196	198	203	207	212	214	216	216	216	215	192	202	213	217	216	213	211	209	202	199	196	193	190	185	177	169	192	184	173	194	185	181	185	185	182	184	175	162	187	183	159	204	195	193	195	194	203	197	169	189	190	191	191	170	181	184	172	186	180	154	139	144	123	84	124	115	88	130	125	83	93	112	120	107	101	93	87	92	72	41	34	43	45	68	68	172	109	87	79	75	59	51	54	41	38	59	46	96	47	62	98	103	109	89	70	101	107	84	102	138	130	92	87	155	205	127	96	120	193	208	77	144	136	56	152	166	160	137	119	136	228	242	207	217	213	197	182	209	199	212	222	219	213	219	220	221	203	212	220	217	220	205	171	206	200	219	218	218	218	218	217	217	216	219	187	112	115	114	120	126	135	143	156	170	182	194	200	212	214	218	219	220	217	217	217	217	217	214	214	215	215	215	214	214	214	214	214	214	214	214	214	214	214	214	213	213	214	214	213	213	213	213	213	214	214	214	214	214
246	246	247	248	248	247	248	248	248	248	247	248	248	248	248	248	248	249	250	250	248	248	250	249	249	250	250	250	250	250	250	250	250	250	250	250	252	252	252	252	252	252	252	252	252	252	252	252	253	253	254	253	253	201	96	85	87	82	101	106	90	100	108	98	98	123	123	129	118	99	84	64	127	89	91	117	160	204	208	205	208	179	200	217	215	216	216	222	224	209	188	224	221	221	221	221	220	219	223	183	206	219	216	216	217	216	216	215	215	217	175	209	214	212	212	211	211	211	211	211	210	215	180	199	210	208	208	209	207	206	206	206	206	206	206	204	175	205	205	204	204	204	206	204	211	225	202	201	202	212	189	175	177	182	178	212	207	145	149	148	139	141	148	216	219	156	147	149	145	146	142	142	144	140	138	135	132	134	134	135	139	136	136	138	135	135	135	126	129	129	120	117	123	125	126	128	131	133	136	133	138	141	147	144	146	150	153	150	153	160	163	160	159	156	158	160	153	155	162	159	157	160	161	160	161	164	162	165	149	153	160	161	164	162	163	166	166	165	165	168	171	173	176	174	175	174	173	173	173	171	173	173	170	168	165	164	163	164	165	164	168	169	165	166	168	166	163	166	165	172	174	168	166	168	169	166	171	171	169	171	171	168	169	171	167	174	171	168	168	166	169	174	172	168	171	171	166	162	166	172	174	171	169	168	166	168	166	162	163	165	160	159	153	150	148	151	150	147	147	150	155	200	216	155	57	50	42	28	28	33	36	34	35	38	39	39	37	37	34	36	33	32	32	32	25	108	146	41	28	27	32	32	31	31	30	30	31	31	30	28	28	27	27	27	28	28	28	27	41	171	47	26	28	28	29	29	29	29	30	30	30	30	30	30	31	29	29	29	29	25	37	49	163	78	28	30	34	34	34	35	32	33	34	34	33	33	34	34	33	33	24	28	42	52	44	124	135	35	41	38	39	40	41	41	43	40	40	40	40	39	36	22	21	32	41	44	55	55	149	122	50	55	55	56	57	57	57	57	57	60	54	30	15	19	28	37	44	50	57	71	114	174	69	66	67	69	68	66	66	70	63	48	36	21	20	23	27	35	45	49	58	76	143	145	49	55	55	53	58	58	57	56	51	39	27	22	20	18	24	34	45	51	68	149	135	61	68	68	66	69	69	71	71	60	64	58	53	44	30	20	18	20	32	109	157	57	57	62	64	67	71	73	76	80	83	87	88	91	92	93	93	97	117	188	150	156	165	175	182	188	194	203	206	206	209	215	216	216	215	210	178	194	215	212	209	209	206	206	198	192	200	193	178	204	198	198	196	195	204	197	168	193	199	196	202	175	188	193	147	138	147	131	145	162	131	112	82	148	148	156	122	86	126	106	131	84	96	84	82	87	99	64	67	77	43	64	68	90	101	56	79	78	60	65	56	36	59	120	113	70	68	156	162	112	96	97	76	94	89	115	68	45	60	82	68	84	99	63	129	163	193	190	78	147	137	49	138	154	145	133	119	136	230	225	194	231	212	210	205	209	193	197	212	208	198	220	218	221	201	209	219	217	220	205	171	206	200	220	218	218	218	218	217	217	217	218	200	158	172	183	195	201	209	215	219	221	221	219	217	216	216	216	214	215	215	213	216	214	214	214	214	214	213	214	214	214	212	212	214	214	214	214	214	214	213	213	213	213	213	213	213	213	213	213	213	213	214	214	213	214
246	247	248	248	248	248	248	248	248	248	248	248	248	249	249	249	249	249	250	249	249	250	250	250	249	250	250	250	250	250	250	250	250	250	250	250	252	252	252	252	252	252	252	252	252	252	252	253	253	253	253	253	254	196	93	86	85	78	97	99	84	96	108	94	117	147	132	90	68	74	95	123	158	187	149	186	196	205	205	205	208	183	203	215	213	217	216	223	225	209	188	224	222	221	221	221	220	221	222	184	206	219	218	216	217	216	216	215	214	217	175	209	212	212	212	211	211	211	211	210	209	215	180	199	209	208	208	208	207	206	206	206	206	206	206	205	174	203	203	204	203	204	206	204	210	224	200	201	201	212	190	176	177	179	176	213	207	148	149	142	142	140	145	215	218	154	143	143	141	140	139	140	144	144	141	141	140	140	135	132	130	127	126	130	123	129	137	131	137	132	122	111	117	120	119	123	131	133	138	138	141	141	146	146	147	147	150	152	152	154	160	153	152	154	157	159	154	158	163	158	156	160	162	161	159	161	158	159	162	163	161	163	161	161	161	164	162	162	165	168	164	165	166	163	164	162	162	164	164	164	163	161	161	164	164	164	167	161	164	164	168	168	166	168	169	168	165	168	169	174	174	169	166	169	169	169	171	171	171	171	172	171	172	171	169	170	167	170	166	165	162	171	175	174	175	171	162	162	163	165	171	174	172	165	168	168	168	165	160	153	159	154	153	154	156	157	154	147	149	151	150	194	215	216	150	48	39	29	22	22	24	26	30	30	30	28	28	29	29	29	29	29	27	27	18	98	121	31	34	20	27	28	28	28	29	28	28	28	27	28	28	27	27	26	25	25	25	22	37	174	38	20	25	25	26	28	29	29	29	29	29	29	28	27	25	25	24	24	20	20	38	29	141	66	22	28	28	27	26	26	26	27	26	26	23	25	24	23	22	19	20	34	41	42	20	107	129	16	28	22	23	23	23	23	24	23	23	23	22	18	19	23	28	38	43	43	38	22	135	107	20	27	27	27	29	30	32	30	29	28	25	23	24	31	38	39	47	55	52	41	83	168	42	43	43	42	44	44	45	47	37	19	16	23	32	38	42	44	52	60	67	65	127	143	52	58	61	61	59	53	38	24	19	17	18	24	31	33	41	46	54	66	81	150	136	64	63	64	66	63	63	57	42	25	28	22	17	20	27	35	42	50	63	125	159	66	68	72	71	72	74	70	68	62	50	42	36	26	19	17	23	27	82	177	71	59	60	64	66	69	75	79	86	90	94	97	100	106	106	114	126	183	164	169	181	186	194	200	208	210	212	217	216	219	216	215	208	180	195	209	198	202	205	204	204	181	188	198	166	142	116	112	130	140	137	122	113	189	164	158	118	111	144	156	128	90	90	69	75	73	90	87	81	108	64	59	68	66	86	78	111	72	53	39	40	54	62	127	90	51	152	196	203	130	101	109	104	106	102	99	88	60	67	75	88	88	85	89	79	127	197	219	112	146	155	73	122	134	124	125	117	137	237	199	175	238	197	214	206	217	202	208	215	191	179	218	221	221	203	212	220	217	220	205	170	206	199	220	218	218	218	218	217	217	217	217	216	220	221	219	217	217	217	216	216	216	216	216	215	216	216	216	216	215	215	215	216	215	214	215	214	214	214	214	214	214	212	212	214	214	214	214	214	214	214	214	213	213	213	213	213	213	213	213	213	213	213	213	213	213
246	247	248	248	248	248	248	248	248	248	248	248	248	249	249	249	249	250	250	249	250	250	250	250	249	250	250	250	250	250	250	250	250	250	250	250	252	252	252	252	252	252	252	253	253	253	253	252	253	253	253	253	254	192	93	86	77	72	97	101	81	102	130	131	116	91	132	84	92	129	169	208	210	213	169	201	210	208	205	207	209	185	203	214	213	216	217	225	225	210	188	224	221	221	221	221	220	221	222	181	206	219	216	216	217	216	216	215	214	217	175	209	213	211	211	211	211	211	210	209	209	215	179	199	209	208	208	208	207	206	206	206	206	206	206	203	174	203	205	204	203	203	204	203	209	224	200	200	199	210	187	173	177	174	172	213	206	142	147	139	139	141	145	213	218	152	139	141	142	136	136	138	134	132	138	135	137	138	137	134	130	132	134	133	127	124	129	123	123	123	122	111	120	132	129	132	132	136	138	134	138	138	143	143	146	147	147	147	150	149	150	153	152	153	155	158	154	155	157	154	154	159	161	158	158	161	158	158	156	159	157	163	162	165	165	162	162	164	165	163	158	161	166	165	162	164	165	165	165	165	165	165	167	173	176	173	173	169	167	169	171	171	175	175	174	168	168	168	171	169	168	171	168	166	168	169	171	169	171	166	168	169	169	168	169	170	167	169	168	166	166	168	168	162	165	166	169	166	159	150	160	168	166	159	163	165	165	162	155	142	148	146	153	157	157	156	154	149	153	148	145	191	210	208	217	162	45	28	26	29	32	32	31	31	31	32	31	32	33	34	31	31	31	29	28	35	35	22	29	27	27	29	31	32	34	35	31	32	33	35	33	32	32	31	32	29	25	19	37	173	42	26	28	30	32	32	33	32	32	33	35	32	29	29	30	29	26	24	24	25	29	25	37	31	28	30	32	32	32	32	31	31	32	31	31	31	26	27	26	26	28	31	29	25	18	113	131	21	32	29	30	29	29	27	26	27	27	26	26	24	21	24	36	35	31	29	28	22	84	69	21	25	25	25	24	24	23	23	22	20	17	20	25	33	40	41	40	32	26	20	67	164	24	24	24	22	21	21	19	19	20	23	26	31	34	42	45	49	47	39	29	18	108	139	24	31	32	31	30	27	20	16	23	30	33	35	37	42	46	52	55	57	52	128	137	51	57	56	40	24	22	16	16	21	21	27	30	35	44	49	54	67	80	128	159	66	66	66	64	53	40	31	24	23	21	21	25	30	36	42	56	69	104	177	80	68	69	67	69	66	63	57	47	40	30	21	17	19	21	28	73	173	71	51	56	61	70	75	79	87	96	105	117	122	136	139	142	141	188	189	200	208	210	208	191	195	188	168	177	182	177	174	159	92	140	95	56	108	166	184	126	143	169	155	152	109	95	98	80	63	93	74	71	61	66	54	70	74	84	55	38	106	63	37	49	51	48	60	45	53	133	120	116	91	118	98	67	51	56	77	66	57	50	54	58	89	62	128	180	204	200	226	77	139	126	75	109	155	139	122	119	130	217	167	181	225	204	214	203	209	196	204	218	211	194	205	202	212	200	209	219	217	221	205	170	205	197	219	218	218	218	218	217	217	217	217	219	218	215	218	214	215	216	217	217	215	214	215	215	215	216	216	216	215	215	216	216	216	215	215	214	214	214	214	214	214	213	212	214	214	214	214	214	214	214	214	214	214	214	214	213	213	213	213	213	213	213	213	213	213
245	247	246	246	248	248	248	247	248	248	248	248	248	248	249	249	250	250	249	249	250	250	250	250	248	248	249	250	250	250	250	250	250	250	250	250	251	252	252	252	252	252	253	253	253	253	252	252	253	253	255	253	254	192	96	86	82	71	89	106	112	142	103	66	79	97	137	180	155	191	203	211	209	212	177	203	206	205	208	205	208	183	202	214	214	215	219	223	224	209	188	224	221	221	221	221	221	221	222	183	206	219	216	216	216	216	216	215	213	216	177	210	212	212	210	210	210	209	210	207	209	214	179	200	208	208	207	206	207	207	204	206	207	206	205	204	173	202	204	202	202	202	203	203	209	224	201	198	200	207	186	175	177	180	175	212	205	139	148	138	134	134	147	211	220	154	141	143	144	146	140	137	138	141	138	134	131	132	125	122	131	134	134	135	132	135	135	134	129	123	117	111	124	134	134	136	139	140	141	139	135	140	144	143	143	144	144	144	141	141	144	152	154	152	152	154	153	151	160	159	155	162	162	155	156	160	159	163	165	164	163	167	163	162	163	164	167	166	167	169	167	164	167	164	168	169	167	164	166	166	166	168	170	170	170	170	172	169	165	164	162	164	168	163	157	159	156	162	166	169	169	171	169	166	166	171	171	170	170	166	166	168	169	169	168	168	166	169	170	170	170	167	166	164	166	166	163	159	159	162	160	160	163	165	162	162	163	159	154	151	151	157	157	155	152	157	159	159	161	153	142	197	221	208	212	211	107	64	31	34	31	38	52	54	52	49	52	63	66	63	64	64	63	61	53	39	32	45	49	35	48	50	57	62	67	71	76	77	80	82	84	82	81	81	76	74	70	61	69	177	73	62	67	70	74	77	81	82	81	81	81	80	78	78	74	72	67	63	34	35	52	56	62	65	73	73	76	76	75	75	75	74	74	74	71	69	63	33	28	28	34	41	38	44	35	120	138	42	48	48	49	47	48	45	42	41	25	27	27	29	25	26	23	23	24	26	27	32	26	29	31	28	28	27	32	30	31	29	28	27	21	22	27	28	27	23	24	24	25	19	69	164	31	27	26	26	25	25	25	22	22	20	26	35	36	36	34	31	25	21	22	15	80	93	17	21	21	18	17	16	22	24	26	28	32	35	40	39	36	36	26	21	14	109	121	18	26	26	19	15	19	22	28	30	36	36	37	40	46	52	63	64	61	103	151	49	30	22	16	15	17	20	24	28	33	35	40	48	54	57	72	84	104	175	80	67	58	42	36	29	24	19	18	21	26	33	37	43	55	68	96	170	76	61	67	67	65	62	57	52	44	36	27	19	16	20	28	80	159	68	75	84	96	124	152	142	149	132	140	153	166	165	145	68	161	170	156	98	98	169	132	128	183	169	131	96	126	101	71	75	68	62	49	68	84	42	53	52	63	74	107	81	53	40	60	62	67	99	59	72	80	135	124	84	73	47	55	56	49	59	75	142	31	38	75	76	118	177	188	230	229	238	155	151	95	28	89	109	117	120	134	123	194	142	154	161	164	159	168	185	163	180	196	201	191	220	218	202	175	206	219	219	212	205	171	206	198	218	218	218	218	218	217	217	217	217	217	217	217	214	216	217	216	216	216	214	214	215	215	215	215	216	215	214	216	215	215	215	215	215	214	214	214	214	215	214	213	213	214	214	214	214	214	214	213	213	214	214	214	214	214	214	213	213	213	213	213	213	213	213
245	246	245	245	247	248	248	247	248	248	247	248	248	248	248	248	250	250	250	250	248	250	250	250	249	248	248	248	250	250	250	250	250	250	250	250	251	252	252	252	252	253	253	253	253	253	252	252	252	252	252	253	254	194	96	81	75	68	120	139	104	120	100	92	120	161	215	220	176	205	214	211	210	213	179	204	206	206	206	208	210	183	204	215	214	215	218	221	224	209	189	224	221	221	221	221	222	222	223	183	207	219	216	218	217	216	215	214	213	215	176	209	212	212	212	212	212	209	209	209	208	214	178	198	208	208	208	208	205	205	204	205	207	204	203	199	172	202	202	202	202	200	201	202	210	222	195	198	199	206	185	171	177	181	174	214	205	143	153	139	143	142	146	210	220	156	135	135	138	135	135	135	135	141	135	137	135	132	132	134	138	134	132	132	129	129	128	125	125	123	119	117	126	129	130	127	124	125	125	125	120	120	126	129	129	131	140	150	144	141	147	152	155	153	156	157	158	154	164	161	158	163	166	162	164	164	167	170	167	164	164	164	168	161	158	161	163	165	168	167	170	167	170	167	163	164	164	165	167	166	165	166	167	168	168	168	168	169	168	165	167	167	167	164	161	167	170	173	169	166	166	166	168	163	163	166	169	168	168	169	166	163	163	168	164	162	163	166	164	165	164	161	160	162	162	161	162	159	160	165	163	162	160	160	159	156	157	156	157	154	151	151	148	147	151	147	149	152	146	140	141	197	219	208	214	202	159	166	113	110	110	122	134	131	131	134	138	143	143	143	144	143	143	143	137	128	127	137	136	127	141	143	142	142	143	144	144	146	147	147	147	147	147	147	146	149	146	143	147	198	153	149	147	147	147	147	147	149	149	147	147	147	147	147	146	145	142	141	119	113	143	148	149	148	147	145	142	142	140	140	139	136	136	138	136	131	131	107	90	83	97	123	122	122	119	161	171	123	126	126	125	124	122	120	120	107	67	59	56	56	50	92	90	86	86	88	89	89	89	89	89	87	85	80	40	34	37	34	30	29	19	42	43	41	46	50	52	54	57	52	93	171	31	28	30	30	29	29	24	22	18	24	21	23	27	27	24	25	23	30	30	27	26	27	29	30	27	26	23	21	20	23	28	29	29	29	25	25	22	22	20	21	14	112	121	13	19	19	20	22	25	31	33	31	33	36	39	56	82	52	21	16	6	78	140	10	12	14	19	25	31	32	34	38	43	47	49	52	58	60	63	63	76	165	30	19	18	16	18	21	26	32	35	38	41	44	54	59	71	84	102	170	71	49	40	34	28	25	21	18	20	25	28	31	38	52	65	100	162	72	71	70	64	73	107	99	130	112	63	83	65	89	107	88	125	147	163	102	68	153	174	141	137	125	137	167	163	102	97	66	91	111	55	48	49	31	42	44	50	45	80	59	32	42	64	66	47	87	61	56	86	122	66	91	98	65	71	35	43	59	74	94	140	80	85	141	77	210	223	225	233	217	195	180	103	58	114	105	93	108	109	126	178	123	115	105	107	106	134	147	117	132	93	102	174	222	218	222	202	198	199	205	193	202	173	208	197	218	217	217	217	217	217	217	217	217	217	217	216	215	217	217	217	215	215	215	215	215	217	217	217	217	216	214	216	214	215	216	216	215	214	214	214	215	215	214	212	212	215	215	215	215	213	213	213	212	214	214	214	214	214	214	214	214	213	213	213	213	213	213
245	246	246	246	247	247	247	248	248	247	248	247	248	248	248	249	250	250	250	250	249	250	250	250	249	249	249	249	250	250	250	250	250	250	250	250	252	252	252	252	253	253	253	253	253	253	252	252	252	252	252	253	254	188	92	80	82	137	135	85	59	89	140	163	198	214	218	220	182	208	211	211	210	213	179	204	207	206	206	206	210	183	203	214	215	214	217	221	224	206	188	224	221	221	221	221	221	221	222	183	207	219	216	218	217	216	215	214	213	215	176	209	212	212	212	210	209	209	209	207	209	214	178	197	210	208	206	205	206	204	206	202	195	199	203	201	179	205	205	210	212	215	218	220	222	221	196	198	198	204	178	165	175	180	174	215	203	140	147	138	138	141	143	212	220	155	137	137	135	132	134	137	132	129	132	126	129	131	132	132	140	135	132	132	132	128	126	128	125	122	117	113	120	126	129	124	117	122	127	128	135	138	147	149	150	147	144	147	146	146	148	150	146	141	150	156	160	161	156	160	158	160	162	162	162	158	167	167	155	161	164	167	169	163	158	156	160	168	171	169	167	167	167	167	165	167	168	168	168	169	169	168	166	166	165	161	163	171	171	171	173	170	170	170	167	170	167	167	165	165	163	163	165	165	165	168	168	162	162	168	168	162	163	171	171	168	163	164	167	167	158	152	160	166	167	165	168	168	165	162	165	163	160	160	163	159	159	159	157	154	151	153	150	153	152	149	149	149	146	146	152	199	218	211	214	196	173	199	183	173	174	174	173	176	176	173	176	174	173	173	173	173	173	173	173	173	176	179	171	173	174	171	174	174	175	175	171	171	171	171	173	173	174	174	173	173	173	170	177	201	180	179	177	177	177	176	176	177	177	176	174	174	174	174	176	175	171	174	170	164	173	179	181	180	178	178	177	177	177	174	174	173	171	172	170	170	167	168	158	155	161	170	176	173	167	185	186	171	168	171	170	167	167	167	167	164	161	152	143	142	151	168	173	170	170	167	164	162	161	160	158	158	158	155	136	124	113	106	101	103	105	132	138	133	130	128	130	131	131	130	149	186	88	76	69	62	57	57	52	55	62	84	73	73	74	74	75	76	70	39	29	32	29	29	29	28	24	23	24	20	32	21	20	25	25	23	25	25	28	28	25	27	17	116	121	18	22	21	22	23	28	27	27	47	57	77	95	107	154	115	22	20	16	61	94	13	20	21	25	31	34	36	38	41	40	39	36	33	28	24	19	18	35	162	29	18	25	28	31	33	37	38	41	47	53	56	62	68	66	57	60	158	39	14	17	17	21	26	31	32	37	43	46	53	61	76	84	103	160	61	55	49	47	35	66	96	101	116	80	75	102	90	112	122	102	87	98	71	60	65	91	122	92	97	102	127	110	82	110	86	71	78	89	53	31	24	33	44	41	38	56	37	31	44	67	63	52	47	41	40	69	59	109	117	74	43	43	23	34	76	115	185	172	70	119	134	131	181	213	231	244	215	160	157	157	118	61	106	118	106	111	129	166	86	87	89	114	139	151	158	126	129	96	102	176	221	220	219	203	210	217	183	169	206	172	206	197	219	217	217	217	217	217	217	217	217	217	217	215	217	217	217	217	215	215	215	215	215	217	217	216	216	216	216	216	215	214	216	216	215	216	216	214	215	214	214	213	213	215	215	215	215	214	213	212	212	214	214	214	214	214	214	214	214	214	214	213	213	213	213
245	245	245	247	247	247	247	248	248	247	247	248	248	248	248	248	250	250	250	250	250	250	250	250	249	249	249	249	250	250	250	250	250	250	250	250	251	252	252	252	253	253	253	253	253	253	252	252	252	252	253	253	254	186	86	108	151	118	110	89	106	138	212	196	211	218	220	220	184	208	212	209	210	213	179	204	206	206	206	205	210	183	204	215	214	215	218	221	221	206	188	224	219	219	219	219	220	221	222	183	207	219	216	218	217	216	215	214	212	215	176	209	212	210	210	209	212	209	205	209	206	212	176	197	205	205	206	206	207	210	212	199	186	206	220	221	222	226	226	226	229	230	229	227	227	224	194	158	145	177	174	168	174	173	168	217	202	141	144	133	135	136	144	210	219	156	135	132	137	137	135	138	135	135	140	132	128	131	126	126	132	129	128	129	129	129	129	131	126	125	119	112	124	129	132	132	138	132	133	140	144	143	141	143	143	153	147	143	145	147	146	150	148	141	147	144	158	160	148	155	160	161	162	160	161	164	164	164	161	161	158	161	161	160	163	167	165	166	166	164	167	168	167	170	165	163	164	168	164	159	160	165	166	166	162	156	156	160	162	161	158	161	164	164	158	161	158	161	165	166	166	166	166	166	166	167	166	160	163	169	171	166	169	174	171	171	170	170	170	170	170	170	173	176	176	174	168	165	165	163	159	160	160	162	159	154	157	159	157	154	156	157	151	152	148	152	149	146	146	150	155	200	218	210	217	208	184	201	192	183	183	183	185	185	182	179	179	182	182	179	179	179	179	179	179	176	176	182	183	177	183	182	183	184	184	184	183	183	183	182	183	184	184	183	185	185	182	182	183	204	185	183	185	185	186	186	186	188	187	186	186	186	186	183	184	184	176	181	176	176	185	185	186	186	187	188	187	186	186	185	184	181	181	184	182	182	176	176	170	164	170	179	182	179	176	194	195	180	180	183	181	182	180	182	179	179	176	170	162	168	174	179	181	182	182	183	184	182	182	179	179	178	176	176	177	168	156	153	157	168	175	175	174	171	169	168	170	172	170	170	173	196	170	164	148	138	134	138	148	161	166	164	164	164	161	160	158	151	151	132	124	111	105	94	91	86	83	81	86	91	107	82	80	83	81	75	52	46	40	37	34	30	24	114	121	22	23	22	27	22	20	19	28	79	89	103	109	103	82	43	28	25	28	24	15	20	19	25	25	30	33	31	28	26	25	22	22	22	22	22	19	13	35	164	34	26	35	33	36	40	41	41	39	38	35	33	27	29	24	12	27	162	42	27	31	33	37	41	41	44	51	56	61	64	65	73	64	77	151	23	14	14	22	25	37	87	88	71	71	115	95	87	106	139	130	61	60	84	57	39	76	79	73	85	89	84	84	108	117	91	75	79	47	35	32	39	24	56	50	45	61	35	46	71	58	51	63	51	35	45	47	73	143	114	46	50	27	45	67	63	114	115	66	106	163	112	201	221	196	225	239	242	239	195	137	65	41	26	58	123	115	129	161	90	92	105	104	95	127	151	114	156	142	120	177	222	219	220	200	210	220	219	183	190	173	206	196	218	217	217	217	217	217	217	217	217	217	217	215	217	217	217	217	215	215	215	215	215	217	217	217	217	216	216	216	216	214	214	214	215	216	216	216	214	214	214	213	213	214	214	215	215	214	214	213	212	214	214	214	214	214	214	214	214	214	214	214	213	213	213
246	246	245	246	246	247	247	247	247	248	248	248	249	249	249	249	250	250	250	250	250	250	250	250	250	250	250	250	250	250	250	250	250	250	250	250	251	252	252	252	253	253	253	253	253	253	253	253	252	252	253	253	254	178	127	164	81	61	86	132	183	225	228	194	212	221	221	221	184	209	212	209	210	210	179	204	206	206	206	206	210	183	204	214	212	215	218	219	220	204	187	224	219	219	219	219	219	218	220	180	207	218	217	215	216	215	215	213	212	215	173	207	210	210	210	208	207	202	189	199	209	215	200	212	219	219	225	225	229	228	224	200	180	211	225	224	227	224	226	227	227	226	226	226	224	223	192	109	96	156	164	151	165	167	163	217	201	146	148	135	140	139	147	209	218	151	137	134	140	132	132	137	131	131	135	134	132	132	135	135	135	129	129	129	126	128	126	125	123	119	114	111	124	122	127	123	110	125	136	139	139	132	123	132	135	147	150	148	151	151	149	147	149	148	155	154	153	153	159	163	162	167	164	163	163	167	165	166	164	158	152	159	158	155	153	151	155	155	154	156	165	166	163	161	155	155	159	164	166	161	162	167	164	167	167	167	170	168	167	167	170	170	170	170	173	165	164	166	167	167	163	166	169	169	171	167	167	163	164	167	165	166	166	168	169	164	165	165	164	167	167	167	169	164	166	171	166	162	162	166	163	161	160	156	154	152	157	158	158	154	155	158	157	149	151	154	152	147	146	147	145	200	221	207	215	206	181	194	189	183	180	183	178	179	178	175	174	173	172	172	170	170	169	167	166	163	163	167	165	168	165	165	164	162	166	166	165	165	165	165	166	166	166	166	164	164	164	164	167	201	170	168	170	171	169	171	171	174	173	171	171	174	174	174	176	173	161	172	167	170	179	179	179	180	183	183	181	181	181	181	181	181	181	183	183	179	179	179	175	176	179	181	185	180	185	191	197	185	188	188	188	189	189	188	188	187	184	178	179	184	189	195	193	191	191	191	191	191	191	191	188	187	186	186	184	179	169	173	178	181	180	180	182	177	175	174	175	176	178	179	182	199	176	172	163	158	163	169	175	178	178	178	178	177	179	175	174	174	172	172	170	160	148	145	145	151	157	163	169	167	164	167	167	167	164	161	153	147	134	121	106	99	87	142	144	69	70	62	71	92	93	75	65	89	94	77	61	44	35	38	38	32	31	29	29	32	41	21	20	20	23	25	25	24	24	26	28	27	25	25	22	15	40	165	37	28	31	32	30	30	27	24	24	22	20	20	19	14	19	22	29	107	41	32	38	40	42	41	43	41	39	38	38	31	22	19	14	41	147	30	27	32	34	38	38	58	50	87	101	68	82	108	89	137	118	31	92	88	40	33	103	114	102	95	81	119	122	104	108	100	113	96	97	43	38	33	29	42	37	50	62	46	40	43	48	57	44	51	35	32	53	78	79	69	49	63	64	45	90	60	102	159	85	175	161	123	150	227	215	216	229	233	236	201	162	108	78	70	74	80	78	133	165	84	97	108	107	104	131	157	127	144	131	137	176	215	219	222	203	209	220	214	190	176	156	206	197	216	217	217	217	217	217	217	217	217	217	217	217	215	217	217	217	217	216	216	216	216	215	215	215	216	216	216	216	216	216	216	216	215	215	215	215	215	214	214	213	213	213	213	213	213	213	213	213	213	214	214	214	214	214	214	214	214	214	214	214	214	213	213
245	245	245	246	246	247	247	247	248	248	248	248	249	249	249	250	250	250	250	250	250	250	250	250	250	250	250	250	250	250	250	250	250	250	250	251	252	252	252	252	253	253	253	253	253	253	254	255	254	254	253	251	251	190	157	124	84	100	143	184	203	233	230	197	214	222	223	222	187	212	211	211	210	210	179	206	206	206	206	205	209	183	204	213	211	215	217	215	216	203	188	225	219	218	219	220	218	217	220	178	206	216	215	214	215	212	206	212	209	209	179	209	212	214	215	217	222	205	186	201	221	224	230	228	229	227	226	227	225	224	223	197	174	219	226	225	224	224	224	224	224	226	224	222	224	221	192	109	87	146	157	145	165	164	161	214	198	140	142	134	137	139	143	211	217	151	142	143	142	138	131	135	137	132	131	125	126	132	131	129	132	129	126	126	128	129	125	123	120	116	114	108	120	126	126	123	124	130	133	139	135	137	142	150	151	149	149	148	146	148	147	150	152	151	153	155	157	163	152	157	158	161	158	162	164	161	163	167	164	161	155	160	158	158	160	161	161	160	162	173	173	173	171	166	165	167	168	166	168	168	168	168	170	170	170	167	168	170	172	172	167	167	167	167	168	163	164	161	152	159	151	166	172	163	169	169	164	164	167	167	165	166	165	168	165	161	164	159	166	168	168	165	166	160	162	160	168	160	162	169	163	167	165	151	161	164	167	158	159	159	154	141	157	155	153	153	153	150	145	132	153	203	219	209	215	211	163	126	120	119	116	114	118	118	117	115	115	115	115	115	115	115	111	109	112	112	106	94	90	111	114	116	116	116	122	120	120	121	121	121	121	121	121	120	117	120	117	115	117	185	123	120	118	121	118	124	123	125	125	122	120	120	120	120	117	116	110	113	107	101	98	115	116	117	120	117	120	123	122	122	120	120	120	120	119	118	116	118	115	113	109	100	118	118	118	161	171	120	127	124	125	127	130	130	131	131	130	127	131	135	138	134	134	140	140	148	150	151	152	154	159	162	164	165	163	163	163	168	168	171	174	173	173	173	174	175	178	178	178	179	183	201	178	176	172	172	180	183	185	188	185	188	188	185	188	186	185	185	182	179	176	169	163	164	166	174	175	175	176	175	172	175	173	173	172	170	168	168	159	145	135	134	122	156	164	105	107	110	127	145	151	155	146	145	133	119	113	110	110	113	112	115	121	127	130	121	128	107	97	88	77	67	59	55	51	47	43	40	34	31	32	24	49	165	32	18	19	23	26	26	26	26	25	24	23	21	20	18	22	22	26	27	31	34	32	29	28	26	22	19	19	16	16	19	22	22	24	51	153	38	40	43	43	43	43	41	78	143	112	75	106	120	114	117	127	59	89	81	47	47	58	98	105	107	103	114	124	100	89	97	90	69	103	66	60	77	72	88	50	36	38	22	38	45	37	42	51	59	39	39	55	52	58	56	37	43	35	75	65	57	107	176	160	176	179	154	109	181	214	224	238	237	222	179	175	149	132	127	67	40	15	88	166	82	91	105	102	101	130	154	124	136	94	103	176	208	204	213	197	211	220	214	193	202	157	201	200	220	217	217	217	217	217	217	217	217	217	217	217	215	217	217	217	217	217	217	216	216	215	214	214	215	216	216	216	216	216	216	216	216	214	214	214	215	215	213	214	214	215	215	215	213	213	213	213	213	215	215	215	214	213	213	213	213	214	214	214	214	214	214
246	246	245	246	246	246	247	248	249	248	248	248	249	249	249	250	250	250	250	250	250	250	250	250	250	250	250	250	250	250	250	250	250	250	251	251	252	252	252	252	253	253	253	253	253	254	254	255	253	253	253	253	249	208	114	61	98	169	239	221	205	233	230	199	217	225	225	223	185	211	211	211	210	210	177	206	208	206	205	205	208	181	203	213	212	214	214	211	212	201	189	226	219	220	220	219	221	217	221	175	207	216	213	213	215	202	180	200	218	222	218	227	226	229	229	232	230	203	190	208	222	224	225	224	224	224	224	227	224	224	218	195	175	218	219	221	221	218	215	214	209	203	200	197	201	223	193	184	176	172	152	149	166	160	161	217	199	147	148	143	140	138	141	210	217	150	136	136	138	135	132	135	135	135	138	135	132	135	129	128	128	128	126	125	122	126	123	122	122	123	122	111	123	125	129	129	132	137	132	128	135	141	146	149	147	145	144	144	145	151	149	157	158	155	155	156	152	156	155	158	159	161	158	159	158	161	161	158	163	167	162	165	164	158	161	162	162	157	157	158	158	161	164	161	160	163	167	167	165	163	163	164	164	164	161	158	164	164	172	166	161	164	164	167	159	166	166	163	160	161	160	162	152	167	166	167	169	167	167	146	162	165	166	168	164	165	161	149	167	167	166	164	163	160	157	144	160	157	159	163	167	165	156	147	167	164	158	155	159	160	153	139	158	158	151	144	146	148	138	122	144	203	222	209	214	209	182	183	171	168	165	154	160	160	157	157	157	157	157	155	157	154	148	145	151	151	148	127	120	152	153	158	156	157	163	162	160	162	160	162	162	161	160	154	152	158	155	151	148	193	160	155	157	160	157	162	160	163	162	160	160	159	158	158	153	141	144	147	146	137	117	144	154	154	154	151	160	159	159	157	159	158	156	155	156	155	151	153	149	145	132	107	143	147	145	174	180	144	143	143	140	137	134	131	131	129	123	118	120	118	118	90	78	113	108	112	109	111	116	117	113	114	114	116	116	117	117	116	119	121	121	119	98	119	125	131	132	134	137	134	154	189	135	134	131	131	134	131	131	133	131	128	122	128	128	134	134	137	143	143	145	143	145	148	155	163	164	169	172	172	172	175	176	179	181	179	179	178	172	163	159	162	149	166	173	142	144	153	159	165	166	170	163	163	155	145	140	144	149	154	157	163	169	170	170	169	169	170	163	160	148	133	128	125	122	120	121	123	127	130	134	133	133	185	114	89	80	75	70	65	58	53	50	45	41	38	32	22	33	23	19	25	23	22	21	23	24	22	25	22	19	19	15	23	25	27	26	52	153	37	31	31	30	28	24	26	88	58	65	87	110	121	93	101	103	65	60	55	68	72	65	78	90	96	102	91	111	110	112	106	92	53	72	63	59	57	51	39	39	32	18	35	64	30	35	35	40	37	26	47	65	58	53	55	40	38	40	70	76	105	114	112	158	116	103	145	123	111	168	222	240	241	204	171	162	119	129	159	154	120	90	105	163	102	98	102	107	104	133	160	130	146	112	105	173	223	216	208	185	203	214	217	192	205	163	167	194	220	217	217	217	217	217	217	217	217	217	217	217	215	217	217	217	217	217	217	216	216	215	215	215	214	216	216	216	216	216	216	216	216	215	214	214	215	214	213	214	212	215	215	215	215	213	213	213	213	214	214	214	214	214	213	213	213	213	213	214	214	214	214
245	245	245	247	246	247	247	247	249	249	249	249	249	249	250	250	250	250	248	250	250	250	250	250	250	250	250	250	250	250	250	250	250	251	251	251	252	252	252	252	253	253	253	253	253	254	254	254	253	253	253	253	250	193	100	96	155	205	239	222	207	231	231	198	219	227	229	223	185	211	211	211	210	210	179	207	208	205	205	202	206	181	202	211	211	212	211	208	210	201	187	223	219	216	208	197	211	217	222	199	219	226	229	231	226	202	178	203	223	230	230	227	229	229	227	226	226	202	186	210	223	224	224	222	223	224	220	217	214	209	208	196	163	183	183	178	176	176	176	176	179	182	189	194	206	224	192	132	135	161	145	135	157	154	161	215	194	141	136	140	137	139	144	210	219	150	136	133	133	132	132	135	129	132	135	129	129	132	132	134	131	129	132	132	123	129	126	122	120	122	122	113	123	120	129	131	127	135	134	130	137	140	150	153	153	151	148	145	149	151	150	152	152	151	151	153	150	150	155	155	155	154	152	152	156	160	160	158	155	160	159	162	159	156	159	155	160	158	158	151	150	154	154	163	163	166	167	164	164	158	158	165	164	167	167	167	158	153	168	165	167	170	161	164	143	159	161	165	162	164	167	158	147	171	166	165	163	159	167	150	159	159	163	160	159	162	155	145	159	158	156	155	163	165	165	166	163	159	154	151	153	148	150	154	162	158	152	152	160	159	159	160	161	160	154	145	145	146	141	136	141	203	221	210	215	209	185	195	185	177	176	164	168	168	165	165	163	163	162	162	164	162	156	155	159	156	156	138	136	160	161	163	162	163	168	167	168	168	168	168	168	171	168	162	159	164	162	158	154	196	161	160	162	165	162	168	168	171	170	168	168	168	167	165	160	156	154	155	153	148	126	151	155	157	157	155	162	161	162	162	163	163	161	161	163	162	153	159	156	157	148	122	156	158	159	180	186	157	159	162	159	159	159	159	158	159	149	148	152	150	149	122	103	147	146	151	145	146	152	150	150	149	150	150	148	147	145	139	145	143	139	132	93	129	132	135	132	132	136	135	151	189	132	134	135	135	134	126	131	128	125	110	87	114	116	116	113	115	116	113	106	103	106	106	104	106	103	106	106	107	100	85	103	110	115	115	118	121	119	121	125	132	123	161	170	136	145	149	149	158	159	167	167	168	166	160	166	168	174	177	178	181	181	180	179	179	181	178	173	172	163	151	146	147	151	154	160	163	167	170	172	171	171	197	168	144	135	131	127	127	126	126	130	131	134	136	134	121	123	110	96	77	69	63	56	51	46	41	36	31	25	22	20	24	16	22	20	47	148	28	25	25	22	22	19	21	22	19	58	100	119	111	98	95	67	52	41	46	81	60	55	48	66	81	117	115	110	104	72	91	60	36	47	41	29	28	29	27	35	29	16	31	50	22	23	31	27	37	37	46	51	51	72	60	64	45	37	37	73	76	66	50	93	82	96	109	70	74	138	190	218	226	195	170	171	123	125	162	183	163	87	90	155	134	139	121	103	96	126	153	120	136	100	112	175	220	220	224	203	202	202	199	184	202	160	156	196	220	217	217	217	217	217	217	217	217	217	217	217	215	217	217	217	217	217	217	216	216	215	215	215	214	216	216	216	216	216	216	216	216	214	214	214	215	215	214	214	214	214	214	215	215	213	213	213	213	213	214	214	214	213	213	213	213	213	213	213	213	214	214
247	246	247	247	247	248	248	248	248	248	249	247	249	249	250	250	250	250	248	250	251	250	251	251	250	250	250	250	249	250	250	251	251	251	252	252	253	252	253	253	253	253	253	253	253	253	253	253	253	253	254	253	250	155	75	139	229	217	241	221	207	231	232	197	219	231	228	224	187	211	212	210	208	208	178	204	208	205	205	202	208	181	203	210	209	209	209	206	212	203	189	222	222	222	200	183	205	226	230	232	230	229	228	229	224	199	178	212	225	225	227	224	227	225	225	228	227	202	185	206	212	206	200	194	188	182	176	173	173	173	187	195	152	172	194	203	211	215	220	223	225	228	228	225	224	223	186	59	33	110	149	142	163	158	163	217	194	142	136	137	134	134	141	208	218	148	131	135	135	136	134	137	134	135	135	132	132	131	126	126	131	125	123	128	126	129	126	123	120	122	119	111	119	131	132	134	136	129	127	131	136	133	142	144	142	146	146	145	143	145	142	142	145	144	150	148	150	153	155	158	156	156	156	157	160	160	160	166	157	158	157	161	165	160	163	143	157	157	161	164	160	159	153	162	164	164	161	161	165	160	160	166	166	164	167	161	156	147	156	156	161	162	149	153	149	153	149	152	150	160	162	161	163	160	160	165	160	159	160	169	167	165	167	169	168	172	169	165	166	166	164	166	168	167	164	173	169	169	171	171	172	169	172	170	169	175	170	166	167	167	165	166	161	160	158	156	156	157	155	155	151	203	216	210	213	208	189	203	195	189	186	178	183	183	182	180	179	179	177	177	178	178	173	167	173	172	173	151	144	171	176	176	173	171	177	177	177	177	179	179	179	180	179	176	172	177	176	173	170	199	167	170	171	171	167	175	173	175	175	173	174	174	174	174	172	163	161	167	164	162	144	165	168	168	167	165	171	171	173	173	172	172	172	171	170	169	161	166	164	162	153	133	165	168	167	185	192	170	170	171	169	169	167	167	164	165	159	158	165	161	160	139	116	156	155	158	156	155	160	158	161	159	158	158	158	158	157	149	152	153	152	147	105	146	150	152	147	148	152	152	164	191	151	148	149	150	150	142	145	143	145	130	96	128	134	135	132	137	138	137	131	130	133	133	133	133	124	125	126	124	110	77	112	115	117	112	117	114	111	108	104	100	93	149	153	88	96	96	94	81	82	92	95	96	99	101	104	109	112	116	124	127	131	136	142	142	149	149	146	151	151	148	153	159	165	171	173	176	178	181	178	179	181	196	177	159	156	154	152	154	155	158	162	163	165	163	164	166	163	163	151	133	131	128	125	124	124	124	126	125	119	114	104	92	74	62	54	68	151	39	34	30	26	23	22	13	11	46	108	87	99	122	115	71	66	52	43	61	63	53	89	78	97	79	106	124	87	67	50	51	37	28	62	44	20	31	24	14	19	29	22	50	46	25	42	40	41	39	41	40	46	66	60	54	61	42	46	26	76	67	35	69	63	72	129	73	60	72	100	122	142	170	175	161	207	200	183	185	184	178	166	113	188	126	142	203	196	188	163	196	179	182	162	136	176	219	218	221	206	211	219	194	172	211	166	147	191	219	217	217	217	217	217	217	217	217	217	215	215	215	217	217	217	217	218	216	216	216	216	216	216	216	216	216	215	215	216	216	216	216	214	215	215	215	215	214	214	213	215	215	215	214	213	213	213	213	214	214	213	213	213	213	213	213	213	213	213	213	214	214
246	247	247	247	248	249	249	249	249	249	249	249	249	250	249	250	250	250	251	251	250	250	251	251	250	250	250	250	251	251	252	252	253	253	253	253	253	253	253	253	252	252	252	252	252	254	253	252	253	253	253	250	251	180	99	162	237	216	241	221	209	233	233	200	218	230	230	227	186	211	213	212	208	208	180	205	206	205	205	205	208	178	196	208	204	190	193	210	220	221	221	235	231	229	200	185	210	224	227	226	227	229	229	229	222	200	176	211	227	222	224	221	216	210	203	195	194	200	169	156	166	172	179	183	191	197	205	215	218	223	220	192	170	214	228	225	226	226	226	226	225	225	224	225	225	223	187	59	42	127	150	139	165	160	162	218	198	147	143	143	143	141	143	210	217	148	126	129	133	131	129	131	130	131	131	133	132	132	132	128	128	131	125	126	129	126	123	120	125	125	117	108	119	120	126	126	121	134	130	121	134	140	138	137	137	138	142	144	141	145	146	150	151	144	147	145	152	152	156	159	160	154	155	166	163	166	168	168	156	156	157	159	161	158	155	149	159	149	158	158	161	161	160	164	161	163	164	164	162	163	165	167	166	163	162	155	159	160	157	160	166	168	167	169	167	160	163	165	167	166	167	169	172	170	170	171	167	167	164	166	164	167	167	173	177	174	177	174	166	163	166	168	165	164	164	164	167	169	168	166	166	164	166	160	161	156	162	153	155	158	157	152	150	149	152	149	148	145	143	144	144	203	218	208	217	211	188	206	198	193	187	181	187	189	187	186	185	185	183	183	182	183	179	174	178	175	176	156	152	176	178	179	173	173	182	181	180	180	180	181	182	182	181	177	172	178	177	175	169	200	176	177	180	177	172	180	180	181	181	181	178	178	179	181	177	168	168	174	171	165	149	170	172	172	170	171	177	176	175	175	175	174	172	172	174	174	167	170	169	171	162	133	168	170	166	187	192	172	176	173	173	172	169	168	169	169	165	162	166	166	166	139	120	165	164	165	161	162	165	165	166	165	166	165	164	165	165	156	163	161	159	155	115	152	159	159	158	160	163	163	173	197	161	159	158	159	158	151	157	155	155	142	117	145	149	152	144	150	153	153	150	149	150	148	144	145	138	143	147	145	132	93	134	137	139	132	138	138	138	141	137	136	131	163	170	122	128	130	122	90	96	108	108	102	101	104	104	104	100	98	100	100	93	90	97	95	89	73	90	91	91	88	97	98	100	102	106	112	115	119	124	127	136	190	146	134	143	149	157	161	166	170	172	173	175	175	175	172	172	173	166	161	158	158	160	160	164	166	166	166	166	166	158	146	136	124	122	125	173	115	107	107	105	101	91	71	59	79	66	88	87	101	92	74	58	54	70	33	55	70	76	55	64	91	82	108	88	64	56	67	30	43	77	25	22	21	32	36	26	17	10	66	67	28	52	36	34	41	39	43	52	39	35	93	79	36	36	41	71	50	61	76	57	76	117	69	66	87	59	56	22	34	66	142	166	152	186	202	211	207	206	152	188	128	161	219	216	221	197	200	191	194	211	208	195	218	221	220	203	208	219	218	186	184	160	153	193	219	217	217	217	217	217	217	217	217	215	215	217	217	215	215	215	215	217	216	216	216	216	216	216	216	215	215	215	215	217	216	215	215	215	215	215	214	215	215	214	213	214	214	214	214	213	211	211	213	214	214	214	213	213	213	213	212	214	214	214	214	214	214
247	247	247	247	248	249	249	249	249	249	249	250	250	250	250	250	250	249	250	250	251	251	251	251	252	252	252	252	252	253	253	253	252	252	252	252	252	252	252	252	252	252	252	251	252	254	254	252	253	253	251	250	252	201	106	180	237	216	240	221	210	232	232	199	218	228	228	225	187	211	213	212	209	208	178	205	205	202	203	202	205	193	210	222	210	188	190	219	231	233	235	230	232	227	199	188	212	225	229	226	226	229	226	223	216	192	171	187	188	183	179	176	174	179	185	188	200	199	178	188	213	222	228	228	226	229	229	228	225	227	221	191	172	220	223	221	222	222	222	222	223	222	219	217	221	222	184	76	73	140	139	127	155	152	162	218	193	138	130	135	137	140	139	208	217	148	132	140	138	138	137	134	126	127	127	128	126	128	129	128	132	132	129	128	132	129	126	123	120	120	113	105	116	123	117	123	116	130	128	134	131	132	124	133	139	139	146	144	141	141	148	148	149	149	149	142	146	144	145	152	154	149	152	159	155	157	158	157	155	158	162	161	159	158	159	166	161	155	162	170	170	172	171	170	170	172	177	173	173	169	163	159	158	161	161	164	163	162	166	162	158	162	159	166	165	158	158	164	163	162	162	161	161	164	163	162	166	171	169	166	163	167	167	167	169	160	168	168	169	160	169	169	166	161	164	161	162	168	165	157	161	158	161	156	156	150	158	156	158	161	158	152	155	156	156	148	148	146	144	144	145	188	207	198	194	184	184	206	196	193	189	181	186	186	185	184	184	184	181	181	181	181	177	174	180	175	175	157	154	175	177	180	178	178	184	184	183	184	184	184	184	184	184	181	180	184	181	178	178	198	182	182	182	179	179	183	184	184	184	184	186	184	184	184	182	172	168	179	174	167	149	168	172	172	169	168	175	174	172	172	175	172	171	169	171	171	163	168	165	168	160	133	166	172	169	189	194	173	173	174	172	172	171	171	172	172	166	163	170	168	167	144	129	170	167	170	163	166	169	169	171	171	169	169	167	167	168	162	169	169	169	166	125	159	164	165	163	163	168	168	176	197	168	168	165	164	162	156	162	162	162	149	123	157	157	156	149	156	158	156	155	152	151	153	153	151	144	152	155	155	145	106	150	153	155	147	151	152	151	149	150	152	146	170	177	135	145	145	144	108	109	124	127	122	121	126	124	124	124	123	122	125	120	113	119	122	111	77	110	112	112	112	117	114	112	111	111	110	107	102	99	100	108	173	77	83	92	86	90	95	98	101	104	107	111	114	122	127	130	137	140	149	157	163	166	172	175	176	179	181	178	175	169	157	154	157	161	161	188	169	170	173	176	176	167	143	123	114	110	118	108	99	95	74	87	69	74	43	49	53	28	61	38	39	70	117	101	59	39	39	39	71	87	34	41	28	33	50	26	16	15	29	40	32	33	33	44	30	30	34	28	41	44	88	67	47	30	58	74	51	84	69	69	63	115	60	46	91	41	48	60	71	93	138	133	59	65	81	102	129	154	148	200	199	202	211	209	217	199	203	197	194	199	182	176	217	220	221	203	209	218	215	193	193	148	170	193	220	217	217	217	217	217	217	217	217	217	217	217	217	215	215	215	215	216	216	215	215	216	216	216	216	215	215	215	215	216	216	215	213	215	215	215	215	215	215	213	213	214	214	214	214	214	212	211	212	213	214	214	214	213	213	213	212	214	214	214	214	214	214
247	247	247	248	248	248	249	249	249	248	249	250	250	250	250	250	250	250	251	251	251	251	251	251	252	252	252	252	252	252	252	252	249	249	251	250	252	252	252	252	252	252	252	252	252	252	252	253	253	253	248	247	248	236	169	191	234	218	240	222	211	232	232	199	218	228	227	225	186	212	216	212	209	209	178	205	202	187	202	223	232	237	238	237	212	185	196	221	232	232	232	232	231	227	197	186	214	220	214	207	199	190	178	172	181	196	157	163	188	201	212	218	224	224	228	231	229	201	184	211	225	225	225	222	226	227	225	223	223	223	217	192	169	211	214	206	203	200	194	191	185	182	182	180	194	224	184	43	19	119	149	139	164	156	164	216	193	147	138	136	134	136	141	207	220	145	123	129	133	135	134	132	133	134	133	133	131	127	129	131	135	126	126	123	117	119	122	125	125	122	111	105	116	120	114	120	114	121	127	136	137	137	132	145	142	126	136	147	152	151	146	146	148	154	154	150	150	149	151	154	156	159	165	164	166	168	168	167	170	170	173	169	170	170	173	167	156	156	157	167	169	165	165	163	159	159	161	162	163	160	158	156	156	158	167	171	156	149	159	154	144	151	148	160	156	158	159	167	164	165	165	165	164	165	164	163	163	166	165	168	173	173	170	173	169	165	168	171	169	166	170	169	167	167	164	164	165	168	165	158	156	155	157	153	154	156	153	158	158	158	155	155	155	153	153	146	145	143	142	142	143	184	204	195	188	185	187	204	196	193	190	184	191	189	188	188	186	184	183	181	183	181	175	175	181	175	177	163	160	180	178	181	178	177	184	181	181	183	183	184	184	184	184	181	181	181	181	178	177	201	178	174	169	170	183	186	186	186	186	185	187	186	184	184	179	176	170	177	168	173	158	173	175	175	172	171	175	174	175	175	174	172	174	174	172	172	168	172	169	169	163	141	172	175	175	187	194	176	174	173	172	175	175	177	175	177	172	169	175	172	173	152	131	174	171	173	169	172	175	172	174	172	174	172	171	173	172	164	171	171	172	169	127	159	167	171	164	166	169	168	176	197	167	167	168	166	166	161	166	164	165	151	128	162	158	159	154	161	164	161	160	160	159	159	160	157	148	156	161	159	149	115	156	157	158	150	155	158	157	156	156	156	155	174	181	146	155	152	151	117	122	138	137	131	131	137	138	136	136	136	139	138	134	129	136	136	126	94	128	127	126	125	126	126	126	129	130	127	126	122	119	123	129	177	93	109	110	102	108	108	108	106	107	108	104	98	91	89	85	64	71	86	85	88	95	100	106	109	112	119	128	133	139	137	144	160	176	176	194	188	188	189	185	182	173	153	141	136	139	149	137	110	115	92	121	94	73	87	58	77	87	85	51	42	90	92	109	102	96	57	69	88	35	52	64	46	36	43	34	35	34	29	22	34	39	37	29	36	45	43	40	54	80	83	62	41	29	52	29	45	67	57	41	57	152	67	56	63	70	79	92	102	114	142	120	35	31	26	26	30	56	119	153	128	169	189	205	203	181	197	197	200	206	203	188	208	203	211	193	208	219	215	194	192	154	177	194	217	218	217	217	217	217	217	217	217	217	217	217	217	215	215	215	215	216	216	215	215	215	215	215	215	215	215	215	215	216	216	215	214	215	215	215	215	215	215	215	213	215	215	214	215	214	212	212	213	214	214	214	214	213	213	213	213	214	214	214	214	214	214
247	248	248	248	248	248	250	248	249	249	250	249	251	251	251	251	250	251	250	251	250	250	250	250	249	249	249	249	250	250	250	249	249	251	250	249	250	250	250	251	251	252	252	252	252	252	252	253	253	252	250	247	247	246	229	202	234	219	240	221	211	234	230	199	218	230	228	224	190	205	203	212	213	217	208	222	202	194	211	227	234	236	234	235	211	181	202	229	231	233	228	223	215	209	197	170	157	169	172	174	185	194	204	215	219	195	170	208	228	230	230	227	230	228	228	227	225	201	181	211	225	222	220	220	214	210	204	201	193	185	192	192	148	165	171	173	179	184	189	194	200	203	211	215	219	220	184	36	6	115	149	137	162	155	166	217	191	147	139	137	141	142	145	209	220	145	127	131	134	128	126	131	126	127	128	128	132	131	132	135	132	129	125	120	123	122	120	117	120	117	114	108	108	101	123	134	129	123	129	138	136	141	142	147	144	138	139	141	142	147	148	150	153	151	153	154	154	153	152	157	157	154	160	156	157	157	160	160	158	152	155	152	146	151	156	161	161	159	159	161	159	157	160	157	151	157	156	160	162	162	160	159	160	161	168	167	163	163	164	166	166	166	168	169	172	167	169	166	169	168	167	167	166	165	165	163	165	164	163	167	167	167	164	167	168	170	169	168	168	170	167	165	168	171	163	162	163	160	163	157	160	157	158	157	157	154	155	154	154	152	154	156	149	149	150	152	150	149	144	141	144	202	218	212	216	214	194	203	197	194	190	182	188	188	187	187	185	184	184	183	183	183	180	179	183	180	182	165	157	178	178	183	180	181	184	184	183	184	184	185	186	186	187	181	180	186	184	181	178	203	179	169	174	166	167	181	183	180	181	184	181	180	183	184	182	179	176	177	178	175	155	176	180	180	175	172	181	178	178	178	178	178	178	178	175	175	169	174	169	171	167	144	177	178	177	190	196	178	180	181	180	180	178	178	180	178	172	169	176	176	178	153	130	175	175	178	172	174	177	175	175	175	177	178	175	175	174	167	172	172	172	168	127	165	169	169	166	167	169	169	178	197	169	170	168	168	168	164	168	167	167	152	131	166	163	167	159	168	171	166	165	165	166	165	164	163	155	164	165	163	153	118	157	160	163	154	159	161	161	159	159	158	157	177	184	146	158	156	157	128	131	145	144	138	140	146	143	145	146	146	146	144	141	140	146	145	138	104	140	139	139	137	143	143	143	143	146	140	142	137	131	136	139	178	104	121	122	116	123	126	125	123	123	123	123	119	114	113	112	82	89	109	106	98	103	102	100	100	99	98	92	86	83	78	61	79	89	107	167	113	116	127	137	145	147	146	146	159	170	185	185	174	158	113	88	88	84	70	38	64	92	47	69	65	69	98	105	90	99	62	94	91	33	61	60	29	32	29	23	36	51	38	30	34	30	24	19	29	35	29	38	59	88	62	40	46	46	34	23	75	73	55	48	94	136	71	66	73	77	80	83	83	81	123	122	35	46	51	66	78	97	124	127	51	51	56	77	112	156	196	204	212	207	191	188	220	218	206	179	200	219	214	184	178	152	149	193	218	217	217	217	217	217	217	217	217	217	217	218	217	216	216	216	216	216	216	216	216	216	216	216	216	215	215	215	215	216	216	214	213	214	215	215	215	215	215	214	212	215	215	213	215	214	212	213	213	214	214	213	213	213	213	213	213	213	214	214	213	213	213
248	249	249	249	248	249	249	249	249	250	250	250	251	251	251	251	251	252	252	251	251	250	251	251	249	248	248	248	250	250	249	249	250	250	251	251	248	248	249	249	252	252	252	252	252	252	252	252	252	251	251	249	249	250	244	207	234	216	242	223	213	234	229	199	221	228	224	221	198	196	185	219	231	237	243	233	201	192	216	231	232	231	232	232	210	180	194	208	199	190	182	180	178	190	195	166	178	208	223	227	229	232	232	232	225	195	174	216	226	226	227	224	224	222	219	216	213	199	174	181	185	182	178	172	168	171	174	176	182	191	202	189	163	197	216	220	225	227	227	227	227	227	223	223	224	226	182	30	6	115	142	136	165	158	169	218	192	142	126	139	135	135	138	205	217	143	130	135	135	134	134	132	129	131	132	126	126	129	123	122	126	125	122	123	123	123	122	122	120	117	114	105	113	114	114	120	129	128	132	132	128	131	138	138	140	144	140	138	146	146	144	143	146	152	149	147	155	154	147	155	153	152	152	145	149	148	154	157	158	158	161	160	159	160	163	163	159	161	160	162	161	160	164	162	160	163	163	165	160	163	164	160	161	165	166	163	165	166	166	168	168	168	165	169	171	166	163	163	162	162	162	164	164	163	163	163	166	164	166	167	165	163	161	162	167	167	165	163	166	166	166	163	164	165	160	159	161	156	161	156	158	153	155	153	153	150	153	152	151	148	149	148	143	142	141	143	141	135	135	141	140	200	213	210	216	211	194	206	201	198	194	185	194	194	192	191	191	191	189	189	189	188	183	180	185	185	186	167	159	181	181	183	178	178	184	184	184	184	186	186	187	186	187	182	180	186	181	184	181	202	169	148	138	150	150	167	203	189	189	190	188	183	198	189	185	180	176	179	184	180	157	178	178	181	181	178	184	184	183	183	184	184	181	181	183	181	175	181	177	179	172	150	181	181	178	195	196	183	187	181	184	184	183	183	183	181	177	175	181	180	181	157	136	177	175	175	171	175	178	177	175	175	175	175	175	172	172	168	175	175	174	169	126	166	166	171	167	168	171	171	178	199	170	172	170	173	173	167	171	171	171	159	133	170	168	170	162	170	171	168	168	168	168	170	166	165	157	165	161	162	158	123	163	165	165	157	165	165	165	164	165	165	165	180	186	156	166	166	168	130	136	154	151	142	148	148	150	151	151	149	151	154	148	145	150	150	148	113	146	147	148	146	153	153	152	152	151	150	150	143	141	142	148	182	113	130	133	128	131	135	136	135	136	135	134	131	128	131	130	103	105	119	118	115	117	118	123	123	124	122	116	110	110	106	72	99	101	104	169	101	94	91	88	81	76	79	79	76	78	102	110	120	120	115	107	91	65	57	51	58	63	107	107	46	47	66	71	103	113	72	45	46	39	44	41	28	44	32	33	21	39	44	32	35	32	24	22	23	42	45	27	55	68	38	36	38	34	35	76	68	69	79	67	82	92	104	56	42	44	44	45	46	41	101	135	61	70	79	89	103	114	129	114	24	35	41	42	62	127	146	106	145	182	180	184	216	217	220	200	200	204	174	169	213	160	133	191	221	217	217	217	217	217	217	217	217	215	215	220	217	215	216	216	216	215	215	215	215	216	216	216	216	215	215	215	215	215	215	215	214	215	215	215	215	215	214	214	212	215	215	215	215	215	214	212	212	214	214	214	214	212	212	212	212	213	213	213	213	213	213
249	249	249	249	248	249	249	249	249	249	249	250	250	250	250	250	250	251	251	251	250	251	251	250	249	248	250	249	249	249	249	249	248	248	248	248	250	249	250	250	252	252	252	252	252	252	252	254	252	251	251	252	251	252	249	213	235	213	242	218	212	231	220	198	206	225	231	235	221	194	189	221	236	237	237	230	201	194	220	227	223	219	207	196	201	178	158	170	187	203	216	223	230	226	195	183	213	228	229	227	228	229	229	230	224	190	171	207	211	206	199	194	185	182	177	173	180	197	162	154	181	194	206	210	217	220	226	228	227	227	220	191	177	215	221	224	221	224	224	221	221	224	218	221	220	222	179	28	5	115	141	138	158	147	161	221	190	144	132	139	141	140	141	205	218	146	129	129	132	129	129	132	129	135	137	129	132	135	127	123	123	123	122	120	116	117	114	113	119	117	111	107	120	120	116	123	117	122	123	113	114	120	140	137	138	147	146	143	149	147	150	153	152	158	153	160	158	156	155	160	158	163	163	160	162	160	159	157	161	164	164	164	164	164	162	161	164	164	164	163	163	162	157	161	165	162	159	157	160	165	164	158	158	159	158	155	162	162	162	163	171	169	160	169	168	166	162	166	165	159	157	162	162	158	158	161	159	156	158	165	161	157	156	160	154	150	151	152	145	145	145	142	134	131	134	137	130	125	127	124	116	115	115	112	108	106	105	102	97	92	94	92	85	85	85	83	81	77	75	81	79	188	217	210	216	209	191	209	203	200	197	189	195	194	194	192	191	191	191	191	192	190	186	184	191	188	191	172	168	189	189	190	184	186	189	190	189	190	190	190	189	189	190	184	183	187	188	198	182	189	179	159	115	138	150	124	148	168	166	181	187	191	191	188	186	182	168	180	184	180	160	184	186	187	184	181	187	187	187	186	187	187	186	186	184	184	181	186	183	183	174	147	180	183	183	193	198	183	183	183	184	183	183	184	184	183	178	177	181	183	184	157	139	184	181	181	175	178	181	181	181	181	180	178	178	178	178	172	178	178	178	175	132	172	175	177	168	170	174	176	183	201	174	174	174	176	174	167	174	173	176	164	139	176	173	173	164	171	173	171	168	168	171	171	169	169	163	169	167	166	160	124	168	169	169	160	165	168	168	168	170	168	167	182	187	160	163	166	171	142	139	154	154	145	148	150	151	151	151	151	151	154	151	148	156	153	151	118	153	152	151	148	154	153	153	154	153	153	154	147	144	149	152	179	116	140	142	134	140	142	141	140	142	143	142	137	135	141	140	111	113	134	131	126	131	131	131	132	136	136	129	120	125	125	86	109	115	115	174	118	115	115	112	103	97	100	100	79	68	83	75	99	118	90	75	91	88	62	31	59	75	97	80	36	79	104	87	108	82	73	75	62	43	32	35	31	53	67	45	13	27	37	61	91	68	41	21	29	31	35	29	33	44	42	52	38	30	70	81	82	96	106	107	104	100	128	66	40	46	46	48	49	46	103	132	55	67	70	70	76	72	104	128	55	70	81	94	114	135	122	35	29	44	100	166	188	208	214	190	202	209	170	160	208	162	144	194	217	217	217	217	217	217	217	217	217	215	215	220	217	215	216	216	216	215	215	215	215	216	216	216	216	215	215	215	215	215	215	215	214	215	215	215	215	215	214	214	212	215	215	215	215	214	214	213	212	214	214	215	214	212	212	212	213	213	213	213	213	213	213
249	249	249	249	249	251	250	249	247	247	247	248	249	249	249	249	248	248	248	248	248	249	249	249	249	248	249	249	249	249	249	248	249	248	248	248	249	249	249	250	252	253	254	252	252	252	252	252	254	252	254	254	251	253	250	213	235	214	240	221	216	233	217	199	197	224	242	244	226	187	197	225	231	229	228	221	201	185	184	185	180	181	190	202	204	178	188	220	233	234	233	232	232	227	195	183	215	228	228	224	217	215	206	193	193	191	153	156	168	176	182	190	197	203	212	219	222	195	177	207	226	227	227	226	226	226	226	226	226	225	217	186	176	214	219	220	218	221	218	215	214	209	209	203	206	224	181	29	5	115	133	124	153	142	160	222	187	129	117	125	126	129	136	206	219	146	132	134	132	132	132	134	123	125	129	123	126	129	126	126	123	123	123	119	120	117	116	114	119	117	108	108	120	117	122	131	128	129	132	126	129	134	141	141	139	147	146	146	152	152	153	153	156	153	149	154	153	153	156	160	158	157	162	162	160	161	162	161	160	162	158	160	161	162	162	161	162	161	164	163	161	161	156	158	158	158	161	155	152	155	154	149	150	154	156	154	154	148	142	139	142	139	130	131	133	127	121	118	114	108	104	104	98	94	91	88	87	83	80	80	78	73	69	69	65	63	61	62	60	62	60	58	58	57	60	61	59	59	61	61	61	61	67	64	64	69	69	73	74	70	74	75	77	79	79	77	77	82	85	85	89	188	219	208	214	211	196	209	203	200	197	191	195	195	194	194	192	192	192	191	193	193	189	186	191	186	188	171	166	187	187	190	184	184	190	190	190	190	190	190	190	189	190	186	185	189	186	189	171	188	177	182	141	116	118	93	113	134	142	126	123	162	189	193	188	185	176	185	187	183	160	183	188	190	187	184	190	190	189	187	187	189	189	189	186	184	179	184	183	183	174	144	181	181	181	190	198	184	184	183	183	183	183	184	184	184	181	180	187	184	184	157	142	187	183	181	177	180	183	181	180	180	180	181	179	181	181	174	183	180	178	177	130	174	175	174	171	174	177	177	184	199	175	178	179	179	177	168	176	176	176	164	139	175	172	174	168	174	174	174	171	171	173	173	172	172	163	169	171	169	163	126	169	172	174	166	171	174	174	174	174	177	174	183	189	165	172	172	175	139	139	159	157	148	153	154	154	153	154	157	157	159	154	151	157	160	157	117	152	153	153	148	157	157	157	156	159	157	157	151	147	153	157	181	123	147	145	141	148	148	147	149	150	148	146	145	145	146	145	118	132	151	143	139	144	144	144	144	143	141	137	132	133	135	95	119	121	122	177	123	121	122	119	115	113	116	116	101	93	102	105	114	119	114	106	67	62	73	65	47	40	57	91	90	61	105	124	84	93	115	77	67	41	38	20	29	37	61	31	16	32	47	73	99	89	52	32	41	37	22	29	42	70	60	42	42	49	55	55	67	64	59	55	50	46	38	30	31	37	35	36	37	34	98	125	40	46	48	50	54	52	93	134	75	84	96	104	106	125	124	46	67	82	107	142	79	97	148	161	193	215	196	163	184	154	165	191	220	217	217	217	217	217	217	217	217	215	215	218	217	215	216	216	216	215	215	215	215	216	216	216	216	215	215	215	215	215	215	214	214	214	214	214	214	215	214	214	212	215	215	215	215	214	214	213	213	214	214	215	215	212	214	214	212	214	213	213	213	213	213
249	249	248	249	247	249	248	248	247	247	248	248	248	248	248	248	248	248	248	248	249	249	249	250	250	250	249	250	249	249	250	248	249	250	249	250	250	250	249	250	251	252	252	252	253	252	252	252	252	254	252	252	252	253	252	214	232	208	216	197	218	244	228	197	206	226	235	239	220	188	194	218	214	203	192	194	200	166	176	205	224	232	236	238	211	176	203	229	231	232	231	229	225	218	197	176	188	189	180	173	169	170	173	181	195	194	162	190	214	228	232	231	231	231	229	229	224	199	178	208	223	223	223	223	225	225	222	220	220	215	211	188	168	190	191	187	182	181	177	176	173	175	184	184	198	223	179	30	5	122	139	131	153	149	167	219	189	144	133	133	126	125	132	205	218	140	120	120	128	132	132	131	128	128	128	131	124	124	124	122	123	120	120	123	119	117	116	116	119	119	108	104	118	124	118	121	130	128	131	133	136	136	136	141	141	142	142	144	146	150	152	152	152	152	154	150	155	155	158	156	158	156	156	155	154	161	155	154	157	154	149	151	153	147	145	143	136	134	134	133	122	117	118	111	104	101	100	89	84	79	72	67	64	64	61	58	59	59	55	62	84	87	93	96	61	52	67	67	69	70	72	73	77	83	87	90	96	105	105	110	114	115	117	118	124	127	131	132	136	140	146	148	148	145	151	157	155	155	159	160	160	156	141	160	166	167	165	163	168	163	170	181	178	181	181	182	181	180	179	181	180	208	213	208	215	210	191	206	200	198	197	188	195	197	197	197	194	194	194	194	193	194	188	187	193	191	192	173	170	189	188	190	184	185	189	190	187	187	187	187	189	190	190	186	184	188	185	186	189	205	188	185	182	162	154	155	115	112	121	127	91	111	160	191	193	189	173	183	189	187	164	180	181	185	188	181	190	190	190	191	191	190	189	189	191	189	182	187	183	186	177	152	184	182	182	195	198	181	181	183	186	186	186	186	188	186	180	177	183	181	185	161	138	185	185	185	180	183	187	188	187	187	186	186	186	186	186	178	183	183	181	181	140	175	178	180	174	174	180	180	184	202	178	178	180	180	177	171	177	174	174	162	140	178	180	177	165	174	177	177	177	174	177	180	177	177	169	174	177	177	170	137	175	177	177	168	172	174	174	174	177	175	172	186	192	163	174	177	177	147	146	161	159	151	153	159	159	159	160	161	162	162	160	156	160	163	157	120	157	158	158	155	160	161	162	161	162	159	161	158	153	160	163	184	123	153	152	145	150	150	150	151	153	151	150	147	146	151	154	126	128	150	147	146	153	153	151	153	154	153	149	144	147	144	103	129	133	131	177	134	129	129	129	127	120	124	126	112	104	145	133	131	132	123	90	73	61	64	83	40	28	55	74	61	42	79	97	72	130	97	60	59	60	48	27	31	30	46	41	32	30	71	107	95	107	57	56	64	56	33	56	53	52	34	43	39	73	53	37	32	23	18	12	14	18	27	28	32	34	36	40	39	31	97	127	37	44	48	49	51	49	61	75	59	60	63	66	63	97	141	86	102	109	124	140	56	34	53	125	171	188	183	177	198	141	181	193	218	217	218	218	218	217	217	217	217	216	216	219	217	215	216	216	216	215	215	215	215	216	216	216	216	215	215	215	215	215	215	214	214	212	214	214	214	214	214	212	212	214	215	214	214	214	212	212	213	213	214	214	214	213	212	211	212	213	213	213	213	213	213
247	247	247	246	246	246	246	246	247	247	247	247	247	246	247	247	248	248	248	248	252	252	252	252	250	250	249	250	250	249	250	248	249	249	249	249	249	249	249	249	250	250	250	250	254	254	252	252	252	252	254	254	254	255	250	214	233	216	209	194	221	235	223	197	205	225	231	224	212	190	166	177	183	201	216	222	200	188	218	235	236	235	234	232	207	176	200	220	216	206	194	187	176	185	196	150	156	183	201	211	220	227	229	232	225	193	175	214	228	226	227	229	226	226	226	228	222	196	181	206	213	208	203	197	192	187	179	173	173	167	185	190	150	169	181	194	200	202	208	214	217	220	223	226	223	222	177	29	6	122	138	134	153	146	161	217	193	144	136	131	133	133	136	207	219	149	127	131	130	124	123	125	115	116	120	118	119	121	124	126	122	122	123	123	120	120	116	110	111	112	110	105	118	124	121	127	128	128	131	131	137	137	138	139	139	139	141	140	146	143	141	142	146	139	141	145	143	140	140	137	132	129	122	111	104	106	100	91	86	82	72	69	73	66	63	60	53	54	54	54	57	58	60	63	66	71	81	85	90	95	99	105	107	111	117	122	125	131	131	150	184	187	190	199	132	130	161	164	167	169	171	173	174	173	173	173	175	182	179	192	196	195	193	192	190	190	190	189	183	185	179	183	195	166	180	183	181	175	178	179	182	165	103	166	183	180	179	177	183	189	168	112	111	108	104	102	97	96	92	90	91	187	217	208	213	212	193	206	200	197	194	186	195	197	195	194	194	194	194	194	195	195	189	186	192	192	192	173	169	186	183	183	181	182	185	185	184	186	187	187	187	189	187	184	185	190	190	187	185	201	189	189	190	167	140	125	161	112	134	156	124	95	165	191	192	193	179	182	192	187	163	180	182	190	188	186	193	193	190	190	194	192	191	188	185	186	183	190	186	187	180	152	182	182	183	194	199	186	189	187	189	189	189	186	189	187	184	183	189	188	189	162	142	187	186	187	182	185	189	188	188	188	188	188	187	186	186	180	187	187	184	183	136	171	179	180	174	177	180	178	184	196	175	180	180	178	178	171	178	178	181	168	143	180	180	181	174	181	183	180	180	181	183	183	181	183	174	178	177	177	168	135	175	177	178	169	174	176	178	178	178	178	175	187	193	172	177	175	180	141	144	162	162	154	157	165	162	163	164	165	164	167	162	159	165	166	159	124	163	163	162	158	164	164	162	159	163	163	166	162	153	161	166	184	132	154	153	150	155	156	156	155	153	156	158	152	148	153	154	124	130	152	150	146	152	151	151	151	151	151	148	145	145	142	105	134	141	134	181	141	140	141	137	136	129	132	137	119	113	147	138	155	156	117	104	106	99	55	86	86	42	87	93	86	62	96	109	83	157	127	91	84	46	53	40	52	27	33	39	44	52	60	62	47	76	42	80	62	60	81	77	88	66	41	44	60	88	98	78	82	78	61	47	35	29	25	24	26	24	25	29	33	29	90	123	32	38	40	41	43	46	45	47	50	53	58	64	63	97	143	78	88	96	94	140	90	88	108	128	109	46	114	175	180	149	161	193	219	217	218	218	218	216	216	216	216	216	216	220	217	215	216	216	216	215	215	215	215	216	216	216	216	214	214	214	214	215	214	214	212	212	214	214	215	214	214	213	212	212	214	214	212	212	212	212	212	212	213	213	212	212	212	212	211	212	212	212	212	213	213
246	246	245	246	247	246	246	246	247	247	247	248	248	247	248	248	248	248	249	249	252	252	252	252	249	250	249	249	250	249	248	248	249	249	249	250	250	249	250	250	250	249	250	249	252	252	252	252	252	252	254	254	254	255	236	201	219	235	207	196	220	230	219	193	199	204	196	189	200	190	175	212	237	241	240	233	200	192	224	229	227	222	219	209	203	173	161	169	174	183	195	205	218	218	194	174	209	226	231	231	229	229	229	229	224	189	176	214	225	227	221	216	211	208	199	193	191	198	160	149	161	167	173	176	184	191	200	207	214	218	215	190	173	212	225	226	226	226	228	228	226	224	224	224	223	223	174	26	6	121	140	140	157	144	158	219	190	138	130	133	133	137	140	208	217	149	130	135	135	134	130	128	125	124	127	129	124	122	112	114	120	114	111	113	113	116	117	116	119	116	113	104	114	120	118	117	122	117	118	125	119	119	118	114	107	105	100	94	94	84	76	73	70	64	59	62	59	57	54	51	47	50	50	53	58	62	67	73	76	81	94	97	103	114	120	131	137	142	145	151	157	160	165	168	172	172	175	176	144	168	171	171	173	173	174	173	176	177	177	194	208	205	208	211	157	143	172	190	189	189	189	189	189	190	190	190	191	194	194	117	93	93	88	86	83	80	74	71	69	63	54	101	209	175	193	196	187	181	184	184	185	162	95	171	182	180	179	177	187	201	134	1	0	1	1	3	1	1	1	0	8	172	220	210	215	211	194	206	200	198	195	188	191	192	191	189	191	191	191	189	189	189	185	183	191	191	192	174	168	189	188	186	182	183	186	186	185	186	187	187	184	186	184	181	183	188	188	186	185	206	191	188	191	166	113	95	123	141	194	197	148	113	141	139	166	185	168	173	196	188	160	174	177	180	191	184	193	193	193	192	192	191	191	189	192	191	185	191	186	190	184	157	189	191	191	197	201	190	193	190	190	190	190	190	190	190	187	186	191	189	191	165	143	190	189	189	183	185	188	188	189	188	188	186	186	186	186	178	184	184	183	181	145	177	180	178	172	174	180	177	184	199	175	178	180	181	181	174	183	180	180	166	147	186	184	182	175	184	186	184	183	186	187	184	183	183	174	178	182	183	171	134	174	177	178	171	173	175	177	178	178	177	175	190	192	171	180	181	182	146	149	164	166	157	159	165	167	167	167	165	165	167	162	159	166	169	166	126	161	163	165	163	165	165	167	167	168	169	169	165	160	163	163	183	134	159	156	150	159	161	162	162	159	162	162	156	156	159	162	133	140	159	155	151	157	156	157	157	156	154	150	147	151	154	117	144	145	139	181	148	144	142	139	144	138	138	141	128	125	144	147	127	117	109	100	85	85	74	66	72	78	83	139	170	123	110	111	94	133	140	129	79	35	30	50	45	61	33	41	43	51	74	41	38	40	58	66	42	62	89	95	96	38	38	50	56	86	98	111	118	109	101	100	91	82	69	58	43	24	21	22	25	23	88	126	30	35	38	38	40	42	43	44	46	46	47	49	46	87	136	57	65	69	71	139	116	111	124	130	124	60	97	143	170	162	130	193	219	217	218	218	218	216	216	216	216	216	216	220	217	215	216	216	216	215	215	215	215	216	216	216	216	214	214	214	214	215	214	214	212	212	214	214	215	215	215	213	212	214	214	214	214	212	212	212	212	214	214	214	214	212	212	212	211	212	212	212	214	214	214
246	246	246	247	246	246	246	246	246	247	247	247	247	247	247	248	248	248	249	249	252	252	252	251	249	250	249	249	250	248	248	250	250	250	250	250	250	249	250	250	250	250	249	249	252	252	252	252	254	252	254	253	240	242	225	203	216	227	202	193	218	220	211	192	162	180	208	235	224	187	197	227	234	231	229	221	200	185	199	193	186	179	177	185	201	172	176	211	227	230	234	236	234	224	192	183	218	230	229	228	229	226	223	217	211	192	163	181	179	174	173	171	172	175	181	184	195	196	168	182	209	218	226	227	229	227	227	227	226	230	218	187	182	217	221	223	223	225	225	223	220	220	220	220	217	223	174	25	7	120	142	145	153	146	162	218	192	141	132	131	128	130	134	203	217	148	128	130	133	133	132	132	134	130	132	140	134	128	125	125	123	119	117	119	116	117	117	114	115	106	100	85	66	66	62	58	56	53	50	51	47	45	42	39	42	45	44	48	50	52	56	61	61	71	75	79	88	95	101	108	96	84	83	91	86	96	103	108	134	169	174	178	177	180	179	179	177	175	175	174	171	170	170	170	166	168	184	194	147	184	182	181	182	182	182	182	184	183	183	200	214	212	213	218	169	157	181	193	190	188	190	188	188	187	186	186	192	200	197	68	34	39	41	42	41	42	42	42	40	42	37	92	214	181	193	197	191	182	182	184	182	159	96	174	183	182	182	181	190	205	137	25	90	92	93	93	94	97	100	100	100	195	217	210	216	209	194	204	198	197	194	186	194	195	194	194	191	191	191	191	190	191	187	184	191	191	194	175	167	188	188	189	183	185	189	191	187	187	187	189	189	190	190	187	186	191	192	191	188	206	192	192	197	177	113	170	155	172	177	161	98	118	131	92	119	142	144	176	194	189	170	160	137	149	191	187	194	195	193	193	194	194	194	194	192	191	186	192	190	189	183	160	192	191	188	200	202	186	190	190	192	192	192	193	192	190	186	184	191	188	189	162	144	190	189	189	182	185	188	188	189	188	188	190	189	189	187	181	190	190	184	183	143	180	184	180	175	180	184	183	187	200	181	184	186	186	184	174	184	181	180	168	148	187	186	183	178	186	186	183	184	184	183	183	186	186	177	180	183	183	174	140	177	180	180	172	177	181	181	183	184	183	181	193	195	172	182	183	185	149	152	164	165	155	160	167	165	165	165	165	168	168	165	162	169	171	163	128	170	170	168	165	173	173	171	171	174	171	172	166	162	168	168	186	137	164	162	156	162	164	165	165	165	165	167	162	162	163	165	136	138	163	161	153	162	160	160	160	163	160	154	151	160	157	117	144	151	147	184	153	149	152	152	156	141	144	149	131	120	150	164	133	100	115	103	108	117	140	94	81	64	76	78	109	164	101	100	129	124	123	108	88	61	41	60	59	52	59	76	53	39	57	56	66	41	43	65	60	67	109	92	59	42	82	110	34	58	97	125	129	121	124	118	112	108	104	99	93	82	70	55	43	21	77	117	22	32	35	35	38	41	41	43	43	46	47	49	46	87	133	53	61	67	66	90	87	91	93	109	148	112	129	125	76	146	136	191	216	218	218	218	218	216	216	216	216	216	216	220	217	215	216	216	216	215	215	215	215	216	216	216	216	214	214	214	214	214	214	214	212	212	212	215	215	214	213	212	212	214	214	214	214	212	212	212	212	214	214	214	214	212	212	212	212	212	212	212	212	214	214
246	246	246	247	246	246	246	246	247	249	248	247	249	249	249	249	250	251	250	251	252	252	252	252	250	250	250	250	250	250	252	251	249	250	250	249	249	249	249	249	251	251	251	251	252	252	252	252	254	254	254	251	211	209	216	200	217	231	205	182	193	199	212	192	194	225	241	239	218	184	198	221	219	209	195	195	199	160	165	190	213	225	232	236	209	178	200	228	232	231	230	230	231	223	190	182	208	209	201	192	182	173	169	167	180	194	151	166	191	206	217	222	223	226	229	231	229	196	179	210	224	226	226	224	227	227	227	224	225	224	214	185	180	213	214	213	210	208	204	200	197	191	191	185	194	223	174	23	7	120	142	146	153	147	164	218	191	140	138	140	136	135	139	208	219	148	132	133	131	128	130	131	125	124	128	125	125	126	127	127	122	122	128	125	121	122	122	119	120	113	103	84	49	27	26	36	45	50	55	56	57	58	61	61	59	54	74	112	118	129	133	136	135	137	137	140	138	135	140	170	101	29	21	31	40	30	37	71	94	177	189	190	190	197	176	143	167	167	170	172	174	175	178	178	180	179	196	203	154	187	179	179	178	180	180	180	181	182	181	201	217	215	215	219	175	159	181	195	193	192	190	188	188	188	186	187	189	201	202	77	44	47	48	48	50	49	48	48	50	47	43	101	219	182	200	202	193	185	184	187	185	156	90	177	183	180	180	180	190	209	140	44	138	139	137	137	135	136	135	134	137	198	215	208	217	209	194	203	198	197	194	186	194	194	194	194	194	194	192	194	192	192	188	186	194	195	196	177	173	189	186	188	185	185	188	188	187	187	187	187	187	189	189	187	186	190	190	190	191	203	197	195	197	189	179	202	191	172	153	126	163	146	118	76	92	133	143	179	189	168	140	107	104	142	181	192	196	196	195	193	193	193	193	191	194	191	185	189	187	189	183	163	193	193	191	199	202	192	193	190	193	192	192	192	193	192	187	186	191	189	191	165	145	190	189	186	183	186	189	189	188	187	187	187	187	187	189	183	185	186	189	188	142	177	183	183	178	180	186	186	190	201	181	184	185	187	186	177	182	182	184	173	151	186	183	184	180	186	186	183	186	186	186	186	184	184	177	183	185	183	174	141	177	180	180	174	178	182	183	183	181	181	184	192	193	178	184	183	189	144	146	168	165	159	160	165	168	168	168	168	168	168	165	159	171	171	162	135	171	171	171	168	172	172	174	174	174	174	176	171	167	169	169	186	141	168	168	161	166	167	165	167	166	167	168	165	163	167	170	141	144	167	162	158	166	165	165	166	163	162	157	157	160	160	121	151	157	152	184	154	154	145	153	150	145	151	157	140	123	146	146	134	135	119	106	111	111	121	116	97	59	79	60	63	101	96	113	141	158	81	90	88	86	65	60	52	72	74	83	44	39	54	72	64	55	35	46	61	94	118	64	59	48	83	76	48	57	65	47	43	59	88	105	115	125	123	116	110	108	103	95	91	69	102	126	26	25	26	31	31	35	37	40	39	44	44	45	43	85	129	48	52	52	59	62	69	76	80	103	148	108	115	133	118	139	148	191	217	218	218	218	218	216	216	216	216	216	215	220	219	216	216	216	216	215	215	215	215	216	216	216	216	214	214	214	214	215	214	214	212	212	214	214	215	215	214	214	212	214	214	214	214	212	212	212	212	214	214	214	214	212	212	212	213	214	213	213	213	213	213
246	246	246	246	246	246	246	246	247	246	246	247	249	250	250	251	252	252	252	253	252	252	252	252	251	251	251	251	252	252	252	251	249	250	249	249	250	250	250	249	252	252	254	252	252	252	252	254	254	254	244	223	208	206	213	200	212	215	200	181	209	231	220	192	206	227	230	225	213	185	170	178	179	191	202	214	197	184	215	234	237	235	234	232	208	175	205	225	222	217	209	205	198	195	193	146	150	163	177	187	196	208	217	220	219	191	172	208	225	227	228	227	228	228	227	227	228	195	178	215	223	221	218	218	214	211	206	202	199	197	199	185	155	167	174	171	172	175	178	181	185	188	197	200	211	222	173	21	7	123	136	142	152	149	166	219	188	129	124	131	131	130	135	205	219	146	132	128	129	132	134	133	126	125	126	121	122	124	126	127	126	120	122	122	120	123	123	121	113	117	110	95	71	53	75	57	30	27	30	28	24	25	22	18	19	14	70	152	105	65	62	55	53	47	40	35	34	23	62	185	117	46	25	23	38	41	37	70	90	118	170	188	187	199	178	160	191	188	185	185	186	185	185	185	183	183	196	205	156	186	180	179	180	180	180	180	180	182	180	203	218	217	217	219	178	163	182	196	194	193	191	191	190	190	188	187	187	206	204	76	43	48	49	50	48	48	48	48	49	48	44	104	220	184	199	203	194	187	185	187	186	151	91	179	183	181	180	179	190	211	139	52	134	133	132	133	133	134	133	130	134	200	215	207	215	209	195	200	191	191	188	182	186	188	188	186	185	185	185	185	185	186	182	182	188	188	188	172	170	185	182	185	179	182	185	185	183	183	183	184	186	187	187	184	181	187	187	189	187	204	191	191	192	190	181	192	193	156	148	174	197	161	120	130	112	104	130	164	154	139	126	134	147	162	170	183	193	192	190	190	190	190	188	188	189	188	183	191	186	189	178	155	190	189	190	196	199	192	189	192	190	190	192	192	192	192	187	186	192	192	198	171	149	192	190	187	183	187	192	192	190	192	192	193	193	192	192	186	195	195	195	193	154	187	187	190	186	187	189	189	192	201	184	184	184	184	181	171	179	180	179	165	143	180	180	180	171	178	183	183	180	181	183	183	186	184	177	183	187	187	180	143	186	186	186	178	184	189	189	189	187	184	184	190	193	171	178	178	184	152	149	161	162	158	159	165	168	168	168	169	169	171	168	165	172	174	171	139	179	180	177	171	175	174	174	175	172	172	174	166	164	171	175	185	143	168	170	161	171	173	173	176	178	172	172	165	163	166	166	133	142	167	164	158	169	169	169	172	174	171	163	160	166	165	124	148	156	151	188	167	169	145	134	148	154	161	162	141	129	151	146	148	164	128	126	145	127	116	125	96	94	106	78	64	103	121	95	132	170	117	93	92	103	78	58	48	60	68	44	51	56	61	86	57	52	48	62	93	95	79	47	50	68	49	33	53	58	69	83	57	50	48	45	42	48	59	81	97	110	113	116	113	101	123	150	72	57	41	29	30	35	35	35	38	40	40	41	38	79	129	46	50	50	52	58	60	65	67	95	139	91	102	136	140	136	144	190	219	217	217	217	217	216	216	216	216	216	215	220	219	216	216	216	216	215	215	215	215	215	215	215	215	214	214	214	214	215	214	214	212	214	214	214	214	214	214	212	212	214	214	214	212	214	214	212	212	214	214	214	214	214	214	214	214	214	214	213	213	212	211
246	246	247	246	246	246	246	246	247	247	248	247	249	250	250	251	252	252	252	253	252	251	251	252	251	251	251	252	251	252	252	251	250	249	250	250	250	250	249	250	252	252	252	252	252	254	254	254	254	254	227	207	206	208	214	193	188	212	203	191	218	229	213	192	197	199	188	183	198	185	178	207	232	236	242	230	195	189	223	229	228	226	220	213	202	174	168	177	178	178	187	198	206	209	192	167	202	222	231	229	230	229	230	232	223	189	174	214	226	225	225	225	224	221	216	212	209	192	165	175	178	176	173	170	173	173	176	182	190	196	201	187	164	191	210	214	220	222	223	225	227	229	225	228	226	220	172	21	8	121	136	146	150	151	169	219	189	137	131	136	129	130	135	204	217	146	128	125	127	128	130	131	128	130	133	130	128	122	127	126	126	120	124	121	121	121	119	113	113	117	111	99	87	70	103	72	30	19	17	20	19	22	22	23	21	15	74	171	85	17	20	20	20	21	23	24	23	23	60	194	120	48	27	18	19	43	61	49	39	65	160	185	185	202	181	157	186	183	183	182	183	182	182	182	182	183	197	208	157	186	179	179	179	177	179	179	179	180	177	204	218	217	218	219	182	165	185	198	196	193	193	193	190	190	190	188	189	208	205	79	47	51	51	53	50	50	50	50	52	51	49	107	220	184	199	202	194	187	187	188	187	151	97	181	182	182	181	180	190	210	140	65	138	136	136	137	137	137	135	135	137	201	214	208	215	209	194	197	191	191	189	182	188	188	188	188	185	186	188	188	188	188	185	183	192	188	191	177	173	188	188	189	183	185	191	191	190	190	192	193	192	195	193	190	190	196	196	196	194	203	197	197	199	196	189	171	157	149	120	134	155	119	101	91	76	109	143	172	176	138	119	121	151	148	185	190	198	195	195	195	196	196	195	195	194	192	188	192	189	192	180	155	186	184	187	198	199	190	189	192	194	192	191	190	192	192	186	186	190	190	195	168	149	189	186	187	183	184	189	189	186	189	189	190	190	190	190	183	189	192	193	192	145	184	189	192	186	189	192	192	195	202	195	193	192	192	189	180	185	188	188	174	151	184	183	180	172	178	180	180	180	181	183	183	181	180	172	178	181	180	174	139	180	183	184	177	183	189	192	192	192	193	193	196	198	177	190	184	186	149	149	167	167	159	159	165	165	165	165	168	168	168	162	162	173	171	168	144	179	182	183	179	184	183	180	178	177	177	177	169	164	169	171	185	142	168	169	161	170	171	173	175	178	178	181	175	172	174	175	142	149	168	164	161	169	169	169	171	172	172	169	169	174	174	133	157	162	157	186	163	134	115	108	120	159	165	168	157	140	160	149	148	157	145	155	146	144	143	138	124	130	154	117	68	120	153	151	121	110	114	100	93	99	75	75	48	66	66	48	79	90	51	91	67	40	45	50	71	71	73	40	62	62	61	78	72	127	104	91	84	77	75	75	72	68	50	42	44	44	44	62	86	96	129	159	98	95	82	70	50	33	31	31	35	37	38	40	38	80	129	43	49	50	53	56	59	65	67	95	138	86	92	112	115	131	142	189	218	217	217	217	217	216	216	216	216	216	215	220	219	216	216	216	216	215	215	215	215	215	215	215	215	214	214	214	214	215	214	214	212	212	212	214	214	214	212	212	212	212	212	212	212	214	214	212	212	212	212	212	212	212	212	212	212	212	212	212	212	213	212
246	246	246	246	246	246	248	247	247	247	247	247	249	251	249	249	253	252	252	252	252	252	252	252	251	251	251	251	251	251	252	252	249	249	250	250	250	250	249	249	252	252	252	252	253	254	253	254	254	249	218	209	205	196	205	191	213	230	198	191	216	212	206	186	156	176	209	237	219	184	199	227	234	230	229	221	197	186	201	196	188	179	176	183	200	167	169	204	219	229	233	231	234	226	189	177	217	230	229	228	229	230	229	227	217	189	174	199	200	191	185	179	176	173	173	170	182	194	155	162	188	200	211	217	221	223	226	228	227	230	220	184	180	218	221	221	223	223	223	223	220	223	220	222	220	223	174	21	5	126	136	145	146	145	166	219	185	132	135	130	129	133	138	204	216	146	132	131	130	125	127	133	131	131	135	129	131	128	126	126	127	120	124	120	123	125	123	119	117	116	110	98	87	81	122	81	37	27	24	25	23	25	23	21	22	15	76	180	91	29	22	25	25	26	26	26	25	25	65	199	123	47	40	31	19	22	40	38	23	65	170	186	187	205	182	157	188	185	183	183	182	182	182	182	180	183	199	211	160	187	180	180	177	177	179	179	177	177	177	204	218	218	218	220	182	167	186	198	197	196	194	193	193	190	190	190	191	208	206	88	58	61	62	62	60	60	61	61	61	60	57	115	221	184	199	203	194	188	187	188	187	151	103	183	182	182	181	180	191	211	140	77	141	139	140	140	140	138	137	138	140	201	214	208	215	212	196	200	192	191	189	182	188	188	188	188	188	188	188	188	188	188	182	182	188	188	189	171	168	188	186	188	182	182	185	186	184	186	186	187	186	187	187	184	181	187	187	189	185	203	200	197	194	193	183	141	111	123	113	73	107	123	119	73	44	91	103	171	196	162	127	104	124	176	192	190	197	196	196	196	196	196	196	195	197	194	189	194	192	196	187	161	198	196	196	199	199	196	199	196	197	198	199	199	197	196	192	192	198	198	199	174	154	193	193	192	186	189	192	192	193	193	192	192	192	192	192	186	195	195	195	192	147	184	186	186	181	181	184	184	187	199	184	187	184	186	186	177	185	187	185	173	152	187	186	184	177	183	184	186	186	186	186	187	187	186	178	183	186	186	184	152	184	186	186	175	181	186	186	186	184	186	186	190	193	175	187	187	192	153	148	162	161	156	157	163	165	165	165	168	168	171	168	165	169	172	169	138	174	177	176	171	177	178	178	180	178	178	181	172	169	178	179	188	150	175	176	167	174	174	174	174	175	172	174	168	166	172	178	147	152	177	173	168	175	174	175	175	175	172	166	165	168	171	135	163	169	162	188	167	141	131	80	108	127	126	158	152	142	164	155	157	162	159	170	166	154	144	106	125	122	123	120	83	82	95	94	78	145	132	89	75	76	61	54	39	49	48	61	74	106	43	45	76	43	49	67	46	66	57	58	77	72	51	124	93	121	126	112	100	90	95	101	96	98	80	68	66	66	60	45	33	28	90	147	93	107	100	92	86	75	50	31	33	32	32	36	35	77	127	40	43	47	50	52	54	54	58	95	138	79	90	101	111	130	143	190	218	217	217	217	217	216	216	216	216	216	215	220	219	216	216	216	216	215	215	215	215	215	215	215	215	214	214	214	214	215	214	214	212	212	212	212	212	212	212	212	212	212	212	212	212	214	214	212	212	213	213	214	214	215	214	212	212	211	211	211	210	208	208
247	246	246	246	246	247	247	247	249	248	248	249	250	251	252	252	252	252	252	252	252	252	252	252	252	252	252	252	251	252	252	252	251	251	252	252	251	251	251	251	251	253	253	254	254	254	253	254	254	248	220	209	202	191	202	197	214	225	201	180	192	204	208	189	196	228	241	237	215	183	202	222	217	208	196	197	196	158	165	187	207	219	231	234	205	177	203	227	233	233	232	232	231	223	187	182	214	222	215	208	201	192	182	176	184	191	145	154	173	185	195	203	209	213	219	226	223	193	174	208	224	227	227	226	226	226	226	224	222	224	215	181	183	215	216	218	218	216	213	213	213	211	210	205	207	219	184	143	123	148	131	147	145	142	163	220	186	129	135	130	125	130	131	201	216	146	129	131	129	126	132	138	131	131	131	128	131	130	124	125	124	121	121	116	113	118	119	119	117	115	108	99	93	83	129	86	43	31	26	27	24	24	25	24	22	18	80	181	92	29	23	24	26	24	25	26	25	17	62	200	120	45	28	22	31	23	17	18	21	70	137	181	187	205	184	158	186	183	183	182	182	182	183	183	182	181	199	211	161	187	178	178	177	176	176	177	175	178	176	205	218	218	218	220	182	168	185	198	198	196	196	194	193	191	191	190	191	206	202	95	69	73	75	76	73	73	75	76	75	72	69	124	221	184	200	205	196	187	187	190	187	150	106	184	183	181	180	180	191	211	140	86	141	141	141	141	141	141	141	141	142	200	214	208	215	209	195	200	195	193	190	185	189	191	191	191	190	189	188	187	190	190	186	185	191	191	191	173	169	183	185	187	182	183	186	185	185	186	188	189	189	190	189	186	183	189	188	188	188	205	191	194	196	188	160	98	56	100	128	122	102	185	156	97	64	67	56	116	139	98	127	146	157	197	197	192	200	200	196	201	199	196	199	196	195	194	190	196	195	198	186	162	195	197	195	200	202	196	195	196	200	198	198	197	199	197	192	191	198	196	200	172	145	195	189	189	184	187	193	192	193	192	192	192	193	193	192	184	192	192	192	189	146	182	184	184	180	181	186	187	189	204	185	186	186	189	189	180	186	186	186	174	155	191	190	189	181	187	189	189	189	191	191	191	189	189	181	186	190	188	183	149	181	183	184	175	183	186	186	184	186	186	185	192	196	180	186	184	189	149	144	159	154	152	155	163	161	161	164	164	164	169	164	160	168	169	165	141	178	181	180	174	180	178	178	178	181	181	183	175	174	181	181	187	154	177	174	168	174	176	177	178	178	178	178	172	171	177	181	153	156	177	171	168	178	177	175	174	175	175	169	168	175	172	133	160	168	160	192	171	162	107	70	109	137	116	148	160	147	172	161	158	127	127	131	150	146	148	115	111	117	86	95	73	50	55	94	93	113	96	121	87	92	86	67	42	45	45	63	51	51	44	75	86	76	60	69	86	64	66	86	70	120	108	126	127	120	104	82	97	97	110	118	114	119	97	86	89	90	90	79	64	53	99	127	29	44	74	97	101	94	79	63	38	31	34	37	34	78	126	39	46	44	47	49	51	55	55	91	134	73	85	95	107	132	147	190	218	217	216	216	216	216	216	216	215	215	215	218	220	215	215	216	216	214	214	213	213	214	213	216	214	213	213	213	213	213	212	212	212	211	212	212	213	215	213	213	213	213	213	213	213	213	212	210	210	210	207	204	201	201	203	201	201	202	202	203	204	203	203
246	246	246	246	249	247	247	248	250	251	251	251	250	252	252	252	252	252	252	252	251	252	252	252	252	252	252	252	252	252	252	252	253	252	252	252	253	253	253	253	252	252	252	255	254	253	255	253	254	247	218	209	202	203	209	193	202	206	198	182	213	234	219	192	206	229	232	224	209	182	167	174	180	189	203	212	193	179	216	235	238	237	235	231	204	175	207	225	226	223	218	210	206	200	186	154	164	167	167	174	179	186	197	207	210	188	166	202	222	230	230	230	230	230	230	229	223	195	183	211	223	223	223	223	221	221	218	218	215	210	207	181	168	191	188	188	182	181	179	179	176	176	181	179	194	218	185	166	176	167	126	145	146	144	162	220	182	133	139	143	134	132	130	203	218	146	123	128	127	124	127	132	126	126	127	119	125	125	126	128	127	123	124	118	117	118	117	115	116	116	108	100	99	95	133	91	48	33	28	26	26	24	24	22	22	19	85	183	95	32	25	25	26	26	26	26	27	20	64	201	124	52	23	10	14	19	18	18	28	114	170	189	186	205	187	160	185	183	183	182	182	182	182	182	182	181	199	211	159	186	175	176	177	177	176	176	174	175	176	204	218	217	217	220	185	169	184	200	199	197	196	196	194	193	191	190	192	205	206	100	74	76	75	75	73	72	70	69	68	65	60	119	221	185	200	205	197	187	184	190	187	148	107	183	182	182	182	179	191	212	142	96	141	141	143	141	141	141	143	141	143	202	215	211	216	211	193	199	193	190	187	182	188	188	188	188	188	190	190	190	190	190	185	184	188	190	190	175	172	185	187	187	181	184	187	187	187	187	189	189	189	188	191	185	183	189	189	189	185	206	196	199	197	196	157	133	76	128	141	135	99	129	148	59	49	70	58	82	109	105	91	106	183	196	187	193	201	195	197	200	197	199	201	198	197	196	191	197	196	199	189	166	195	197	192	201	204	198	196	198	196	196	196	196	196	194	191	191	197	195	197	167	145	194	191	192	186	189	192	192	192	191	191	191	189	192	190	183	192	192	190	188	152	185	187	190	181	183	189	192	194	203	191	191	189	192	192	183	189	190	192	181	156	190	190	189	183	189	192	189	191	192	192	191	191	191	183	188	190	189	183	148	183	186	186	177	186	187	186	187	186	189	190	195	198	181	190	187	191	146	137	158	158	153	154	160	158	161	161	161	163	164	161	158	166	169	165	142	180	181	179	174	181	181	183	184	181	181	183	178	175	180	180	189	156	178	177	171	175	178	178	175	175	177	178	172	172	178	181	154	160	178	174	171	178	178	180	178	177	178	174	171	175	174	136	165	171	163	192	172	171	160	149	143	134	163	165	158	149	168	154	158	160	115	104	94	84	151	114	103	105	123	124	58	35	37	109	81	87	125	140	101	89	106	83	58	34	32	60	40	36	46	91	72	105	118	76	84	63	46	81	79	88	107	121	128	110	111	94	109	121	126	130	125	131	110	99	110	113	114	99	78	69	108	142	58	48	30	30	51	84	91	79	61	38	31	36	35	76	128	40	46	47	50	52	55	60	62	95	134	81	92	103	114	133	133	176	211	212	215	215	215	217	215	217	220	217	219	220	220	214	214	214	214	214	214	214	214	212	218	213	212	211	211	211	211	213	213	210	210	213	213	213	213	211	209	206	205	205	204	201	198	195	195	194	192	194	194	195	194	197	198	198	201	201	202	201	197	195	189
246	246	246	246	246	247	247	247	250	251	250	250	252	252	252	252	252	252	252	252	252	252	252	252	252	252	252	253	252	252	252	252	252	252	252	252	252	252	252	252	254	254	252	248	245	247	253	253	254	248	215	206	202	199	208	187	189	213	199	194	221	228	212	191	200	201	190	181	194	184	172	207	234	237	243	227	194	191	222	231	229	229	226	221	201	175	187	191	186	179	178	183	185	196	189	156	186	212	223	226	229	232	232	231	223	188	175	215	227	227	227	228	226	226	226	223	218	194	175	203	205	202	197	193	187	182	178	173	173	169	191	184	145	167	180	191	197	202	206	209	216	219	222	225	222	221	169	28	36	128	127	145	146	149	168	220	179	137	143	150	134	135	133	203	217	149	135	140	132	135	131	135	131	129	126	119	119	121	122	118	122	120	120	119	120	119	118	115	116	115	109	102	108	104	139	92	51	36	32	32	30	26	25	24	25	20	86	185	96	33	26	26	28	27	27	25	26	21	65	202	124	55	26	16	18	18	21	23	35	155	192	187	185	205	187	163	185	183	180	182	182	182	182	180	182	181	199	211	157	186	176	175	176	176	176	176	174	175	176	205	218	217	217	220	185	169	185	200	199	196	196	194	194	193	191	190	189	207	205	68	24	27	26	24	22	21	21	20	21	20	16	90	223	187	202	205	196	187	184	188	186	147	107	183	183	180	180	179	191	212	148	108	144	141	143	144	144	144	143	144	146	204	211	208	214	211	187	198	193	190	185	179	188	188	188	188	187	187	190	190	188	188	185	184	188	190	190	172	166	184	185	185	181	182	185	187	187	187	186	186	188	186	189	183	183	189	189	189	187	195	187	200	192	156	96	96	126	183	187	159	118	91	57	49	34	41	63	52	78	65	74	86	134	134	156	191	198	193	200	193	194	198	198	202	201	200	194	198	195	196	186	165	194	194	194	200	202	196	195	196	195	195	195	195	195	195	191	189	194	192	194	167	151	187	189	192	183	187	192	192	191	191	192	194	194	195	193	186	192	193	195	193	158	192	193	195	189	192	196	198	198	203	191	194	195	195	195	187	192	192	192	180	160	192	190	189	180	187	190	189	188	189	191	189	189	189	182	186	192	191	183	146	183	186	186	178	186	189	189	189	192	189	190	196	198	181	190	190	192	153	136	152	154	151	151	156	155	156	158	157	158	158	155	155	163	160	157	139	184	186	184	181	187	186	186	186	187	186	186	180	178	183	181	187	154	181	180	169	175	181	180	178	180	180	181	174	174	180	181	151	156	181	178	172	183	180	178	178	178	180	175	172	178	178	141	166	172	165	190	177	172	149	110	84	121	151	167	160	159	176	174	165	167	147	137	121	91	114	83	85	96	140	121	92	51	119	132	98	106	123	127	106	82	109	52	26	53	64	55	50	41	29	43	53	111	108	71	86	60	48	44	74	116	118	110	136	114	103	117	113	126	138	142	140	140	125	117	126	129	121	108	90	82	116	150	79	70	64	54	33	24	49	86	82	56	37	36	38	78	129	40	47	45	47	50	51	55	56	92	136	79	91	106	119	131	133	169	206	203	205	203	199	198	198	198	198	197	200	204	207	201	205	207	208	208	210	211	213	209	203	206	211	211	211	209	209	208	208	205	204	203	202	197	196	195	193	192	189	193	194	194	194	194	192	192	192	192	189	186	185	183	179	174	174	171	168	168	171	173	177
246	246	246	246	246	246	247	249	250	250	250	251	251	250	252	252	252	252	252	252	252	252	252	252	252	252	252	251	252	252	252	252	252	252	252	252	254	254	253	253	234	234	246	233	235	217	233	253	255	243	212	204	200	187	204	192	213	225	197	192	216	212	200	184	153	176	206	232	215	184	202	228	232	231	233	220	192	191	214	208	198	189	180	177	198	166	160	185	205	215	225	229	233	223	184	181	215	227	229	228	226	228	228	228	219	188	174	214	219	212	209	206	200	194	186	181	184	196	154	149	164	175	182	185	194	200	206	210	215	217	213	181	174	215	226	227	227	226	226	226	227	226	223	225	220	220	160	9	6	125	133	154	149	155	175	220	179	130	136	147	132	136	136	204	218	149	128	129	139	138	135	132	130	131	131	125	122	123	121	118	118	122	121	118	118	117	116	112	114	116	111	105	108	107	143	93	52	36	32	33	33	30	26	25	28	21	89	186	97	34	28	27	29	29	26	25	24	24	69	203	126	59	34	19	25	20	23	25	20	77	117	181	187	205	187	163	184	180	182	180	180	180	180	180	181	179	199	211	157	187	178	176	176	176	176	175	175	175	173	204	219	217	217	219	182	168	186	200	197	196	196	196	194	193	191	190	191	205	203	73	15	18	17	12	13	13	16	16	14	14	10	88	226	187	202	205	196	187	184	187	185	147	107	183	181	182	180	179	191	212	153	120	145	144	144	147	146	146	145	145	148	200	216	210	216	209	190	197	187	187	182	178	184	185	185	184	184	184	184	184	184	184	182	182	187	187	187	169	170	182	181	181	179	179	182	181	183	184	183	183	185	185	186	182	180	186	184	185	190	174	151	166	192	175	106	98	115	172	193	155	107	113	98	78	57	48	45	41	52	48	91	86	107	93	144	180	184	194	197	178	183	192	197	196	198	195	192	197	195	196	187	171	197	197	198	200	202	198	196	196	196	196	198	196	197	197	194	191	197	197	198	169	151	191	189	191	184	187	192	192	192	193	191	191	190	192	192	184	193	193	195	192	148	187	192	195	189	190	195	194	194	206	192	194	195	195	192	186	193	195	195	183	158	189	189	190	183	189	190	189	191	191	189	188	188	189	182	187	189	188	185	149	186	184	184	177	184	187	189	189	189	190	189	193	196	180	190	189	195	137	89	98	101	103	106	108	112	117	120	123	126	132	132	132	145	145	139	143	186	186	184	180	186	186	186	187	184	184	184	178	177	181	181	187	154	178	178	168	175	181	181	180	181	181	183	175	175	181	183	159	160	183	180	174	181	181	181	181	181	181	177	172	181	183	145	169	174	163	192	176	182	152	148	137	156	114	156	161	118	133	181	177	177	159	143	123	101	71	53	67	55	132	153	149	117	138	170	156	114	72	99	121	110	90	85	71	51	66	48	60	50	39	28	34	69	95	127	92	83	116	111	83	84	137	146	91	40	48	108	117	116	153	155	146	150	134	125	134	135	126	118	97	93	123	156	91	85	76	76	63	51	28	21	65	73	41	38	37	75	135	49	53	59	65	70	73	71	84	102	137	88	104	116	123	130	150	169	204	203	203	203	204	205	203	203	204	205	208	211	206	202	203	200	195	193	192	192	192	186	186	202	198	199	199	197	196	195	195	194	194	194	195	195	195	193	192	191	190	187	187	185	184	183	183	183	183	183	186	186	183	180	180	184	183	178	175	166	157	145	136
248	248	248	249	249	249	249	249	250	250	250	253	252	249	252	252	252	252	252	252	252	252	252	252	252	252	251	251	252	252	252	252	252	252	254	254	254	254	253	254	214	190	220	251	236	196	184	235	230	216	209	203	196	190	204	194	219	224	200	179	186	201	207	185	193	228	242	238	212	185	205	222	219	215	203	200	191	154	165	178	194	204	216	223	204	175	199	227	232	232	232	231	233	224	187	182	218	224	223	217	215	210	204	200	196	187	150	160	166	170	173	176	180	184	191	197	202	194	170	195	220	225	228	228	228	228	228	228	226	226	214	179	182	217	219	221	221	220	220	220	221	223	218	223	218	224	161	7	9	130	133	155	148	140	166	220	178	125	130	142	126	125	129	204	218	149	129	131	135	127	130	135	121	122	125	120	121	126	127	127	124	126	127	126	123	123	121	117	115	114	111	103	104	102	145	95	51	35	33	34	32	31	27	27	31	21	91	186	96	36	31	29	31	30	27	24	24	25	72	204	127	61	37	27	29	25	21	18	27	27	71	173	190	205	190	163	183	180	180	180	180	182	182	182	181	178	200	211	159	188	180	176	175	175	175	175	174	173	176	207	219	218	218	220	184	171	186	202	199	197	196	196	193	193	193	190	190	208	206	73	18	23	17	5	6	5	6	6	6	6	0	84	226	185	200	202	196	185	185	188	186	148	104	182	180	180	180	178	190	211	156	114	136	133	133	136	136	135	136	134	134	174	200	185	178	170	178	195	182	184	181	177	181	183	182	182	182	182	182	182	184	184	181	181	187	187	185	169	164	175	175	177	172	172	175	177	176	177	178	180	180	180	180	176	175	180	179	179	181	157	105	152	175	160	107	97	120	155	147	115	87	77	76	96	78	46	26	42	40	70	133	116	74	88	149	172	176	180	176	166	178	167	193	192	191	191	187	192	189	192	186	168	200	200	200	203	204	198	199	201	199	198	198	197	198	196	193	190	197	197	200	171	149	193	192	191	186	189	195	194	191	191	192	192	191	191	191	185	191	192	192	191	157	192	192	192	187	189	193	195	195	206	194	195	195	193	192	186	192	193	195	181	160	189	186	186	177	184	187	188	188	189	192	192	191	190	183	188	194	191	184	151	186	186	185	179	186	189	190	191	191	189	189	195	202	182	189	189	190	176	140	103	100	100	99	95	95	94	92	89	90	88	87	83	87	81	87	141	184	185	186	181	186	187	187	187	186	184	187	180	181	186	184	189	151	180	181	171	178	181	181	181	181	181	183	177	178	184	183	153	160	184	178	172	181	183	184	183	184	184	178	175	181	184	139	166	175	164	193	175	175	174	180	177	122	95	126	170	136	124	142	132	163	168	134	91	62	54	75	62	47	94	140	138	140	144	155	162	158	93	65	90	142	105	91	43	44	46	32	60	51	54	40	29	68	118	82	123	145	135	127	98	114	150	170	112	89	35	95	153	154	160	164	158	160	146	140	145	145	134	127	109	107	128	154	101	95	92	89	74	66	55	35	13	48	41	33	29	70	146	82	92	101	105	114	117	112	118	115	144	110	119	146	151	143	158	169	211	211	206	203	206	205	202	200	202	191	187	194	206	206	205	204	202	200	199	198	196	196	195	197	194	196	196	193	192	193	193	192	189	188	186	184	184	185	187	189	191	195	195	195	193	190	185	179	170	159	146	131	115	103	105	98	91	88	89	89	90	95	101
250	250	250	250	250	251	251	251	250	250	251	252	252	252	252	252	252	252	252	252	252	252	252	252	252	252	252	252	252	252	254	252	252	252	254	254	253	253	254	253	247	248	249	255	191	143	200	245	190	182	207	202	198	203	209	195	197	201	200	182	212	236	221	185	205	228	229	228	207	181	178	180	181	182	191	202	191	175	210	232	237	237	237	233	200	179	205	227	228	227	225	224	219	211	186	167	183	182	176	174	173	175	179	180	193	186	155	180	207	220	221	227	229	230	232	231	224	194	177	210	225	226	226	226	225	224	223	223	223	224	213	176	184	217	216	216	213	214	210	208	203	197	196	180	192	224	160	36	56	139	133	150	137	126	157	223	173	129	134	137	127	128	138	204	218	148	131	132	133	132	133	134	128	131	133	128	125	128	126	128	128	120	118	125	124	125	125	123	120	117	113	103	111	107	147	95	54	37	36	34	34	30	28	33	33	26	96	189	97	38	33	34	34	33	31	30	29	26	74	207	124	55	30	20	22	28	23	21	49	65	63	142	184	205	190	160	185	181	180	180	180	180	180	180	179	178	202	211	162	190	181	181	178	176	176	176	175	176	176	203	220	218	220	221	186	175	187	199	199	197	196	194	194	193	191	190	188	208	204	107	66	77	80	75	79	81	81	84	90	93	96	145	223	182	199	205	196	182	184	185	186	151	104	180	177	177	177	174	189	206	198	182	184	185	188	189	188	189	191	191	189	208	213	210	212	208	191	196	184	184	181	176	182	183	184	184	181	182	184	184	184	184	181	179	184	185	187	172	165	177	177	177	171	174	178	180	176	177	177	178	177	177	177	174	173	179	180	179	179	192	155	180	144	120	103	50	88	109	91	78	70	76	70	70	67	63	54	59	91	97	83	125	121	130	134	134	143	123	122	114	142	181	195	195	195	195	189	195	195	196	186	168	200	197	198	206	205	197	197	200	200	200	198	198	198	197	194	191	198	198	201	173	153	190	189	190	183	186	192	191	189	191	191	191	191	191	189	183	192	192	191	188	145	186	189	190	183	184	187	189	193	203	186	191	192	190	189	183	192	190	192	181	155	187	186	187	179	187	190	190	189	189	190	192	192	190	183	186	190	189	184	148	186	187	182	176	184	187	187	187	187	190	190	193	197	182	189	189	190	184	176	177	178	180	180	178	176	174	172	170	168	165	162	153	134	86	75	144	184	184	186	181	189	187	186	186	187	187	189	183	180	184	184	190	155	180	181	175	181	183	183	183	181	180	181	175	177	181	183	157	160	184	180	175	184	184	184	184	186	186	178	178	183	184	147	172	177	167	191	179	178	176	177	176	134	113	125	106	139	137	149	87	109	151	156	123	86	59	35	57	67	80	93	126	121	162	135	175	184	139	85	92	104	79	67	64	51	66	92	89	64	74	113	76	100	97	144	169	154	143	113	84	116	135	149	124	41	73	139	147	159	167	167	158	161	149	149	152	154	146	139	121	114	133	157	109	102	107	100	86	78	66	60	27	15	40	40	40	79	136	67	76	76	79	85	93	98	103	114	155	128	130	189	210	153	192	179	211	205	205	202	202	200	202	200	199	199	199	199	196	196	197	196	194	197	194	191	191	191	191	188	184	183	184	185	189	190	191	192	192	191	190	185	179	174	165	152	145	130	120	108	101	94	87	87	84	86	91	100	88	72	116	122	124	130	134	135	137	140	143
250	250	251	251	251	250	251	250	250	250	252	252	252	252	252	252	252	252	252	252	252	252	252	252	252	252	252	252	252	254	254	252	252	252	252	254	253	253	254	254	253	248	249	251	201	129	145	177	185	191	205	200	198	201	207	180	187	215	196	194	221	228	211	186	203	207	191	183	198	176	166	199	227	236	243	226	191	189	222	233	229	230	227	223	199	172	196	204	198	191	184	182	180	187	189	150	168	189	203	213	219	224	227	230	222	186	172	214	228	230	227	228	230	228	227	228	221	190	181	212	219	220	220	220	217	214	210	205	199	189	197	180	148	142	139	131	115	103	95	87	73	67	89	49	114	231	149	68	92	151	136	154	147	155	174	218	170	130	132	128	127	130	141	201	217	148	128	129	133	129	129	133	128	129	131	127	130	131	130	135	133	132	132	130	130	131	128	123	121	120	119	109	110	107	148	98	56	40	36	36	36	34	31	33	35	28	96	190	93	38	31	32	31	29	29	29	31	24	75	207	124	57	26	19	24	33	32	22	46	99	135	154	181	206	184	157	179	177	178	178	178	178	178	178	176	176	199	211	159	190	180	178	176	175	175	175	172	173	175	208	220	218	220	221	189	172	183	199	197	196	196	194	193	193	190	190	188	208	206	212	214	216	217	216	216	218	221	221	218	220	218	218	214	193	203	206	202	197	199	199	199	187	166	199	196	196	196	195	202	200	203	208	207	207	204	204	206	205	203	202	202	216	214	216	218	208	188	198	187	184	181	178	183	183	183	184	184	184	184	184	182	182	179	178	184	185	185	169	165	177	175	177	172	174	177	177	179	180	178	178	180	183	181	178	179	185	182	182	181	203	203	204	189	140	109	82	68	66	57	61	46	56	37	71	88	92	106	60	87	97	58	105	112	146	164	143	109	110	135	94	143	195	197	194	195	195	190	195	190	195	189	174	200	197	197	201	204	197	198	197	198	197	197	197	197	197	192	191	198	198	200	171	158	192	187	189	185	186	189	188	188	188	188	188	188	188	185	179	186	186	189	186	140	181	187	189	180	181	187	189	194	204	188	191	187	189	192	184	189	192	192	181	156	187	186	186	179	187	188	188	188	189	190	192	193	192	183	189	191	189	187	155	182	183	182	177	184	186	187	187	187	187	186	196	198	180	191	191	193	188	198	198	199	202	205	203	203	203	202	202	202	200	196	197	192	145	57	80	190	186	184	178	184	184	184	187	186	184	186	180	180	184	184	190	158	183	181	174	181	183	184	184	184	184	184	178	178	181	184	162	168	187	181	177	186	184	184	184	184	186	177	177	183	186	142	168	176	167	191	180	178	177	178	183	161	130	166	143	112	134	161	80	92	136	119	133	143	50	28	43	62	74	102	115	129	160	138	124	126	80	62	83	117	75	95	55	51	79	101	90	42	89	157	152	105	131	179	156	111	103	127	127	91	78	99	124	112	158	162	158	167	170	170	164	164	158	158	155	161	154	150	124	121	139	163	123	111	114	105	93	90	81	70	43	6	40	43	43	82	131	52	56	61	67	76	89	101	114	137	179	177	163	190	201	147	200	182	205	202	202	202	200	200	199	196	196	194	193	191	190	187	184	182	184	182	184	187	190	193	194	189	183	179	173	164	156	146	136	124	115	104	96	90	89	91	91	93	97	99	103	111	117	119	125	128	130	133	136	140	120	91	147	144	144	144	144	145	146	146	147
250	249	250	250	250	250	250	250	251	252	252	250	250	252	252	252	252	252	252	252	252	252	252	252	252	251	251	252	253	252	252	252	253	253	252	253	254	254	254	254	250	207	191	195	158	136	156	117	192	228	205	200	195	185	201	192	217	224	196	197	212	209	202	174	155	177	202	227	210	181	202	226	235	233	230	215	188	192	216	217	207	201	192	189	197	159	158	176	191	199	209	217	223	221	183	177	212	228	231	229	227	229	228	230	219	183	179	217	227	227	226	226	224	224	220	215	212	192	167	174	171	162	147	133	118	109	92	77	64	52	88	114	67	33	48	54	51	58	36	31	72	95	123	109	159	224	169	147	160	179	140	159	152	150	172	222	170	130	135	131	128	133	138	201	217	148	131	132	135	131	131	133	130	129	130	122	124	129	128	133	135	121	126	132	127	130	128	121	123	119	114	103	109	105	148	98	57	42	38	39	38	36	36	36	36	29	98	190	87	33	28	31	29	30	32	34	35	29	85	208	124	55	23	21	29	28	28	17	25	78	132	160	178	203	200	193	200	200	202	203	208	207	207	209	209	206	209	209	168	190	187	188	190	190	188	188	190	191	193	211	220	218	220	221	186	187	203	206	208	208	208	208	211	211	209	208	208	209	208	214	211	213	214	214	214	215	215	215	217	217	214	214	214	214	220	220	220	220	220	220	219	219	225	219	220	219	216	214	210	210	216	216	217	216	216	215	214	214	214	215	215	215	215	214	218	210	192	194	184	184	179	176	180	180	180	181	181	181	181	181	181	181	178	178	185	185	184	169	165	176	174	178	174	174	180	180	179	180	180	181	181	183	183	178	179	185	183	185	182	205	195	201	198	177	179	152	95	53	25	50	41	61	48	40	69	60	28	25	55	115	93	111	123	110	154	145	96	126	125	100	166	189	192	191	192	190	186	192	192	195	180	160	197	195	197	201	203	195	195	194	194	194	194	194	195	195	192	192	194	195	198	173	152	189	186	187	182	184	188	188	188	188	188	188	188	191	188	179	188	191	192	189	148	186	189	187	183	184	189	189	192	203	189	188	190	192	192	181	187	190	190	175	155	186	184	186	176	184	187	187	186	187	189	189	186	184	178	184	189	184	181	152	182	182	182	176	183	184	184	186	187	186	186	193	198	179	192	194	194	187	200	196	204	208	208	206	208	207	206	205	206	203	208	205	203	169	81	89	189	186	186	181	187	187	187	187	187	187	189	181	183	187	184	191	155	181	181	174	181	183	184	184	184	184	181	175	175	184	187	162	163	186	180	172	183	183	184	184	184	186	178	178	186	190	144	168	176	165	190	178	181	178	178	180	174	176	185	169	90	107	119	112	163	180	131	126	113	60	99	87	69	85	85	90	128	174	142	93	121	93	112	73	49	75	102	57	63	79	97	63	55	157	178	132	93	149	163	116	64	73	127	128	119	168	164	150	169	174	162	170	170	176	173	164	167	158	158	164	162	159	162	133	126	142	167	135	118	124	113	100	99	98	81	51	19	46	51	51	87	138	64	74	83	98	110	120	143	160	159	191	208	173	185	199	147	193	178	199	193	188	184	181	181	184	184	181	182	182	185	187	184	184	179	172	165	153	141	132	121	115	107	77	73	97	94	92	99	105	113	117	121	127	132	133	138	136	137	140	139	141	142	143	145	143	140	143	142	141	144	125	96	148	143	149	150	149	147	149	152	152
249	249	251	251	251	250	250	251	251	252	252	252	252	252	252	252	252	252	252	252	252	252	252	252	252	252	252	252	253	252	252	251	251	253	253	253	253	254	253	254	245	199	197	157	191	188	151	97	134	186	206	202	195	194	204	195	217	221	197	176	188	203	211	180	195	228	241	239	210	184	202	222	223	218	206	206	192	165	174	178	185	193	201	211	199	170	196	221	231	233	234	234	235	219	184	184	218	222	226	224	226	223	223	222	212	183	166	192	191	179	167	152	138	127	107	91	100	149	105	46	32	45	39	45	42	21	30	67	81	90	103	115	129	139	153	122	131	155	121	109	149	170	178	173	193	219	182	179	169	186	153	165	155	152	177	220	167	130	136	137	135	135	137	203	219	148	128	129	133	134	134	134	133	132	129	123	126	128	131	131	127	125	131	125	119	125	126	121	122	120	117	108	111	108	146	96	58	41	37	39	38	37	31	31	34	24	97	194	137	116	123	133	140	146	155	161	165	173	181	204	132	77	57	63	67	73	82	88	98	115	137	168	188	203	205	209	209	210	210	211	210	210	210	207	208	209	211	208	208	213	213	214	215	215	216	218	217	217	214	215	222	223	225	225	209	212	222	223	224	225	224	222	222	222	219	216	213	213	216	216	215	215	212	212	210	208	207	207	203	196	194	189	187	184	184	187	183	184	180	179	171	168	170	166	161	155	154	149	144	142	140	143	142	139	137	134	131	130	130	127	130	204	216	213	216	209	190	194	181	181	176	171	176	178	179	179	177	178	178	179	181	180	177	176	180	183	183	163	161	171	170	169	166	168	173	174	174	175	176	177	177	177	178	174	173	181	182	182	179	204	192	188	169	151	116	85	81	55	49	69	78	67	40	30	51	59	42	46	46	56	82	120	105	123	130	114	118	108	72	68	155	181	187	186	179	177	178	186	182	185	180	168	199	196	195	203	203	194	195	197	198	197	196	196	197	196	191	191	194	197	200	174	156	192	190	190	183	187	192	191	190	190	189	188	185	187	185	179	188	189	189	186	146	185	187	188	183	183	188	188	192	202	187	190	189	190	189	181	189	189	190	181	151	184	184	182	174	181	184	182	182	183	185	185	186	184	177	183	183	183	181	153	183	185	186	180	183	186	187	187	186	187	187	193	197	178	187	187	188	187	204	165	192	200	200	200	200	200	202	203	203	202	204	187	203	167	84	87	189	183	183	178	187	187	187	187	189	187	187	183	179	188	188	187	155	183	179	175	181	184	184	181	183	184	187	181	180	184	187	165	162	187	183	175	187	185	184	184	186	187	180	180	184	184	144	171	176	170	194	179	177	178	179	181	172	178	180	177	140	161	126	152	182	178	169	141	72	75	131	91	91	115	112	88	68	144	153	103	51	69	127	132	37	54	85	83	88	84	59	51	129	122	117	115	170	160	145	128	55	53	83	79	104	169	162	175	176	177	171	173	173	177	176	171	170	161	164	164	171	168	168	138	136	151	170	141	126	130	124	109	112	109	91	64	42	53	57	59	92	144	84	100	116	131	144	153	202	208	186	193	206	196	193	182	145	175	161	162	176	180	181	176	171	166	157	146	135	123	111	103	97	98	95	96	100	98	103	115	114	119	129	101	99	141	139	140	143	143	144	147	148	146	145	147	148	145	142	143	144	144	144	143	143	147	145	143	141	145	148	125	96	150	147	146	148	148	148	148	151	149
250	249	250	251	251	251	251	251	250	249	250	252	252	252	252	252	252	252	252	252	252	252	251	252	252	252	252	254	250	252	253	251	241	234	252	252	253	254	252	254	227	200	192	162	176	202	140	92	113	187	201	198	197	206	203	192	193	198	194	182	215	234	214	185	209	227	231	225	206	178	185	186	180	182	187	198	189	170	201	226	234	237	237	234	196	173	207	229	231	230	231	227	224	216	180	179	207	210	201	186	172	157	141	123	138	157	98	55	48	52	37	38	40	25	26	52	74	91	103	119	133	139	95	155	150	98	106	168	180	180	183	184	185	184	190	151	159	180	181	180	178	182	188	180	194	219	187	177	148	186	161	172	163	160	180	222	166	125	136	134	135	133	136	202	218	147	125	129	131	124	125	133	126	126	131	124	125	128	132	131	131	134	131	131	125	127	127	123	124	119	116	107	115	115	148	91	56	44	43	48	51	60	63	69	77	81	133	189	191	194	195	196	196	196	197	199	198	198	197	196	189	192	196	198	201	204	206	209	214	215	211	213	212	214	215	218	218	218	218	221	220	220	220	220	219	209	209	210	211	209	210	210	204	200	194	194	188	181	181	173	168	162	159	159	157	152	152	152	150	144	138	138	131	124	123	117	111	111	113	119	116	115	115	113	103	102	102	100	104	104	101	99	97	101	105	106	106	106	103	103	103	97	97	109	108	106	112	103	97	109	109	106	108	99	95	105	113	110	110	107	92	199	215	212	215	208	187	189	178	177	172	169	176	176	176	176	176	176	176	177	179	177	175	174	180	177	180	162	155	169	170	167	164	165	170	170	170	170	170	170	171	170	173	167	167	173	169	169	175	201	197	175	153	84	60	70	72	42	80	79	46	20	24	30	50	57	66	46	34	26	56	81	70	73	79	68	110	128	88	117	165	181	186	196	158	153	189	187	185	184	176	163	196	193	190	201	201	194	197	198	198	198	198	198	198	196	192	192	200	197	198	176	158	189	187	187	181	184	189	189	187	187	187	186	189	187	185	181	189	191	191	188	147	185	186	185	180	183	188	186	190	202	185	188	189	188	188	182	187	192	190	175	153	183	181	183	175	184	187	186	186	185	185	185	186	186	180	187	190	189	187	162	183	183	187	177	184	187	187	187	187	187	186	192	196	180	187	189	189	186	201	175	199	202	202	202	200	200	200	200	199	198	196	177	202	172	86	82	192	187	184	181	187	187	189	189	189	189	187	184	181	189	189	192	159	182	178	173	178	181	183	181	183	183	184	177	178	184	187	159	163	187	180	175	183	184	186	186	184	184	177	177	184	189	142	165	176	168	191	177	176	178	179	181	172	175	179	170	160	189	184	142	153	144	157	159	102	62	92	66	77	97	112	104	72	92	108	91	63	76	147	119	75	118	87	75	66	71	89	72	83	84	136	179	175	145	85	61	55	79	115	125	126	125	154	180	173	174	167	174	174	180	180	173	176	167	170	175	180	173	174	152	149	160	173	143	132	139	129	117	128	116	98	71	58	71	82	90	120	164	132	147	158	171	172	160	197	195	179	185	191	192	192	176	146	175	165	132	84	94	88	83	86	91	96	102	104	114	121	121	131	133	136	142	141	141	138	144	143	145	147	109	104	146	143	143	147	145	146	147	146	146	146	146	148	145	142	144	143	145	144	143	143	144	143	140	141	146	149	127	95	151	149	148	150	150	148	147	150	150
247	248	248	248	249	249	250	249	250	252	250	251	252	252	252	252	252	252	252	251	252	252	252	252	253	251	254	240	184	184	203	236	215	229	248	251	235	239	246	248	228	168	105	100	99	130	72	67	125	210	202	198	198	201	206	180	192	212	196	197	221	230	212	183	203	206	195	186	201	172	163	194	219	230	238	221	189	194	225	234	232	229	231	224	192	173	210	220	215	208	202	187	171	178	183	125	91	76	64	52	39	36	30	24	44	71	79	91	113	114	100	157	152	88	82	161	192	188	191	191	192	187	128	186	185	187	187	190	187	187	189	190	189	189	194	160	166	184	184	186	186	188	190	185	200	217	190	165	145	189	167	172	162	156	176	220	163	124	132	131	132	131	138	201	217	148	128	134	131	122	123	131	126	130	132	126	124	132	128	127	131	128	131	128	126	127	125	123	125	122	116	105	115	112	145	147	139	140	150	159	162	167	172	175	179	184	183	189	189	192	193	193	198	198	198	198	196	199	205	202	204	204	204	201	200	197	195	193	191	186	178	172	168	165	164	165	165	160	155	151	145	142	136	134	129	124	120	114	116	122	129	127	122	119	116	113	113	116	115	116	120	114	110	117	119	117	118	116	133	133	130	129	115	121	136	127	131	143	128	143	149	149	148	143	122	124	125	125	145	137	127	139	146	148	146	140	128	147	141	133	141	132	120	132	139	141	143	134	123	135	136	135	137	130	118	127	136	133	133	130	118	202	215	215	217	208	189	190	178	174	171	168	171	171	173	173	173	173	173	173	174	173	170	170	177	178	178	162	161	171	167	167	165	164	167	167	167	167	167	167	168	167	170	165	164	171	185	167	169	201	192	179	170	106	93	92	73	69	86	144	108	26	40	35	29	57	88	35	23	32	37	42	38	56	83	84	89	122	125	172	196	179	138	122	117	128	178	183	186	187	177	163	195	196	193	201	203	198	200	197	198	198	198	198	198	195	192	192	198	200	201	176	159	189	187	187	183	186	190	190	189	189	189	187	189	187	187	180	188	191	191	188	140	180	185	186	182	183	188	184	189	204	185	185	187	186	185	179	184	187	187	175	148	183	183	180	174	183	186	184	185	186	188	188	189	189	181	189	192	189	183	154	183	181	183	174	181	183	184	184	187	184	184	193	196	175	183	187	188	190	202	188	207	209	209	209	209	209	209	209	210	207	205	180	202	172	83	86	193	187	186	183	187	187	187	187	189	187	186	183	178	202	160	196	196	175	180	172	179	183	183	183	184	184	184	178	178	183	186	165	165	187	180	177	183	183	185	185	184	186	178	180	189	187	151	171	176	165	191	177	179	176	176	177	169	174	177	178	145	139	99	94	95	91	93	144	120	95	136	137	117	63	101	107	80	86	115	122	87	83	149	134	171	176	89	75	98	65	68	99	157	174	181	175	141	98	68	49	62	121	149	149	159	141	177	182	177	180	173	176	176	177	177	173	176	170	173	179	185	176	179	159	152	155	171	142	136	144	138	128	134	125	108	77	97	117	110	110	127	166	132	153	168	181	187	166	192	191	173	182	180	173	171	158	140	160	154	104	43	95	108	115	124	127	131	134	137	139	142	145	142	140	141	144	145	147	144	147	144	147	150	112	111	153	149	149	147	147	147	147	145	146	147	149	147	142	139	142	143	143	143	142	142	140	140	140	142	144	147	126	95	150	148	149	148	147	147	147	150	150
245	246	246	245	246	247	247	249	249	249	250	252	252	252	252	252	252	252	252	251	252	252	252	252	253	251	253	232	179	128	136	176	193	197	185	225	213	191	191	172	148	108	105	171	118	63	73	70	90	179	202	197	190	179	201	189	219	222	193	196	213	206	202	174	161	179	204	227	206	176	201	226	235	233	234	215	187	195	222	229	223	219	209	201	196	162	136	118	102	87	63	48	36	53	71	46	21	35	84	71	127	140	94	61	119	188	194	197	203	168	143	200	195	195	190	197	196	195	198	197	199	191	146	193	194	195	195	195	196	195	194	193	196	195	198	167	176	192	189	188	189	191	192	189	202	217	189	153	151	190	170	177	164	161	180	223	160	127	131	131	128	129	134	198	217	147	128	132	133	128	127	132	128	133	132	125	127	128	127	123	125	130	134	127	123	124	126	127	123	120	118	148	159	152	159	169	171	170	173	172	171	169	168	162	164	163	163	162	159	154	148	148	143	138	134	134	129	127	124	118	116	118	115	115	115	123	117	116	113	107	111	114	115	116	112	133	132	130	128	116	115	124	129	129	129	120	132	147	147	143	134	150	154	153	145	133	130	148	145	145	158	147	140	155	156	155	151	147	157	157	157	154	143	148	157	152	150	159	146	158	160	160	157	151	148	148	147	147	153	154	148	148	148	149	150	150	148	148	147	145	139	138	139	148	142	142	142	141	136	134	138	138	138	137	134	135	132	131	131	131	128	206	215	215	218	208	193	190	178	177	171	168	172	173	173	173	171	173	173	173	173	173	170	170	173	177	175	160	160	170	167	168	164	164	167	170	170	170	170	170	171	170	173	169	169	168	175	137	151	202	195	170	178	159	151	144	121	73	84	117	125	77	57	29	44	58	25	25	35	27	79	42	45	50	76	54	59	87	140	160	159	130	92	81	121	159	182	183	182	181	178	169	196	193	192	202	203	194	195	195	195	195	195	195	193	192	189	190	194	194	195	167	156	189	187	187	181	184	189	189	186	187	189	189	188	188	188	179	186	188	185	183	140	182	185	182	177	180	185	183	191	202	185	188	185	185	185	179	187	186	187	177	151	181	180	181	174	183	186	186	185	185	188	188	188	187	180	186	191	190	186	156	183	183	184	174	178	183	184	186	183	184	184	189	193	178	184	186	189	193	201	198	214	215	214	214	214	212	212	213	214	212	211	185	202	170	84	81	193	189	186	181	187	187	187	187	187	187	187	181	180	198	127	192	204	179	181	171	178	184	184	184	184	183	186	180	177	184	189	156	160	189	181	174	185	186	186	185	186	187	178	180	186	187	144	172	179	170	194	179	177	179	179	179	174	176	181	171	146	146	68	95	50	66	69	85	95	131	142	133	113	104	115	115	124	79	84	115	82	91	105	131	173	118	70	53	57	50	59	98	143	155	170	114	45	85	93	67	76	97	89	103	86	154	200	179	174	174	165	176	177	180	180	174	179	175	176	179	183	177	182	161	152	155	176	145	140	152	149	132	134	130	118	86	120	138	128	127	136	169	127	145	150	167	197	199	197	197	179	186	191	187	185	171	141	173	165	131	70	113	122	129	134	134	136	136	135	136	136	135	137	139	143	139	138	141	139	142	140	141	145	112	106	146	145	142	142	144	146	145	143	143	146	146	145	144	144	144	142	143	143	142	142	142	140	140	143	144	146	124	92	148	145	145	142	142	143	141	144	141
245	244	244	243	245	245	247	246	249	249	250	250	252	252	251	252	253	252	252	252	252	252	254	253	252	253	227	191	219	150	163	156	149	140	149	168	161	127	153	135	75	57	72	75	72	98	103	106	128	179	205	198	195	197	207	192	213	215	191	176	188	206	208	178	199	230	242	241	207	177	205	225	227	223	221	212	191	175	164	144	121	100	73	70	106	86	36	24	42	48	79	106	103	47	67	139	144	141	145	127	202	203	197	184	193	203	203	201	202	173	155	203	201	201	200	200	203	203	201	203	202	195	152	194	187	196	197	197	197	197	198	198	198	197	199	168	177	194	193	193	194	195	197	194	203	218	186	150	157	192	166	173	164	163	181	219	164	131	134	130	134	136	136	202	219	148	127	133	133	133	132	132	124	126	133	124	126	125	122	123	125	124	130	125	116	118	123	126	118	118	108	106	108	102	102	97	100	96	94	95	89	92	96	90	87	94	109	111	107	101	112	116	115	111	109	124	123	131	125	125	136	132	139	132	126	141	132	134	120	126	144	156	158	153	144	154	150	146	147	142	140	147	149	144	142	136	141	144	147	147	135	141	141	156	165	162	165	157	154	153	157	164	164	166	165	166	166	167	160	157	158	160	152	149	151	157	155	154	153	152	156	158	156	151	151	151	147	148	156	156	154	148	151	148	151	154	153	151	152	151	144	138	138	140	147	146	137	134	142	137	149	143	136	127	139	141	139	136	133	130	136	208	215	212	217	208	187	189	173	174	171	166	170	171	171	173	173	171	173	174	174	176	173	173	177	177	177	164	157	166	167	167	163	165	166	167	168	168	169	169	169	168	170	166	165	169	171	170	161	189	166	127	142	169	179	160	132	131	122	85	65	88	33	60	105	47	26	73	97	28	63	75	59	101	105	52	65	101	118	132	92	75	87	94	128	172	173	173	185	184	176	161	196	193	192	199	201	195	194	191	192	192	193	194	195	192	186	186	192	191	194	170	154	187	186	186	180	183	187	187	187	187	186	186	186	186	186	180	185	188	190	189	141	180	184	182	177	180	184	184	190	204	184	189	186	187	188	181	186	189	187	176	156	188	186	183	174	184	186	186	187	189	188	187	189	187	179	184	191	189	182	150	177	176	178	168	174	178	180	181	180	184	181	190	195	175	187	189	188	195	204	205	218	218	218	220	218	218	218	218	216	215	214	187	203	171	90	90	190	184	183	180	186	186	187	187	186	187	187	183	181	205	151	202	206	182	183	172	180	184	184	184	187	184	186	179	180	187	187	165	162	186	181	175	184	184	185	186	186	187	181	181	187	190	145	163	168	164	191	177	176	176	177	179	174	170	179	171	168	181	140	134	110	102	113	93	99	107	89	40	57	106	106	120	102	99	58	95	84	157	81	91	140	105	92	70	55	63	53	109	133	80	96	98	129	137	158	98	118	131	117	154	142	183	196	171	177	179	171	174	179	183	183	177	179	177	177	183	187	177	180	162	152	158	175	145	145	157	155	137	137	132	119	87	107	113	125	140	143	172	140	152	165	174	194	193	191	194	179	185	184	183	179	169	145	170	165	137	73	114	124	127	131	133	136	138	139	139	139	142	140	139	140	138	139	140	139	139	139	139	142	111	103	144	140	139	140	140	140	140	141	142	142	142	138	140	140	140	141	141	141	140	142	140	140	141	141	142	143	124	91	144	141	143	140	139	138	140	139	138
244	244	244	243	244	246	246	246	249	249	249	248	250	251	250	252	252	252	252	253	253	253	252	252	252	254	213	210	220	191	139	148	139	101	84	112	103	73	68	99	79	60	53	37	72	93	99	116	109	167	205	199	195	206	203	184	187	200	191	185	215	235	210	183	210	229	232	227	205	178	185	174	158	146	118	124	128	78	33	28	40	40	62	73	51	39	80	142	165	127	182	211	205	175	176	188	189	192	183	145	204	202	204	204	204	206	203	203	208	182	164	206	201	203	203	204	203	204	205	205	204	199	132	178	163	193	186	196	198	198	198	198	198	197	203	168	182	196	194	193	194	197	197	194	203	221	181	150	159	195	170	176	169	159	181	222	159	133	132	131	133	133	130	200	219	150	129	136	135	135	131	126	124	130	130	127	124	121	117	123	124	119	123	122	122	125	124	121	116	109	102	77	90	91	93	93	103	108	114	111	113	119	125	128	113	113	130	138	135	129	137	140	132	125	119	137	134	137	140	134	137	140	139	132	134	143	143	145	149	153	152	156	157	155	155	148	142	138	147	152	151	152	147	139	135	139	143	138	141	148	144	138	144	156	164	162	162	156	158	159	158	161	161	159	158	161	160	155	153	159	160	153	151	152	153	154	155	154	147	142	147	151	154	154	156	158	149	150	156	157	153	145	146	144	151	151	148	146	149	150	143	140	139	140	149	149	143	138	138	138	141	139	131	129	135	138	133	135	129	129	133	206	215	212	217	208	187	183	162	162	158	155	159	161	161	161	161	164	164	164	165	167	162	167	168	167	173	156	147	150	147	147	142	145	147	151	152	152	152	152	153	151	154	151	153	154	153	165	169	166	141	126	107	118	103	101	109	83	66	55	103	119	95	93	90	68	73	95	87	61	73	84	59	90	54	54	70	74	84	95	72	61	69	89	104	151	168	179	182	185	180	167	191	189	191	198	203	191	188	194	195	194	195	195	196	198	189	189	195	197	200	174	161	198	196	196	189	192	196	196	198	198	198	198	198	195	193	186	193	192	194	191	144	177	181	180	172	173	175	175	183	199	174	174	174	175	175	168	179	179	179	167	145	174	172	169	167	176	176	179	178	181	183	181	183	183	178	184	187	187	187	153	185	186	190	183	187	192	193	193	190	192	190	193	193	175	183	180	181	190	203	209	221	223	221	221	221	221	221	220	217	217	217	189	203	173	83	82	190	186	187	187	192	193	195	196	198	196	196	187	183	195	161	194	181	175	175	166	174	177	177	177	179	181	183	178	178	184	192	165	171	195	190	181	189	186	183	181	181	181	175	171	179	185	140	158	170	165	194	182	182	182	180	179	170	169	140	146	125	153	142	134	139	139	138	116	148	145	132	92	99	98	155	134	85	113	109	89	73	83	100	66	93	81	60	68	43	44	64	101	158	137	88	148	139	128	132	112	120	139	126	87	155	166	167	145	156	162	170	171	171	180	187	186	186	164	175	188	192	190	191	152	140	155	177	147	156	166	150	139	138	130	121	91	105	123	127	138	143	176	144	155	170	174	195	192	194	194	180	185	190	186	181	168	141	170	158	140	74	111	118	125	127	130	133	135	137	138	139	139	137	137	139	140	140	139	139	137	136	139	142	112	100	142	137	138	140	141	141	141	141	141	141	141	140	140	140	140	140	140	139	140	139	137	137	137	139	140	142	122	89	142	139	139	141	140	140	140	139	141
243	244	244	242	244	244	245	245	247	248	249	249	248	249	249	251	251	251	251	252	253	252	252	252	252	252	252	254	244	240	190	75	82	94	56	86	115	97	83	75	53	63	49	74	70	65	55	66	114	194	205	199	192	194	201	177	202	216	190	199	224	230	204	185	207	202	175	150	165	139	69	40	37	37	30	41	58	42	46	116	150	115	190	194	169	155	173	199	199	148	192	211	210	213	209	147	162	213	199	151	208	204	206	207	205	196	205	205	209	187	167	211	204	206	206	206	206	206	206	206	206	199	123	155	184	189	182	187	201	200	200	200	200	199	205	169	179	191	196	195	196	197	197	195	205	218	174	148	162	195	172	176	167	148	176	220	156	130	132	133	127	127	131	200	216	148	131	135	138	126	130	133	124	128	127	125	126	118	122	127	125	121	134	129	126	128	125	116	114	108	105	93	104	111	114	112	115	117	120	110	112	111	106	115	124	130	130	125	134	143	138	135	119	119	123	136	132	137	140	142	143	136	136	135	141	148	135	137	148	150	145	157	158	158	155	145	144	143	156	156	152	152	150	147	146	146	149	146	146	157	156	147	154	154	152	152	152	152	156	160	157	155	155	155	154	146	145	146	155	159	160	157	158	159	159	157	142	142	143	149	148	149	152	154	154	156	154	156	157	159	157	152	147	144	146	149	146	146	143	146	148	146	143	141	146	146	144	143	137	137	139	139	135	136	136	136	131	126	125	120	127	206	217	213	215	206	190	186	168	167	162	158	162	164	164	164	164	165	164	165	165	167	164	165	170	167	170	155	148	151	151	153	148	151	154	157	155	155	155	155	154	154	157	153	155	158	158	155	173	116	103	105	56	55	46	73	98	64	50	61	72	57	54	50	62	56	50	45	53	66	56	65	50	36	26	34	36	66	54	42	59	70	61	120	97	122	155	179	179	180	176	159	192	185	186	197	200	188	189	189	189	189	191	191	189	190	186	189	194	192	194	169	154	192	189	186	178	183	189	189	189	189	189	188	187	187	186	180	189	190	190	187	151	180	180	181	177	178	183	186	189	202	178	180	183	183	183	175	182	180	185	167	151	181	178	174	168	179	179	180	180	181	181	180	184	184	177	181	184	186	181	144	175	175	177	168	175	180	181	181	184	183	184	190	193	178	183	187	186	192	202	208	215	221	224	224	223	223	221	221	220	218	220	187	200	176	90	83	189	184	180	177	184	184	187	187	189	187	189	184	183	189	192	194	154	183	183	172	181	184	184	186	185	185	185	177	175	181	184	162	160	184	184	178	186	186	186	186	184	186	183	178	186	188	143	164	167	164	189	171	170	173	174	174	173	179	163	107	108	118	116	65	153	168	180	186	170	118	128	137	98	77	99	107	83	141	161	110	70	145	143	97	158	87	69	61	36	65	97	93	165	166	159	129	64	67	87	65	114	115	71	123	145	131	135	121	110	136	169	176	179	181	182	179	185	131	69	100	127	151	178	145	140	153	174	148	153	162	156	139	142	135	124	94	107	127	131	140	143	176	149	155	174	177	194	192	188	187	170	176	161	152	146	173	149	168	159	145	75	111	117	120	124	126	128	132	134	134	134	137	136	136	137	137	136	136	137	137	135	138	140	112	99	142	137	138	138	138	138	138	138	138	138	138	139	139	139	139	137	137	137	137	137	137	137	137	138	139	140	121	84	140	140	140	141	141	141	141	142	144
243	244	243	242	243	245	244	245	245	247	249	248	247	248	249	250	250	250	251	252	252	252	252	252	250	253	251	251	252	254	222	155	134	86	67	70	119	133	118	60	57	98	72	66	56	38	50	52	97	208	203	199	189	182	201	194	218	219	187	194	212	198	192	161	96	62	42	36	36	31	34	34	41	79	120	177	184	148	142	188	186	141	200	200	203	205	204	197	204	158	194	215	211	211	209	202	203	213	200	161	208	206	209	207	198	172	192	207	211	183	150	207	207	206	207	207	207	206	206	206	206	201	128	142	182	168	171	162	198	200	200	201	200	198	206	168	163	178	193	197	197	197	197	196	205	219	170	153	163	192	171	172	171	166	185	221	157	128	133	134	124	126	136	202	216	150	137	135	130	134	135	132	128	132	128	126	126	121	116	122	127	123	128	121	118	126	126	118	116	113	104	92	101	113	117	115	111	120	123	124	125	122	122	124	131	134	129	135	142	136	130	141	145	139	143	148	147	151	142	149	148	139	143	142	147	150	139	142	147	138	135	147	144	138	140	141	140	141	149	156	156	154	154	155	154	150	149	145	144	149	159	158	154	150	148	152	152	152	149	150	153	149	142	150	156	143	144	145	154	158	159	158	155	155	157	156	154	159	156	157	157	158	156	153	154	155	155	155	154	156	155	154	146	139	156	160	147	140	146	143	143	140	133	128	132	135	142	146	136	132	149	150	148	141	148	141	132	122	123	114	130	206	216	214	217	208	187	182	163	162	159	155	161	161	161	161	159	158	159	159	158	161	158	159	161	164	166	146	144	150	148	148	147	148	148	150	150	150	150	150	151	151	153	148	147	142	141	152	153	178	129	95	67	41	55	74	93	68	85	69	46	40	34	46	48	43	37	44	52	62	47	36	30	24	30	29	35	46	74	89	65	83	43	118	163	162	161	181	182	182	176	155	187	184	186	197	203	188	191	193	194	191	191	189	192	195	186	189	194	192	195	171	155	186	183	184	180	183	187	187	186	186	186	186	183	184	186	180	186	186	189	186	136	172	177	174	171	172	177	178	186	201	175	177	177	180	180	171	179	179	179	167	140	171	174	172	164	173	173	174	175	176	178	175	178	177	169	177	184	181	177	141	178	180	180	168	175	181	181	181	181	184	186	190	190	172	184	183	186	187	198	207	208	218	224	224	224	224	223	223	223	220	223	188	200	174	86	85	189	184	183	178	189	187	186	187	191	189	189	184	182	188	189	191	160	181	181	171	181	183	184	184	183	183	185	177	177	186	189	168	166	184	178	174	186	186	184	184	187	187	181	178	185	183	137	157	167	162	188	176	173	173	173	173	166	169	167	148	142	159	155	110	179	183	181	184	180	141	122	107	99	70	56	111	113	133	178	151	86	75	136	160	158	116	61	53	32	73	155	146	163	120	154	124	81	79	116	42	64	121	65	159	167	86	111	106	108	151	166	180	179	185	186	177	183	165	73	53	34	34	58	94	83	125	175	146	160	165	158	139	141	136	122	97	118	136	138	144	149	176	149	158	180	176	135	120	118	114	115	154	105	102	93	101	138	178	163	147	74	109	113	117	121	124	126	129	131	131	132	133	134	134	134	134	133	134	134	136	133	136	139	109	98	140	135	137	137	138	135	135	138	138	138	138	137	139	139	139	139	139	139	139	139	139	139	139	139	140	142	124	85	146	147	148	153	155	158	159	162	167
244	244	244	244	244	244	245	245	245	246	248	248	248	248	249	250	249	251	251	251	252	252	252	253	252	252	251	239	247	249	242	196	136	79	60	55	78	101	81	66	92	87	110	53	42	33	35	39	63	181	205	199	189	206	200	192	215	212	192	151	99	65	60	61	29	26	31	58	91	140	159	132	131	143	160	206	202	204	207	182	166	154	205	205	205	203	203	203	206	162	201	214	212	214	217	211	212	215	202	163	209	209	208	195	153	144	166	211	215	184	131	191	212	209	208	210	208	208	208	208	206	202	128	139	159	160	154	149	183	187	198	201	200	200	205	168	145	170	191	197	197	198	198	197	204	218	169	155	163	191	173	173	171	171	189	217	157	130	134	134	128	131	137	198	217	148	130	132	132	130	129	133	127	130	127	126	127	129	127	133	128	126	124	123	117	123	126	120	118	111	107	102	114	118	111	105	107	119	122	122	120	120	125	117	122	127	117	116	127	115	111	123	128	126	131	147	151	147	145	144	144	147	149	149	147	142	149	148	142	135	135	140	138	132	138	141	142	143	147	154	155	155	154	155	157	157	156	154	155	155	155	158	157	151	155	156	158	157	143	144	155	151	134	146	157	153	156	150	150	156	157	154	153	150	153	153	157	160	162	156	153	154	156	157	159	157	157	156	156	159	158	159	153	146	155	158	155	152	155	146	150	151	147	139	147	147	145	148	148	143	140	139	138	135	136	136	134	136	134	128	130	206	215	214	217	209	187	183	162	161	159	156	157	157	157	157	158	158	158	158	158	159	155	158	160	155	160	143	138	145	148	147	142	145	148	150	150	149	149	149	150	151	153	149	159	159	137	152	163	171	112	47	46	40	30	49	69	70	57	56	59	29	19	23	34	42	59	39	38	41	27	29	22	16	15	28	33	35	54	99	99	30	58	78	161	184	177	179	181	181	175	163	186	184	186	196	199	187	189	189	188	187	188	188	189	189	183	185	193	191	192	164	153	186	179	183	178	180	182	185	183	183	183	185	184	184	183	178	184	185	186	183	141	168	168	171	165	166	172	174	184	198	171	175	176	177	177	170	176	180	182	170	144	171	169	165	161	171	171	172	172	175	175	172	177	177	168	177	178	177	178	154	180	178	178	169	177	181	181	178	180	181	180	190	193	169	184	184	185	187	200	208	212	222	227	224	224	224	224	224	224	223	223	187	199	176	90	79	189	184	184	178	184	184	186	187	190	187	189	184	183	191	185	194	153	181	181	174	178	181	181	181	183	181	184	178	175	186	187	160	157	184	181	172	180	184	184	182	183	183	178	175	183	186	143	158	165	160	193	170	170	170	170	173	165	168	175	169	161	183	175	177	182	184	184	184	163	156	159	173	138	106	89	130	164	144	187	126	90	65	99	130	147	98	83	100	41	56	161	110	148	163	160	174	122	114	154	129	65	84	97	110	171	142	173	144	143	184	177	176	179	183	185	180	183	184	164	146	118	84	90	100	33	66	137	93	161	163	155	143	140	137	124	90	124	150	150	150	152	182	158	161	183	176	128	138	141	141	141	166	136	118	127	102	130	173	167	147	73	109	111	113	119	120	123	125	126	129	131	131	131	133	133	132	133	134	134	134	134	135	138	106	96	139	137	137	136	136	135	135	135	135	137	137	138	141	141	143	144	145	146	148	153	155	157	158	159	160	156	137	114	148	148	141	134	123	113	101	86	76
242	244	245	245	243	245	246	245	246	247	247	248	248	248	248	250	251	250	252	252	252	252	252	251	235	228	196	179	240	230	203	188	91	65	64	62	70	77	97	81	70	114	123	57	146	154	63	44	50	159	203	197	194	205	204	182	144	100	90	57	23	22	34	57	103	138	141	128	165	214	206	208	206	170	157	201	198	194	198	169	180	162	205	204	205	205	205	205	208	165	203	216	212	215	215	209	212	215	202	166	210	208	199	192	150	140	169	213	212	188	126	167	207	211	209	209	209	209	209	208	208	201	132	142	145	149	147	147	162	182	204	202	200	199	192	168	150	161	188	196	196	197	197	193	204	220	168	146	161	190	173	173	170	168	191	221	160	128	124	128	137	129	132	201	218	144	125	128	131	127	125	128	126	125	127	119	119	124	118	125	123	123	123	123	122	122	123	120	112	111	105	98	111	107	104	104	105	104	108	109	99	103	114	113	113	117	117	118	126	119	119	120	127	125	135	141	141	144	146	145	146	147	146	137	146	148	150	151	151	153	154	154	153	152	148	149	149	148	153	154	158	158	158	158	158	160	157	156	156	159	154	154	157	158	165	164	164	164	158	164	167	167	161	167	163	157	156	154	159	152	151	156	145	136	136	145	155	155	153	150	137	138	143	149	154	155	156	155	154	153	155	152	158	161	157	160	161	160	157	148	151	150	146	143	152	150	142	144	150	150	150	141	133	133	132	132	134	134	128	118	130	209	216	212	218	203	187	180	156	154	151	149	154	154	154	154	154	154	154	154	154	156	153	153	156	172	166	145	145	148	150	148	142	145	148	148	149	149	149	149	148	148	150	146	146	149	137	128	104	78	92	60	33	23	43	49	59	56	28	23	27	13	21	41	27	34	68	18	23	32	27	23	23	37	28	36	40	55	55	57	75	71	145	129	155	171	168	173	174	175	168	154	186	182	184	196	199	184	184	184	184	184	184	185	186	187	181	184	186	187	190	163	151	181	181	184	175	180	184	181	181	181	181	181	183	185	182	177	184	181	184	180	130	162	166	169	163	166	172	172	181	196	166	172	174	174	174	167	174	175	178	165	139	169	169	169	162	172	171	171	175	174	175	171	174	174	163	171	175	175	169	145	183	184	181	174	180	183	184	184	183	184	186	190	193	175	184	184	189	187	200	211	217	223	226	224	224	224	224	224	226	224	223	183	199	174	90	86	189	181	181	177	184	186	187	187	185	186	188	182	182	191	191	194	158	180	178	172	178	181	183	183	184	183	183	177	175	184	186	165	163	183	178	173	182	185	184	182	183	181	177	174	181	186	142	160	166	157	190	169	168	170	171	173	167	167	173	163	152	182	173	175	182	182	182	183	183	176	181	187	142	154	167	140	122	128	164	161	144	145	116	126	112	78	61	98	59	34	101	121	131	150	168	186	132	96	166	180	137	170	173	167	169	175	195	174	177	177	174	177	177	183	185	180	187	191	180	180	175	155	142	141	118	110	131	64	161	163	157	141	137	138	121	95	125	152	149	161	158	185	170	161	180	178	132	146	145	142	139	163	134	113	131	121	133	139	155	169	73	108	111	111	117	118	121	123	123	124	125	128	127	130	129	128	132	132	134	134	131	129	139	108	95	143	137	142	145	146	149	150	152	155	157	157	160	160	158	154	151	145	135	128	115	104	88	80	68	55	42	33	30	20	15	13	9	7	8	6	11	18
243	244	244	243	244	245	245	246	247	247	247	247	248	249	248	251	251	251	253	252	252	252	252	250	211	215	191	164	174	179	162	106	80	49	71	91	107	53	40	42	57	155	69	46	90	110	58	49	74	164	203	197	193	174	147	99	33	25	25	33	47	62	101	147	223	218	220	177	173	209	206	208	211	176	140	181	184	186	176	176	194	162	209	208	206	206	206	208	212	167	203	216	214	215	215	209	212	215	202	169	212	213	191	179	160	149	166	211	216	185	126	158	206	211	209	210	210	210	209	208	207	201	135	150	145	146	153	150	147	187	202	204	201	201	184	169	166	157	178	199	197	196	199	193	189	220	168	149	162	190	173	171	171	168	190	218	154	125	127	131	134	128	133	201	217	146	127	130	130	128	126	125	129	127	125	116	115	117	114	119	117	109	116	123	119	117	116	114	116	116	104	107	116	113	111	116	119	117	123	124	127	127	132	131	136	140	138	140	137	131	130	124	132	130	141	147	147	150	151	149	150	152	156	154	155	159	156	160	160	161	161	157	154	154	147	151	155	155	154	160	161	161	158	155	158	157	155	153	151	156	156	157	155	164	158	153	164	161	164	161	149	155	164	161	152	149	153	157	158	161	157	148	145	152	153	145	149	158	158	164	157	155	152	150	153	154	150	151	143	131	144	147	160	164	158	156	155	152	154	151	149	145	148	153	150	147	142	138	153	150	145	142	135	132	129	127	133	133	128	123	138	206	212	212	218	206	187	180	154	151	148	145	150	150	150	150	150	150	148	148	148	151	147	147	151	187	174	141	139	142	142	142	136	139	142	142	146	146	146	146	146	144	145	141	144	144	151	157	91	65	75	54	54	42	43	27	19	47	38	32	35	35	40	26	16	31	49	34	27	23	22	17	39	55	53	40	39	42	52	64	71	116	177	165	169	170	164	169	173	176	167	150	174	172	172	189	193	172	177	177	178	177	178	178	180	181	175	177	181	178	181	157	148	178	175	177	169	177	201	187	175	175	177	175	177	179	177	173	177	178	181	177	130	163	168	166	160	163	171	172	183	199	169	172	177	179	177	168	174	177	181	168	136	167	166	163	159	169	169	171	172	172	180	180	171	172	162	169	174	174	169	151	181	180	178	169	178	181	181	181	181	183	178	193	193	172	183	186	189	193	204	214	220	221	223	223	224	224	224	224	226	224	223	176	198	177	93	74	186	181	178	175	181	181	183	184	186	185	186	180	179	185	185	192	157	181	180	172	180	181	181	181	181	181	183	175	175	181	184	156	160	181	178	172	182	182	180	182	181	183	178	175	181	187	142	158	166	162	190	169	170	170	170	170	164	167	173	167	152	179	174	170	176	180	182	181	184	155	149	145	136	157	180	179	171	132	109	142	130	138	136	128	105	127	103	105	82	44	95	123	127	167	146	90	81	128	162	137	171	181	173	171	161	173	186	172	176	178	172	177	180	183	183	180	185	165	125	136	155	164	111	111	63	97	125	37	152	169	157	142	140	137	124	94	123	146	141	159	155	185	164	158	183	176	114	126	129	129	133	160	126	96	104	113	136	145	147	157	148	112	107	114	114	116	119	122	120	120	123	128	128	132	135	134	138	141	146	148	150	152	153	122	114	151	146	143	142	134	124	116	105	96	84	75	62	51	38	28	19	16	14	13	11	11	11	10	13	21	26	8	6	14	27	26	27	30	33	36	41	45
244	243	244	244	244	245	245	246	248	248	248	248	249	250	250	251	251	252	253	252	252	253	254	250	225	221	221	126	88	102	131	64	61	54	75	78	86	57	74	52	34	58	64	72	99	47	36	35	50	160	204	192	150	73	23	22	32	34	57	83	136	154	176	171	220	216	220	181	182	209	207	208	209	180	135	163	162	169	176	197	195	163	206	208	208	208	208	208	210	165	202	216	215	213	215	210	212	214	202	171	209	213	194	161	158	152	154	194	217	182	127	159	203	212	209	208	210	209	208	208	210	200	134	153	151	161	164	151	156	191	201	202	201	194	176	166	157	161	171	191	192	196	201	185	181	219	168	155	163	192	175	176	172	168	189	218	153	128	132	129	125	128	133	195	217	145	126	126	127	127	127	128	126	124	122	115	116	117	118	121	120	124	125	122	122	116	113	110	116	111	107	110	114	114	111	116	116	114	122	123	127	129	127	120	119	130	133	134	140	136	139	142	142	140	141	151	152	151	152	154	155	148	149	148	147	151	155	154	154	153	154	155	152	149	151	155	159	159	149	158	158	155	155	156	158	150	144	138	143	150	151	154	156	154	140	132	155	158	158	155	143	149	158	158	151	154	156	162	161	161	159	157	162	164	163	162	161	161	163	161	150	149	150	153	157	160	153	157	159	159	162	141	139	140	143	155	161	157	158	157	157	156	154	154	151	152	150	141	138	135	130	138	136	137	138	140	137	137	137	137	141	207	212	209	218	211	190	177	157	152	151	151	154	154	154	154	154	154	154	154	153	154	150	151	150	187	169	144	145	145	145	145	142	145	147	145	150	150	151	149	148	145	148	145	144	148	156	179	118	116	73	49	54	44	32	27	22	51	64	39	50	34	37	29	34	32	23	29	21	22	26	16	17	28	41	27	31	42	57	66	71	105	134	148	163	158	163	167	166	164	160	148	165	166	165	184	190	163	166	165	166	167	169	172	169	172	169	172	175	174	178	160	151	174	171	174	169	169	195	184	173	175	175	175	179	179	177	173	180	180	181	175	132	167	169	172	168	169	172	172	181	198	174	175	174	177	176	167	175	178	180	165	139	166	165	165	158	167	167	168	171	172	187	192	169	171	160	169	174	172	166	144	180	178	175	166	177	181	181	181	181	178	181	190	190	173	184	184	186	193	205	214	221	220	221	223	224	224	224	224	225	223	223	169	197	176	93	83	184	178	178	174	181	181	183	183	185	185	188	182	179	189	191	194	157	178	177	171	177	180	181	181	178	178	178	174	174	181	184	160	159	181	178	169	179	180	180	179	178	181	175	169	177	182	148	162	166	157	187	169	170	170	171	171	164	167	172	164	153	176	173	170	174	176	177	179	177	164	155	130	100	93	134	155	152	140	118	99	179	196	189	128	149	177	175	158	70	50	133	152	125	98	113	116	62	89	149	176	179	178	169	158	181	173	184	181	179	179	170	171	180	185	185	177	188	153	92	90	131	171	105	96	25	86	127	40	157	166	157	142	141	136	127	95	116	134	140	152	146	182	158	158	180	176	119	134	136	135	136	163	128	100	107	91	124	156	150	130	153	171	111	119	122	124	127	130	133	139	142	142	139	140	137	133	126	117	108	99	88	74	64	49	41	35	28	23	19	18	17	16	13	15	18	19	18	6	8	26	29	30	32	35	35	37	40	41	41	43	43	18	8	18	36	36	41	45	47	48	53	66
242	242	243	245	245	245	245	246	248	248	249	250	249	250	251	251	251	252	252	254	250	252	252	242	196	153	154	85	124	82	66	53	54	45	52	44	50	78	67	53	62	65	67	92	169	53	33	35	50	164	198	134	45	22	31	32	60	81	151	161	195	165	177	180	224	218	220	186	173	215	209	209	212	179	144	159	163	173	170	201	195	159	201	208	208	208	209	210	202	167	202	216	215	213	215	210	213	216	203	173	215	213	195	162	152	147	146	179	213	184	130	152	182	209	207	184	203	210	208	208	209	199	135	151	151	167	167	150	166	193	204	204	199	170	171	166	143	156	166	181	188	200	198	162	178	218	175	158	162	191	177	176	169	165	190	219	155	126	126	124	131	131	133	201	216	147	128	129	126	124	126	126	120	119	119	116	117	124	115	124	120	114	117	120	120	117	113	112	116	113	105	90	92	101	107	113	116	112	113	122	123	129	130	127	129	135	141	139	137	142	139	138	141	139	138	137	129	131	136	144	140	135	137	128	137	139	147	147	145	144	145	151	150	147	151	150	149	149	146	154	152	153	157	157	154	153	154	150	153	158	155	157	156	156	150	148	154	158	154	154	161	155	152	154	162	162	160	159	159	158	158	161	168	165	168	168	162	161	162	156	144	139	147	148	152	149	148	149	156	160	156	142	145	140	140	150	151	148	146	142	144	146	150	147	142	143	140	133	139	137	137	127	140	140	134	129	136	132	126	124	133	201	212	154	153	190	185	162	152	148	146	147	143	141	140	140	137	137	135	134	131	131	126	126	121	178	148	111	144	149	147	149	146	149	152	152	149	150	150	151	153	153	156	153	153	156	158	150	150	128	102	51	57	28	24	88	43	36	71	57	24	15	24	18	32	45	39	61	56	24	19	14	11	10	21	15	32	41	53	54	77	92	102	123	143	138	136	138	139	139	138	136	146	145	136	167	177	133	135	132	131	131	129	127	125	125	125	125	130	130	139	136	126	134	137	142	139	138	181	156	140	143	140	140	139	136	136	136	139	138	139	145	133	148	148	151	150	151	155	153	160	190	156	159	160	160	160	154	160	161	161	159	148	163	159	160	154	159	158	156	160	154	175	185	162	165	155	161	169	169	166	145	173	173	174	169	175	178	179	179	180	180	181	191	192	173	182	183	184	196	203	215	223	223	223	224	226	226	225	224	225	222	225	176	203	172	91	76	183	177	174	171	176	177	180	180	182	183	183	180	179	185	188	192	154	184	178	169	178	180	181	181	181	178	181	177	177	181	183	156	159	178	175	172	180	180	179	178	181	180	175	169	181	183	133	154	166	157	190	169	167	167	167	167	160	166	169	165	149	176	170	170	176	179	179	182	181	171	173	163	126	118	122	108	100	137	174	144	112	192	172	121	172	177	174	151	44	60	155	163	84	84	138	148	92	80	162	186	174	180	163	169	170	166	193	181	177	180	174	176	179	182	183	182	188	163	111	98	128	167	109	94	30	89	126	35	152	160	154	142	142	135	126	99	109	126	143	156	127	171	165	160	176	172	121	133	134	132	135	164	128	100	109	96	127	148	148	136	108	142	169	105	105	101	97	92	91	86	68	46	39	33	25	20	18	21	19	19	19	22	29	12	8	25	34	36	38	38	40	40	41	43	44	44	38	12	13	37	42	43	46	48	49	51	52	54	53	53	54	21	5	24	51	56	56	61	63	66	68	75
241	242	243	243	245	245	245	246	248	248	249	250	250	250	251	251	251	252	254	254	250	252	251	230	168	101	101	91	106	89	63	52	39	42	70	60	42	41	47	39	37	31	69	101	130	46	47	99	77	159	179	74	24	25	38	66	137	194	226	181	190	176	182	186	225	217	219	187	164	209	211	208	212	181	150	153	160	176	168	202	196	147	175	202	211	209	209	208	184	168	203	215	215	213	213	210	215	217	203	173	212	213	184	157	151	141	142	189	211	183	131	152	171	192	212	177	197	210	210	209	209	199	138	149	150	154	154	153	173	200	205	201	191	149	179	165	140	152	160	178	186	201	196	158	180	220	181	152	161	189	178	175	169	162	189	217	149	125	129	130	130	132	130	200	217	145	124	127	127	126	127	130	123	122	119	119	123	124	118	121	117	113	118	121	119	115	112	112	113	105	104	104	95	101	118	122	125	120	123	124	122	124	125	125	129	126	134	135	124	124	124	130	135	137	134	128	120	120	133	134	132	135	149	148	145	135	132	131	138	138	138	143	143	140	142	140	142	145	147	153	149	149	152	149	148	152	155	154	153	150	154	151	148	147	143	140	155	158	152	151	157	155	157	153	145	147	145	156	162	152	149	156	154	152	155	155	158	157	156	153	151	137	146	152	142	135	143	142	147	149	147	143	148	149	147	145	142	142	141	141	146	144	151	146	145	143	138	135	134	130	132	130	137	134	133	128	128	123	121	129	135	190	211	181	149	151	151	142	136	138	136	136	139	137	134	135	134	136	134	131	129	125	122	120	119	177	153	105	129	132	131	132	131	132	133	133	133	133	130	135	133	129	130	125	133	133	127	148	128	108	107	47	29	34	20	44	27	29	34	33	22	14	21	21	28	62	69	59	37	35	16	13	19	29	20	11	20	33	53	44	63	96	156	166	169	166	165	170	170	170	167	134	170	167	167	185	192	172	169	172	171	173	173	173	173	172	170	170	176	176	181	153	140	173	170	170	169	170	193	179	170	170	169	169	165	163	165	158	159	162	160	159	121	160	161	161	157	159	162	160	171	192	159	162	159	159	155	153	155	154	154	145	142	167	160	160	150	151	148	142	137	125	161	170	123	128	122	126	125	130	131	122	128	128	131	125	133	137	140	143	144	146	143	170	180	148	157	160	167	187	200	204	211	214	217	217	217	217	218	220	221	225	219	181	206	179	110	95	180	177	178	175	180	181	182	182	185	185	183	180	182	186	186	194	150	175	175	169	176	179	180	179	179	178	179	172	169	175	180	154	154	193	178	166	175	175	178	178	178	175	171	169	176	179	146	153	158	158	187	163	162	163	164	167	159	160	166	163	158	176	174	167	176	179	179	180	183	171	182	166	138	162	146	84	90	129	145	121	67	110	125	143	162	174	149	134	47	39	151	102	56	117	136	101	65	70	161	186	175	176	156	160	168	175	193	179	175	177	171	175	180	185	183	178	189	175	118	104	132	157	93	77	30	91	128	34	149	160	155	143	139	139	128	99	115	135	147	155	119	171	163	160	170	173	119	131	134	132	134	161	125	103	113	103	129	139	145	149	110	82	169	105	45	52	52	55	55	58	34	13	37	43	43	43	41	48	49	51	51	50	50	20	12	42	51	52	51	52	55	57	53	55	55	56	50	12	13	45	55	58	62	65	65	64	62	62	64	59	54	21	5	19	37	33	32	30	27	23	21	31
241	242	243	243	245	245	245	247	247	247	248	249	250	251	251	251	252	252	252	252	252	254	253	251	164	61	49	117	73	83	88	53	29	52	86	81	63	43	35	41	48	33	48	89	52	55	50	50	77	152	192	78	21	22	44	160	215	225	247	175	189	192	184	189	226	220	222	188	161	202	214	208	213	181	147	157	159	170	165	201	196	155	158	198	208	208	212	208	176	166	193	206	215	213	215	211	215	217	203	173	212	213	184	153	157	141	143	189	211	180	129	150	160	177	206	186	200	210	207	198	206	199	137	146	149	148	164	166	166	197	197	186	176	145	177	165	151	157	155	155	175	199	198	161	177	221	176	148	165	192	181	178	169	164	190	217	152	129	133	131	130	131	130	197	218	145	118	123	124	125	125	133	127	126	122	120	125	126	118	122	119	120	117	115	115	108	105	108	114	104	99	98	99	109	111	113	115	111	117	117	116	118	121	120	124	122	128	131	118	115	120	129	136	135	133	130	129	132	138	137	137	140	146	144	145	141	141	146	146	148	146	148	147	141	145	149	158	160	146	148	148	145	148	148	149	153	157	158	155	152	150	151	144	142	145	140	156	158	152	154	154	157	158	156	153	155	154	157	162	156	154	158	161	159	164	162	158	158	159	159	160	158	163	163	161	160	162	162	165	165	163	161	164	168	165	157	155	155	155	155	154	152	153	147	147	146	144	140	130	132	132	133	133	131	133	129	123	124	125	136	145	203	211	213	218	212	153	98	110	116	115	124	125	126	125	125	122	121	122	122	120	120	120	117	117	174	149	153	141	97	108	105	109	109	107	107	113	111	109	104	94	109	110	112	113	119	107	112	80	65	39	32	34	31	30	20	20	39	26	20	23	29	33	39	66	65	35	59	48	48	37	17	23	24	20	33	40	69	75	53	67	71	98	106	108	108	105	102	101	101	122	141	110	104	101	156	163	98	105	104	105	107	108	109	105	106	103	109	108	110	110	131	126	110	108	105	105	105	173	141	107	110	109	111	116	116	119	119	122	122	130	137	119	123	129	126	125	128	131	131	152	188	135	138	138	140	141	141	140	145	151	145	116	133	137	140	138	144	153	157	157	159	176	189	168	171	169	169	175	174	168	140	172	173	173	167	170	170	170	170	168	168	165	183	184	156	165	165	164	178	196	201	205	205	205	206	206	205	205	205	206	204	201	167	197	173	131	118	152	149	149	146	149	150	150	151	151	153	153	151	152	155	158	187	156	160	160	156	161	161	164	169	172	172	177	175	175	183	181	171	165	195	186	174	181	184	181	178	181	181	175	173	182	179	137	152	161	155	189	161	158	159	161	161	154	156	165	154	143	176	170	167	179	176	179	180	180	171	178	181	161	163	150	81	101	81	120	123	124	87	67	121	151	167	165	136	36	66	80	94	160	156	150	107	104	105	165	179	171	143	156	170	176	178	194	184	178	181	172	172	177	182	185	180	186	178	138	123	134	158	85	70	30	95	130	34	150	160	154	140	140	140	124	101	118	138	143	145	142	184	161	161	174	173	119	128	133	129	132	163	125	100	113	97	127	145	139	132	134	93	122	185	83	64	69	66	70	70	41	18	55	61	56	55	56	62	62	64	62	67	65	23	9	46	62	65	66	66	67	67	64	64	62	59	47	13	12	39	45	42	39	36	34	32	29	24	23	21	21	10	8	9	13	8	6	6	6	7	6	22
241	241	242	243	245	245	245	246	247	248	249	249	251	251	252	252	255	252	252	252	252	231	212	206	95	40	41	85	104	68	52	43	34	26	57	69	73	23	28	40	61	34	64	99	67	91	129	64	92	139	166	162	81	24	76	200	229	227	244	178	166	190	187	190	228	223	224	189	161	192	211	208	212	178	144	156	161	167	168	190	181	166	170	185	205	208	214	199	166	164	193	199	215	213	213	210	215	216	203	174	213	214	189	150	154	143	146	183	214	180	130	146	149	184	195	157	172	203	211	188	205	196	135	149	150	148	164	171	161	183	180	170	167	149	170	163	151	159	159	157	164	187	201	163	177	220	167	145	166	192	178	173	169	166	193	218	152	129	133	129	130	132	131	197	217	145	119	129	127	124	124	125	124	122	119	119	122	123	118	122	117	114	117	116	117	115	112	113	111	105	101	98	111	116	112	111	113	117	119	124	123	126	129	129	133	133	137	140	137	137	143	142	142	140	138	137	140	140	139	140	141	141	141	138	136	144	147	147	146	151	149	150	154	149	153	154	154	156	154	154	150	149	152	150	151	152	155	156	154	155	150	151	142	149	153	153	156	156	150	153	157	158	154	155	160	155	152	152	156	149	150	155	158	158	161	152	154	157	158	152	154	155	148	146	159	163	152	144	154	154	149	141	150	151	144	135	150	151	150	149	151	153	153	149	147	143	135	129	145	147	148	142	145	144	143	137	140	135	135	127	136	203	212	212	212	211	173	129	119	98	112	146	148	151	151	151	151	150	151	151	152	152	150	146	143	185	159	142	124	125	143	146	149	150	150	152	153	153	152	135	105	137	149	147	151	144	105	82	83	65	32	36	33	21	64	51	49	47	30	25	18	50	54	24	39	24	16	32	26	17	34	10	26	25	35	29	44	47	46	64	70	52	109	152	149	149	146	125	114	123	119	161	135	143	141	170	179	143	143	143	143	140	140	140	143	119	105	135	134	128	89	131	164	130	131	133	133	133	181	154	129	131	130	125	93	121	124	124	122	119	87	101	182	127	119	119	121	118	118	117	144	176	99	117	114	115	115	114	116	111	80	131	160	112	108	106	104	104	90	89	92	89	144	157	88	93	95	95	96	92	104	125	101	98	101	104	107	108	111	114	117	123	126	160	168	135	144	160	181	196	201	198	203	204	208	209	206	207	208	209	208	209	208	171	200	176	98	74	186	181	180	175	183	183	183	181	181	181	177	174	170	173	171	187	145	163	162	150	147	144	143	146	149	152	158	157	154	165	168	151	134	184	172	163	169	172	174	175	178	180	180	181	185	191	167	173	180	162	194	189	188	188	185	183	175	175	175	168	158	182	174	170	179	176	191	177	179	168	178	183	158	174	166	159	120	99	138	114	126	148	96	151	165	172	175	115	27	40	103	166	153	122	105	77	146	159	167	177	147	158	166	167	171	172	188	178	175	178	173	176	177	180	183	177	185	182	152	135	136	164	97	76	31	97	130	34	149	158	152	140	142	138	126	102	115	134	137	151	150	184	160	159	175	176	143	112	118	116	124	159	113	94	104	115	138	178	171	170	169	160	146	184	152	75	79	82	84	84	47	23	67	72	68	69	68	71	69	69	68	67	62	22	10	39	49	50	44	44	40	38	34	34	32	28	26	10	11	22	23	23	23	21	20	20	19	18	15	15	11	7	6	9	10	9	8	8	7	7	7	18
241	242	242	242	245	245	246	247	247	247	248	249	251	252	252	252	253	253	254	254	249	178	182	212	99	69	67	113	80	51	40	30	30	30	32	31	39	49	39	57	93	76	51	63	54	85	155	91	90	119	165	202	151	131	122	211	229	228	245	184	164	192	193	194	227	223	224	190	167	188	209	209	204	179	150	151	158	170	173	178	179	176	187	176	205	210	211	175	165	165	181	177	211	216	214	212	215	214	203	174	212	201	178	148	154	147	144	174	215	180	131	147	145	179	193	162	160	195	209	185	204	193	133	150	150	150	146	160	174	181	171	171	166	147	170	161	148	154	160	162	165	181	198	161	182	219	163	144	166	189	173	167	167	167	192	215	144	125	132	127	127	129	129	195	219	144	119	126	132	127	124	122	118	117	115	116	118	117	121	121	114	111	121	118	111	110	110	113	113	108	101	99	118	112	103	106	109	116	116	119	117	115	123	124	127	129	130	133	136	130	136	136	130	132	130	123	118	119	132	134	136	134	128	127	130	144	146	141	139	147	149	147	152	155	154	150	159	158	147	147	153	153	153	154	154	151	154	157	158	157	158	153	154	154	150	147	156	154	145	144	157	157	148	153	156	148	139	153	156	145	142	149	149	153	153	146	152	156	152	147	155	163	156	148	160	167	156	150	158	159	155	147	155	157	151	148	152	153	154	154	152	155	153	157	157	154	150	144	148	143	148	142	140	139	139	137	133	127	134	125	129	203	210	210	211	210	181	164	151	124	130	147	148	147	145	147	147	147	145	147	148	149	148	146	145	185	160	157	152	134	143	146	147	148	149	151	151	150	147	152	147	150	149	149	147	132	144	108	75	28	40	32	22	16	37	46	53	35	21	21	20	36	35	19	21	26	23	9	8	11	14	12	17	23	22	20	32	47	42	50	54	44	125	146	148	145	145	134	130	135	155	153	134	138	140	173	183	146	147	147	146	144	143	143	142	134	125	143	138	133	116	158	138	138	141	141	140	141	183	163	141	143	142	138	112	143	138	138	134	131	104	126	147	139	147	148	148	150	151	151	168	179	117	154	149	149	149	148	147	137	92	136	149	140	143	146	146	147	119	118	147	137	166	173	134	137	137	133	111	64	110	166	125	115	119	107	110	117	113	115	104	95	89	146	148	84	88	89	106	185	206	199	197	199	199	200	202	201	201	201	203	201	202	193	185	154	138	128	105	95	95	92	96	99	101	104	110	114	119	120	123	135	144	187	120	126	133	136	141	153	156	160	165	166	173	172	171	180	183	158	154	193	181	172	177	176	175	176	171	168	162	159	168	171	137	153	159	148	189	168	170	171	176	180	180	186	189	191	184	202	202	200	203	182	200	203	206	197	200	200	178	185	168	142	148	135	111	129	147	151	90	109	154	167	169	134	27	46	163	156	132	92	52	99	126	168	175	157	164	177	169	172	178	178	196	182	176	179	173	173	178	183	183	179	187	184	158	141	137	167	104	79	32	95	131	35	149	161	154	139	139	140	130	102	109	127	131	149	151	180	156	155	175	168	147	121	109	107	117	154	104	83	130	186	150	180	169	187	186	182	185	180	172	101	55	60	54	54	31	16	41	42	39	38	36	37	34	34	36	32	33	16	14	28	28	29	28	27	27	27	24	25	28	26	22	6	9	21	24	22	22	18	18	18	16	17	16	15	14	8	7	8	7	7	5	5	5	5	6	16
242	242	243	245	246	246	247	248	245	247	248	249	252	252	252	252	253	253	253	253	251	232	177	129	88	53	47	100	58	38	34	43	39	45	40	71	144	111	65	144	223	147	107	66	47	56	70	62	103	184	214	212	220	192	144	216	228	229	243	191	179	184	207	196	227	220	222	192	182	194	209	212	191	172	157	154	152	160	163	163	178	175	190	181	207	207	196	152	161	155	159	160	201	215	216	213	215	214	203	174	213	182	155	143	146	153	146	168	211	179	130	146	146	175	206	184	150	184	203	186	206	192	134	150	152	152	147	157	170	185	167	176	161	149	170	161	153	154	152	156	165	171	183	155	181	218	164	144	166	189	174	166	167	171	195	215	141	118	130	128	126	129	131	198	218	140	119	120	128	123	125	126	123	123	119	113	116	117	112	117	116	110	119	116	111	111	108	111	107	107	99	95	100	108	109	109	111	108	109	112	113	110	119	122	123	129	128	130	134	135	137	140	138	137	138	134	132	143	140	144	137	124	142	148	144	149	152	147	137	144	150	150	153	158	153	152	166	159	145	150	155	160	159	157	154	154	156	156	155	159	164	161	162	163	152	153	160	160	154	154	158	158	157	156	157	151	154	154	163	164	163	162	154	152	151	154	162	166	165	162	163	167	163	163	164	162	161	163	162	161	161	158	160	159	159	154	151	151	152	152	152	153	144	148	155	153	153	149	147	145	146	141	138	138	137	136	132	124	129	126	131	202	214	207	212	208	187	175	158	137	141	170	170	172	174	173	171	173	171	172	173	170	172	167	170	198	178	182	165	160	173	174	174	174	174	175	172	173	179	148	121	121	113	124	144	123	110	118	125	121	56	23	11	17	15	15	30	22	20	23	12	27	48	53	28	34	46	15	13	14	18	14	23	29	15	29	36	23	24	39	40	76	155	176	175	175	175	161	152	166	186	181	165	172	166	187	188	162	168	162	165	165	165	164	164	148	144	165	166	168	155	186	167	164	165	165	165	160	191	177	162	162	162	159	130	160	161	165	162	162	153	177	165	150	153	151	150	150	150	149	165	182	130	151	147	147	147	147	148	145	136	183	139	142	143	142	145	145	132	130	145	145	170	178	145	146	144	140	131	112	157	137	143	146	146	124	131	148	138	132	127	115	103	154	158	94	95	77	109	190	205	202	204	204	204	204	204	204	204	204	203	201	201	194	192	159	145	148	130	118	118	116	115	115	112	112	110	105	103	104	84	59	77	194	149	78	82	80	81	79	79	82	83	86	76	79	80	81	78	111	108	169	117	98	107	114	121	126	131	137	140	144	156	161	131	146	162	162	189	172	172	173	172	169	165	166	171	162	134	158	158	155	164	163	188	170	179	174	187	189	183	187	172	159	157	118	61	98	115	119	66	131	118	145	171	136	30	69	162	131	104	109	132	100	111	153	161	177	174	178	170	169	175	176	190	181	178	179	173	170	177	178	179	177	185	187	163	144	137	165	108	81	33	94	132	33	146	157	151	140	142	136	127	104	111	131	126	143	152	176	155	155	175	166	133	129	108	109	119	151	106	145	191	187	145	180	168	185	182	180	177	176	173	86	11	17	17	17	11	8	17	17	16	16	15	15	17	17	17	17	15	7	6	14	13	17	16	16	16	16	19	19	19	19	18	6	9	18	16	16	16	14	16	14	12	14	14	12	13	8	7	8	9	7	6	6	6	5	4	13
242	242	243	243	245	247	248	248	248	248	250	251	251	252	252	252	253	253	255	254	251	255	225	127	66	121	65	68	73	47	31	32	44	49	81	187	187	177	110	185	135	102	144	112	64	76	96	90	160	176	176	227	242	188	145	219	226	229	243	190	179	183	196	199	228	215	221	191	183	200	215	205	168	163	152	153	154	159	164	158	175	172	181	181	207	196	170	141	162	156	155	154	186	207	215	213	215	214	203	176	211	171	146	147	149	150	146	154	205	181	133	148	144	158	189	185	160	183	196	190	203	188	137	147	146	147	149	165	168	158	151	158	152	154	170	160	157	160	151	151	169	165	174	152	177	217	166	145	168	190	173	167	169	166	193	215	141	121	130	130	124	130	134	198	218	147	126	126	126	119	122	122	117	121	120	113	116	119	119	115	113	107	111	111	116	111	102	99	108	105	101	106	118	109	103	114	113	114	123	129	129	125	123	136	137	130	128	137	135	141	136	134	136	135	138	141	142	146	142	139	138	132	148	150	147	141	139	138	149	152	149	150	152	156	155	158	157	157	158	155	154	155	155	154	149	155	156	150	153	156	159	154	155	153	152	155	154	155	151	151	154	152	150	156	152	155	155	152	153	157	157	155	150	148	149	151	149	143	151	156	149	134	142	147	150	143	147	149	149	140	146	140	135	132	135	129	142	143	142	142	147	142	129	126	138	139	137	137	147	146	146	141	140	141	140	137	125	118	136	134	134	203	211	213	214	210	192	169	147	141	143	165	175	177	177	177	177	177	178	178	178	172	163	170	170	194	172	171	171	166	180	180	180	180	180	181	177	169	178	140	97	83	88	90	82	85	93	113	140	193	114	59	21	14	10	28	29	13	16	19	26	24	50	43	22	13	28	17	10	17	17	12	17	15	7	21	29	25	31	50	61	103	171	180	180	181	180	163	159	174	183	186	174	174	177	192	194	177	177	176	177	177	175	175	179	156	153	179	177	174	164	194	177	174	177	177	176	178	195	185	177	177	177	173	140	171	176	173	172	174	165	180	183	171	174	174	177	177	177	174	183	189	147	177	175	176	174	174	175	174	160	192	164	167	167	166	168	167	147	145	167	165	183	187	162	162	161	159	159	141	182	154	150	150	151	133	138	147	138	140	137	127	117	157	163	114	117	104	153	200	205	207	207	207	207	207	210	210	210	210	209	209	209	200	201	187	171	135	138	143	144	142	144	144	144	144	144	144	137	126	101	80	99	183	108	100	112	123	125	110	130	150	146	123	86	84	78	60	72	123	115	161	93	68	71	68	67	65	67	62	64	61	57	59	131	83	56	74	160	74	76	84	93	99	103	109	120	125	126	138	147	150	159	165	186	173	174	170	176	181	160	174	176	169	137	156	98	109	68	70	59	133	156	121	129	106	27	85	137	128	100	132	175	147	133	130	154	164	163	170	169	172	175	172	196	188	184	181	175	175	175	180	181	175	177	188	167	142	134	170	111	86	31	92	133	33	146	158	154	139	139	139	130	109	109	133	136	143	149	169	150	153	173	161	140	127	107	107	109	162	174	196	189	184	147	179	168	184	182	179	177	176	173	83	10	16	15	17	14	11	16	14	13	12	14	16	14	14	17	20	19	10	9	16	12	14	14	14	14	14	13	9	9	9	8	6	8	9	6	8	7	7	6	6	7	7	9	7	8	6	7	6	6	4	6	6	6	4	4	10
244	242	243	245	246	248	249	249	248	248	251	252	252	252	252	252	255	255	255	255	250	233	181	153	132	210	105	29	88	61	58	78	52	31	43	72	161	207	198	180	86	71	87	68	140	142	78	53	125	185	167	245	242	158	186	217	225	230	244	185	167	188	201	196	228	210	220	192	179	198	218	191	160	163	152	148	154	158	160	157	184	163	169	190	206	180	154	142	163	158	153	151	174	204	216	213	215	216	200	176	209	168	146	148	149	147	148	160	202	179	135	149	145	153	161	165	156	180	183	190	194	183	138	146	147	149	144	158	182	162	150	147	147	149	170	158	154	159	157	152	165	168	181	152	179	217	166	146	167	190	175	168	169	163	192	215	142	124	126	124	125	128	128	193	216	142	122	125	126	121	121	121	117	120	119	117	118	117	121	114	115	116	119	116	113	111	108	105	107	104	101	104	115	112	108	112	109	106	110	117	117	124	122	117	117	127	126	126	130	125	125	128	127	130	132	139	144	142	141	137	134	139	144	147	146	138	143	143	144	152	150	154	150	153	143	136	142	136	132	136	141	139	134	147	147	155	157	152	154	154	152	145	149	144	152	153	151	152	147	146	152	151	145	154	154	155	153	155	153	153	154	155	154	153	153	155	152	145	149	163	159	147	155	155	155	151	151	156	155	152	155	155	150	150	150	147	151	151	151	152	152	152	150	146	150	150	147	151	152	150	151	146	146	147	144	140	136	138	138	133	136	206	208	181	193	206	193	178	152	156	161	164	174	182	184	180	183	184	186	180	173	166	164	179	173	190	168	171	177	174	183	183	181	183	183	184	178	167	171	162	143	151	127	81	79	73	99	90	102	133	96	33	19	21	51	44	26	18	11	43	54	27	15	14	9	11	14	14	19	19	7	16	28	24	19	22	32	34	51	62	74	130	176	181	186	184	186	172	169	179	189	188	178	183	180	189	191	180	183	179	183	183	182	181	181	171	168	182	181	180	176	194	182	182	182	182	181	175	193	187	180	180	180	177	158	179	181	181	180	180	171	186	191	180	179	180	181	183	184	181	187	187	156	181	181	181	178	178	180	178	168	196	174	177	177	178	179	181	162	159	180	177	186	193	174	174	172	173	173	157	184	165	172	173	175	154	154	173	172	169	168	145	125	164	167	130	133	127	158	202	205	206	207	207	207	207	209	209	207	207	207	207	207	200	202	190	185	140	138	148	151	151	149	150	150	149	147	137	124	118	118	110	127	186	116	115	118	128	134	123	134	146	135	116	111	110	105	88	132	106	96	170	120	102	106	103	103	100	100	92	92	84	69	95	112	100	83	89	164	83	75	73	73	75	69	54	48	84	128	52	53	54	52	86	158	70	75	81	88	99	124	114	120	123	135	155	155	166	102	78	92	112	172	168	149	90	28	94	131	154	151	161	178	133	149	160	157	153	148	152	149	154	155	157	193	184	184	190	191	193	199	202	197	185	179	194	174	154	138	164	111	86	31	91	135	32	146	155	154	142	137	137	136	113	104	124	136	140	143	169	143	150	165	151	147	112	101	104	130	182	196	192	186	181	147	179	168	184	181	179	176	174	172	86	11	13	11	14	11	9	15	14	12	11	12	14	13	11	13	18	20	10	8	14	10	12	12	11	10	10	10	6	6	6	4	5	6	7	5	6	6	6	5	6	5	3	4	4	4	5	6	5	3	3	4	3	2	2	1	5
243	245	245	245	246	248	249	249	250	250	251	253	253	252	252	253	254	254	254	255	214	155	114	93	78	121	97	41	140	194	121	179	96	98	87	118	179	191	182	161	119	86	54	108	208	216	160	148	138	187	210	234	253	141	172	217	225	226	243	188	171	177	205	195	228	207	222	189	180	187	214	176	159	169	153	147	156	160	157	160	180	156	158	168	201	171	151	146	162	156	150	150	164	203	215	213	215	216	199	178	215	172	144	146	144	142	154	164	174	166	136	152	152	153	157	157	153	181	177	174	190	177	140	147	146	147	146	151	177	179	149	149	150	149	171	158	152	157	154	149	151	161	173	155	181	217	163	146	166	188	177	171	169	165	195	213	142	118	119	122	129	127	128	195	218	142	120	125	122	116	119	121	120	117	118	120	122	114	112	117	113	113	114	108	112	116	116	111	110	104	102	101	112	109	104	112	111	109	110	123	122	122	125	128	125	129	137	141	138	120	119	132	134	138	140	141	147	146	139	141	141	137	143	146	137	139	146	148	142	153	151	151	151	155	145	141	143	148	145	146	145	148	145	145	145	150	156	154	153	153	156	154	155	155	149	153	156	158	155	155	154	156	159	154	154	150	148	151	153	151	151	153	153	148	147	152	153	153	154	156	159	161	161	154	152	152	153	155	155	152	158	161	151	148	152	151	152	149	157	156	145	145	145	142	145	140	140	143	144	139	139	132	130	130	135	131	137	133	130	126	141	207	209	182	166	168	168	163	133	134	137	139	140	157	178	176	178	175	177	159	141	146	168	174	154	186	165	163	168	164	176	177	177	177	177	178	169	154	143	149	162	145	123	115	118	90	82	97	106	89	47	24	36	70	61	46	30	14	9	37	17	16	14	13	15	11	28	24	20	11	27	33	48	39	42	40	46	33	44	55	108	160	163	159	178	179	170	162	160	172	182	182	171	174	171	189	192	172	177	175	177	178	178	177	178	163	160	176	178	173	165	189	176	174	176	175	175	172	193	183	175	175	175	171	153	174	174	175	174	174	168	180	180	173	175	176	175	175	177	174	177	192	157	179	177	175	175	174	175	180	166	188	175	176	175	176	178	178	168	164	174	169	181	189	174	175	177	178	180	169	190	166	174	176	181	170	169	181	178	180	181	160	143	173	179	151	159	153	170	201	202	206	208	208	208	208	207	207	207	207	209	209	209	200	205	193	184	158	163	168	170	169	169	168	169	171	163	137	130	131	134	128	135	191	132	130	130	127	129	130	131	123	127	129	127	126	124	106	154	136	121	178	135	121	126	125	123	122	119	116	116	113	108	151	103	117	115	120	170	117	104	108	110	107	101	86	105	106	107	95	92	85	88	104	165	82	70	58	52	60	135	81	52	57	51	48	60	91	129	118	82	101	83	84	133	71	22	59	69	118	76	110	172	167	172	177	180	178	171	174	165	170	176	171	189	174	172	175	169	168	170	179	184	181	175	189	171	163	156	174	146	133	92	113	148	64	155	163	151	140	142	137	164	119	101	113	119	137	139	169	138	148	151	155	125	93	114	160	181	184	191	184	185	184	147	180	167	183	180	179	176	174	171	81	7	13	11	13	13	9	14	13	12	11	10	10	8	9	13	20	20	9	9	13	11	10	8	10	10	9	9	4	4	4	3	3	5	4	2	1	0	1	1	2	2	0	1	3	6	6	10	10	9	13	16	20	25	32	38	47
245	244	245	245	246	248	248	249	246	243	241	213	213	229	252	251	248	245	244	241	159	87	107	67	45	46	62	111	171	197	175	209	201	189	100	189	220	134	161	156	65	35	72	217	218	230	253	223	176	190	224	218	216	161	151	218	222	229	240	179	167	189	210	197	229	207	220	185	173	177	212	170	155	168	148	144	150	153	153	153	171	148	158	161	200	167	148	145	162	153	150	150	152	197	215	213	214	216	197	177	217	192	151	154	146	147	147	151	151	164	143	151	154	153	153	154	150	174	180	185	182	177	138	148	147	146	146	151	180	163	147	145	151	150	170	158	146	152	146	149	148	159	154	152	181	218	161	144	166	187	178	168	168	162	193	214	137	118	122	123	123	123	125	195	218	141	118	125	126	118	119	121	117	115	117	122	121	115	109	116	116	113	105	108	102	108	112	111	108	107	101	98	111	109	104	111	115	122	124	122	120	124	128	133	131	130	131	129	137	132	128	137	134	132	133	128	126	126	139	148	143	143	148	147	141	150	151	150	153	149	146	152	153	157	153	151	156	153	147	151	147	153	151	157	157	149	152	157	154	152	152	154	159	160	158	153	156	155	144	143	139	145	155	154	156	154	151	152	152	151	152	154	155	153	152	153	153	151	153	150	152	148	149	149	148	146	146	147	150	149	155	155	149	145	156	154	154	148	157	153	144	139	142	142	144	142	145	136	142	137	134	134	135	131	141	136	131	129	130	126	141	208	209	213	212	195	156	154	128	134	137	140	139	140	164	180	179	178	178	148	142	146	164	180	159	187	160	167	169	168	183	181	183	183	183	183	171	150	149	146	148	143	138	124	114	112	98	72	87	77	39	35	72	56	28	20	29	9	29	34	15	15	19	13	13	16	17	11	26	29	33	20	19	24	63	25	46	53	50	73	131	134	152	148	173	140	161	165	163	167	179	189	177	180	180	192	196	179	181	178	178	180	180	180	182	164	163	181	178	179	168	198	181	179	181	181	183	180	196	190	182	181	181	177	152	179	181	180	180	183	172	187	186	177	183	180	181	181	181	178	187	193	153	181	180	180	179	180	179	180	167	197	176	177	176	177	178	176	157	157	176	171	183	190	172	174	175	175	174	159	183	154	153	153	156	154	157	167	165	165	163	159	150	171	181	158	160	149	171	198	201	199	200	201	201	201	198	198	198	198	195	194	194	185	198	184	179	152	162	170	176	174	172	177	177	171	166	153	155	155	158	150	144	192	152	153	154	152	150	151	150	147	147	145	146	145	145	133	163	152	138	180	155	141	138	138	138	136	135	132	131	130	121	166	134	129	128	137	181	132	123	124	126	124	126	112	146	134	115	118	118	115	119	128	176	117	111	101	97	121	100	101	103	99	95	95	95	86	141	108	83	106	75	63	65	34	27	57	44	67	54	96	143	65	76	87	92	99	103	111	124	138	147	159	188	183	187	191	181	181	181	176	176	167	174	194	172	152	137	165	120	98	58	100	145	76	155	173	173	157	145	137	169	136	119	125	125	132	138	168	133	143	149	146	113	144	182	199	180	186	189	186	186	182	145	179	167	182	180	178	176	175	174	83	8	13	13	13	14	8	12	11	10	10	11	11	11	11	14	20	20	8	6	8	9	10	10	11	9	6	8	6	8	9	11	13	18	17	22	29	34	42	49	54	59	62	66	68	63	60	65	61	59	60	52	52	51	57	56	57
245	246	246	247	248	249	249	253	213	148	165	171	184	231	255	247	185	197	163	170	107	55	80	54	28	31	51	85	79	77	67	197	242	172	191	215	161	87	144	102	41	45	81	201	202	239	241	234	151	113	206	232	127	116	142	222	222	231	240	181	156	176	205	198	219	202	205	174	162	164	203	169	153	163	147	143	150	153	153	153	173	145	153	163	196	161	146	141	162	153	147	149	144	173	200	213	212	215	197	178	218	197	147	159	147	151	144	145	152	164	142	151	150	148	148	148	145	161	167	189	166	177	133	146	146	146	144	154	192	169	147	145	149	147	170	159	143	149	146	146	146	163	148	150	181	218	162	145	167	187	176	165	162	162	194	212	139	118	131	125	120	121	120	193	216	137	114	122	126	123	124	123	114	117	119	121	122	119	116	119	114	110	111	108	103	106	107	107	102	107	99	99	114	114	115	118	124	119	123	116	119	122	125	128	127	130	131	129	132	141	141	139	140	139	141	135	114	126	141	148	148	144	142	144	143	148	148	143	148	151	146	143	138	147	153	149	157	157	132	136	139	151	153	157	160	150	146	149	147	148	147	148	160	161	155	151	152	149	134	139	144	149	151	149	152	152	153	151	152	152	154	155	154	154	155	154	148	150	150	149	136	134	137	143	136	135	140	152	149	152	152	146	147	147	152	150	150	150	156	151	148	144	145	144	147	145	150	139	130	129	132	139	141	133	138	132	127	126	128	124	132	205	212	208	208	208	183	159	119	131	137	138	140	140	147	170	178	177	171	149	141	144	161	173	149	186	159	164	170	162	174	176	175	175	176	176	170	158	152	147	143	145	151	120	83	99	96	72	76	62	44	37	28	20	15	12	19	45	72	60	23	10	19	17	24	35	28	25	29	44	35	12	20	36	29	22	38	54	72	96	91	89	114	125	99	74	134	150	163	154	175	186	174	177	174	191	195	176	177	176	178	178	178	178	180	161	161	180	176	175	164	195	182	181	181	183	183	180	198	189	181	181	181	178	153	177	181	183	182	186	174	187	185	174	180	180	182	182	182	181	189	191	157	183	181	181	181	181	182	181	166	196	177	179	178	179	180	180	164	162	176	178	183	193	178	178	178	176	177	162	187	159	159	156	156	150	150	157	156	156	154	154	153	175	180	155	154	142	165	202	207	205	209	209	209	207	207	207	207	207	207	207	207	198	202	192	179	139	137	141	153	164	166	164	155	146	144	145	143	145	146	138	141	190	144	145	148	148	148	149	149	149	148	148	150	151	151	140	166	154	135	179	161	150	155	155	155	157	157	154	154	154	146	174	155	157	151	143	185	157	148	148	150	149	146	139	155	153	143	140	136	131	134	141	176	131	130	127	124	150	117	120	119	121	118	118	115	113	157	130	134	107	108	121	85	26	39	119	126	103	103	105	152	64	66	63	57	54	44	33	81	96	35	101	138	62	76	88	113	127	139	165	182	187	184	195	167	149	139	164	104	84	28	90	129	26	137	149	149	139	130	127	166	129	122	140	146	152	145	171	144	147	134	144	160	195	192	190	179	185	188	188	184	179	147	178	166	180	179	177	176	174	170	84	12	11	9	9	9	7	9	6	5	5	9	9	12	12	16	23	26	19	27	33	39	45	52	57	59	61	62	63	67	64	59	57	59	57	56	53	51	49	43	39	30	23	18	15	12	9	10	5	3	2	2	2	0	0	0	5
245	247	248	248	248	249	250	253	205	138	193	180	85	144	179	219	151	130	114	125	97	79	90	67	36	59	122	38	41	42	40	128	161	146	208	230	177	97	215	203	70	57	104	160	155	204	153	224	194	202	232	255	193	78	140	222	222	228	239	188	151	150	183	194	206	195	196	172	174	162	206	172	152	163	147	146	156	153	156	153	174	147	156	165	190	157	148	139	159	152	146	147	141	154	187	212	212	215	197	178	219	191	152	150	145	147	144	144	152	161	143	157	150	148	147	145	150	148	152	161	154	177	132	146	143	146	143	156	175	172	147	145	146	148	170	157	142	146	146	146	145	160	151	150	181	217	162	144	165	187	177	165	166	165	194	212	139	115	127	127	122	126	122	193	216	142	119	122	120	115	121	115	120	119	121	122	121	119	118	117	107	101	111	104	102	106	106	104	106	105	104	102	108	106	112	116	119	111	117	120	125	123	122	119	116	123	127	130	132	138	137	137	137	138	144	140	123	140	143	137	136	141	137	134	136	131	129	130	150	153	150	153	143	142	146	144	136	139	142	136	132	130	147	153	156	153	142	135	136	138	140	139	146	149	141	145	146	140	137	140	147	148	145	147	153	157	152	158	161	161	159	157	156	156	159	163	161	164	161	159	152	155	151	147	144	137	146	149	146	140	146	137	147	153	145	139	144	144	150	151	145	139	139	138	142	139	145	144	155	151	151	150	141	138	139	136	132	129	130	127	142	207	209	208	209	206	183	160	122	132	137	137	135	139	142	157	166	164	164	148	141	158	167	157	149	188	158	164	166	159	168	170	170	171	171	171	162	152	149	144	143	146	129	111	88	101	77	70	53	40	27	26	38	38	32	35	81	94	67	70	14	8	12	22	15	52	43	35	23	8	19	21	22	45	27	12	16	30	65	91	82	63	62	91	100	92	87	109	147	158	180	177	162	168	164	183	187	166	167	166	166	166	166	166	165	157	156	163	163	161	156	189	160	166	166	166	166	164	190	180	167	167	166	164	149	169	167	168	166	168	162	181	176	164	167	167	171	170	171	171	181	192	153	174	173	172	172	172	172	169	158	194	172	174	174	176	178	178	161	162	176	177	186	190	176	178	177	176	177	162	186	159	159	158	160	156	151	160	157	157	158	159	156	176	180	157	158	146	165	204	207	205	207	207	207	207	207	207	207	209	209	209	209	200	206	193	179	142	148	143	144	148	148	144	142	143	143	143	145	143	145	138	144	191	139	139	142	142	140	139	139	141	139	139	139	141	139	124	163	150	135	182	148	135	137	137	138	138	137	136	136	138	130	167	141	146	142	142	182	149	145	147	151	149	152	144	161	162	154	151	154	150	147	145	182	157	158	156	151	170	146	150	148	146	144	141	138	132	166	146	150	128	124	126	113	34	58	143	145	101	135	132	165	102	101	101	101	92	78	100	88	88	75	114	144	60	47	45	87	85	35	50	63	98	154	194	174	162	151	173	143	116	61	93	134	26	137	151	144	142	140	134	167	117	89	110	119	127	129	171	138	152	169	184	169	191	193	192	180	185	188	183	179	180	147	178	166	179	179	176	174	173	176	90	19	24	30	33	37	35	40	43	48	52	55	58	61	61	60	58	55	46	47	47	47	46	40	38	32	28	22	15	12	9	9	4	4	4	2	1	2	1	1	3	4	4	4	3	4	6	9	4	3	4	4	5	5	3	4	10
248	249	249	249	250	251	251	252	250	215	195	151	56	54	82	158	170	55	41	49	64	54	58	55	88	121	119	24	32	42	73	71	94	140	150	106	108	104	134	223	180	46	126	152	106	186	192	237	251	254	253	235	153	83	151	219	221	229	238	178	146	147	170	184	183	181	190	167	182	162	200	166	155	163	148	152	153	147	147	144	166	142	147	151	174	154	148	140	159	151	145	146	141	150	190	212	212	213	196	182	215	168	159	170	147	143	145	145	152	166	143	152	150	151	148	145	147	149	153	155	152	176	133	147	143	146	145	149	150	152	146	145	146	149	171	154	140	146	146	146	148	159	151	147	178	217	160	144	165	187	178	168	165	166	196	210	131	109	117	125	123	126	122	191	218	146	120	122	121	117	121	118	123	125	123	122	121	124	115	115	111	105	105	107	107	110	108	106	105	104	97	87	97	103	103	112	109	99	102	109	109	109	106	98	106	124	124	124	136	139	136	139	130	133	142	144	139	144	133	124	124	134	136	130	135	132	135	135	149	156	156	157	156	152	150	156	151	148	159	156	150	154	156	157	156	165	159	156	156	159	156	156	154	148	152	154	155	155	161	161	164	159	151	156	153	154	147	159	159	159	158	153	153	152	157	162	164	164	161	161	163	164	156	145	145	138	145	148	150	144	150	141	148	150	145	146	148	145	149	150	142	137	139	139	138	139	144	136	135	135	139	145	137	137	137	134	127	125	129	133	141	206	209	208	209	207	185	163	127	133	137	136	138	139	143	152	158	164	174	157	140	159	176	175	152	185	155	163	167	168	184	180	183	183	183	184	165	150	152	148	144	143	145	132	103	83	44	36	27	22	40	31	66	93	62	76	67	55	38	55	19	7	10	16	18	46	15	23	15	5	7	10	22	68	45	48	44	66	68	71	96	38	42	82	80	97	62	85	106	151	182	173	175	180	177	195	197	177	178	179	181	181	180	181	182	161	161	179	179	180	168	190	163	177	177	177	178	177	195	185	176	177	177	172	150	173	175	176	177	176	168	183	178	168	172	171	171	171	171	171	180	192	151	173	171	171	169	169	167	167	158	191	164	166	164	166	166	168	154	153	165	163	181	187	163	165	165	165	166	148	186	154	152	152	155	151	147	154	153	153	151	153	150	174	179	151	153	141	165	203	203	205	208	207	209	209	207	207	207	207	206	207	209	200	205	193	183	137	143	145	145	144	144	144	142	144	145	144	147	146	143	137	142	189	141	143	146	144	143	140	140	143	144	145	144	144	141	129	164	154	141	181	149	140	140	140	140	140	140	139	138	138	129	171	140	144	145	148	183	148	140	144	144	146	144	132	156	153	143	145	142	137	143	147	180	147	144	143	140	163	144	143	143	144	146	147	146	132	159	162	163	151	151	155	133	38	74	151	146	143	149	143	174	134	135	131	129	125	113	139	114	115	107	133	159	93	89	103	82	84	77	74	68	68	138	191	179	181	183	175	176	180	168	151	132	31	143	162	154	143	136	134	166	117	90	105	108	121	133	157	123	157	194	189	173	188	180	178	165	178	188	185	173	182	147	179	166	179	177	176	174	173	171	99	39	41	42	40	37	33	30	27	24	21	20	19	16	16	19	22	22	16	11	11	9	9	8	10	10	9	7	3	2	5	4	3	7	6	6	5	6	7	6	5	6	6	6	6	6	6	9	5	2	3	2	2	1	2	1	5
248	249	250	251	252	252	252	252	252	218	226	227	177	133	129	105	118	40	71	66	54	67	114	105	91	77	41	39	77	83	59	75	75	60	41	51	95	84	122	136	140	83	42	90	68	150	252	246	244	235	220	159	69	78	148	219	222	228	238	178	162	148	181	172	159	165	187	166	178	164	197	172	157	162	147	155	153	149	149	148	168	144	147	147	161	152	150	143	163	151	144	143	144	150	190	212	211	217	195	179	213	167	150	149	146	144	144	146	150	164	143	152	148	151	151	148	151	151	151	151	152	176	134	145	143	146	146	143	144	146	146	145	147	147	172	154	140	146	148	146	149	159	152	147	178	217	159	145	165	186	175	161	161	167	197	210	143	116	118	120	122	122	119	189	215	143	120	122	124	119	122	124	122	125	119	115	121	123	118	121	119	114	114	117	115	114	109	109	111	110	99	90	97	105	105	113	117	112	112	122	120	121	123	124	129	138	145	144	138	147	144	139	148	150	139	141	128	143	151	149	145	133	134	142	149	154	159	159	155	157	159	158	159	160	158	160	153	150	153	154	151	156	153	145	145	154	160	159	160	156	141	140	142	150	150	148	148	150	152	149	148	162	159	157	158	152	152	156	153	151	156	155	156	156	156	160	155	152	156	156	158	155	155	152	141	143	144	154	152	152	152	146	145	145	148	153	150	144	147	144	143	143	146	146	142	139	144	135	133	133	130	139	138	137	135	132	126	126	133	135	141	206	211	209	209	205	185	160	124	133	136	135	137	139	142	142	144	150	151	142	143	162	172	163	140	189	155	166	167	166	182	181	181	183	178	175	157	142	140	143	143	151	141	139	132	99	77	43	13	18	25	22	73	69	77	64	43	36	44	29	12	23	14	31	56	31	6	9	7	46	41	24	32	57	50	55	81	65	73	66	91	63	73	115	71	75	73	86	101	129	122	169	177	180	178	193	198	180	180	180	180	180	180	180	180	162	161	179	176	177	165	195	162	174	166	165	176	179	197	189	179	181	182	176	153	178	182	180	180	180	172	184	181	168	177	175	177	177	177	176	186	191	153	179	178	178	177	176	177	177	163	195	178	181	179	181	180	179	162	161	179	177	189	193	177	177	178	177	181	160	185	160	156	158	155	152	149	155	155	155	156	154	151	175	180	150	154	141	166	202	204	206	207	207	207	207	207	207	207	207	207	207	207	198	205	194	181	141	140	141	143	143	143	140	140	143	143	143	141	140	141	136	144	189	138	141	144	143	144	142	141	141	143	143	143	143	142	128	164	152	138	181	147	140	139	140	140	140	140	140	140	138	134	173	143	144	145	149	183	151	140	144	146	146	147	135	156	156	146	147	146	143	144	148	178	149	148	142	137	171	143	141	141	137	139	140	137	132	163	149	159	139	138	135	113	44	74	138	142	128	147	138	174	135	139	141	144	142	138	162	144	145	136	138	170	137	134	149	125	119	116	109	104	113	169	194	189	187	180	164	118	119	138	139	155	90	59	62	98	125	142	139	166	118	95	102	107	100	101	177	183	172	197	197	179	191	186	187	171	178	173	165	153	177	148	176	169	179	176	176	173	174	171	87	9	11	8	7	8	8	8	8	8	8	11	11	11	11	17	24	26	19	18	18	12	12	8	9	10	9	8	3	2	4	4	3	6	6	6	6	6	6	6	6	5	2	0	0	0	0	10	7	0	2	2	3	0	1	0	6
250	251	251	252	252	253	253	253	251	248	253	253	255	248	183	140	111	86	59	117	112	93	93	183	94	145	139	83	158	103	25	31	43	41	35	105	114	67	171	110	78	91	102	179	144	116	229	255	250	196	139	99	96	88	147	221	219	228	235	178	156	149	193	163	156	158	183	165	164	164	188	176	156	161	144	149	149	148	151	150	166	147	150	146	151	147	148	144	162	151	144	145	147	147	169	209	212	216	195	182	210	164	142	142	143	146	143	144	149	161	140	152	148	150	151	148	148	150	150	149	152	176	135	144	146	144	146	149	145	145	146	146	146	147	171	153	140	146	146	146	147	158	149	144	178	217	158	145	166	186	172	158	163	166	197	209	142	122	125	119	120	122	119	190	216	143	119	122	124	116	120	119	123	128	126	119	123	124	124	118	117	116	118	119	117	117	110	107	108	100	99	109	114	112	114	114	121	124	131	128	127	127	124	121	126	135	135	135	132	130	129	127	121	123	127	138	133	137	141	133	130	142	150	150	154	151	143	143	143	142	141	144	145	148	146	147	144	139	142	142	142	145	150	130	134	136	151	152	152	155	142	138	145	154	156	150	150	155	154	149	148	159	158	159	160	156	151	155	153	144	144	147	150	147	151	141	141	138	147	145	149	146	149	149	145	146	156	158	157	151	145	136	148	149	146	143	147	145	148	148	149	149	149	149	153	147	148	147	149	147	140	137	140	138	136	134	133	130	138	131	147	206	207	207	211	210	190	168	140	148	150	150	150	151	152	153	154	157	152	153	157	160	161	160	150	191	161	173	174	174	186	185	186	187	172	159	157	152	150	151	146	156	147	152	150	136	97	40	29	26	20	18	33	60	55	41	67	31	33	27	27	56	36	44	33	16	24	13	8	43	43	51	70	62	46	62	72	61	62	59	68	81	83	83	87	95	72	42	90	110	117	171	180	181	178	193	197	181	183	184	181	181	181	181	182	165	165	181	181	183	172	195	161	165	154	154	169	164	189	191	181	183	183	178	154	180	184	180	181	182	174	186	174	156	162	162	167	167	163	162	185	194	155	176	177	176	176	176	177	175	165	196	175	178	178	181	180	180	163	161	179	178	190	193	178	178	178	180	178	157	187	154	156	159	159	154	150	159	160	158	159	159	156	177	180	154	155	144	163	201	206	203	207	207	207	207	207	207	207	207	207	209	209	200	205	193	181	141	141	141	143	144	143	143	143	143	143	143	143	143	142	136	143	190	141	140	143	143	141	141	143	140	141	141	140	138	140	126	164	152	139	181	147	138	139	140	139	139	140	140	140	138	131	171	141	142	146	149	184	151	140	146	146	147	147	134	155	156	146	147	144	141	145	149	181	149	145	139	135	174	149	147	151	144	140	144	140	128	162	154	163	138	148	143	75	34	90	140	139	129	153	144	172	126	129	130	129	127	121	147	129	129	128	138	170	131	130	151	132	132	135	139	137	134	167	194	188	191	185	170	140	137	134	131	158	88	57	33	36	67	35	74	163	118	95	98	84	121	162	192	184	169	195	194	177	191	187	189	175	180	185	182	167	166	129	170	179	179	174	173	173	173	170	87	10	15	11	11	10	11	11	10	11	10	10	10	10	10	15	24	27	19	18	15	9	9	5	5	7	6	6	0	1	3	1	4	6	6	3	0	0	0	3	3	0	0	0	0	0	0	10	5	1	2	5	7	4	0	0	6
251	251	252	253	254	253	253	253	252	253	250	250	250	196	205	249	228	162	164	199	118	94	59	113	206	212	206	135	74	40	37	40	57	61	51	54	54	50	129	116	204	202	238	228	190	69	131	219	241	173	88	105	95	96	181	219	219	230	234	175	145	155	199	154	163	160	186	165	158	158	185	174	154	161	142	146	146	146	149	149	165	142	145	145	145	146	147	146	162	152	144	146	148	144	151	203	215	214	195	164	172	154	145	148	140	146	141	144	149	160	140	152	148	148	147	145	147	147	148	148	153	174	132	147	149	146	143	149	145	145	146	148	145	147	169	153	141	146	146	145	146	156	149	144	178	217	158	143	165	187	176	164	164	162	196	207	142	123	126	119	117	119	117	187	215	137	111	116	118	113	115	117	113	118	119	111	118	120	118	118	120	119	118	116	114	118	113	111	106	100	94	95	100	91	91	97	109	110	115	114	114	118	109	108	115	123	120	124	123	120	121	121	124	124	130	136	125	135	138	139	144	145	149	146	147	149	143	147	152	148	148	153	157	151	151	151	156	154	156	154	153	156	162	153	155	151	151	142	142	158	157	157	156	157	162	158	160	160	159	155	153	156	152	158	158	159	151	158	153	142	141	142	142	138	142	141	150	148	150	150	152	149	152	149	143	141	145	148	146	142	144	142	143	145	146	147	147	148	150	153	149	152	149	149	153	151	148	145	140	143	143	143	134	132	131	132	131	128	129	126	140	211	204	162	165	182	179	167	143	151	154	153	154	154	154	155	155	155	153	156	154	155	160	158	150	188	158	168	168	169	179	181	180	183	177	173	159	154	152	157	153	155	144	142	132	127	83	56	38	31	29	34	25	31	49	71	96	38	31	34	34	26	59	23	17	9	11	14	15	19	19	36	73	68	37	41	48	63	59	54	72	61	36	22	42	57	56	40	60	51	89	143	177	177	174	188	189	174	175	177	179	180	178	178	179	169	168	177	177	180	171	187	162	159	159	158	159	154	182	184	180	181	180	176	165	180	179	182	180	180	174	186	177	168	165	160	161	161	159	159	180	196	161	182	179	179	177	178	180	180	171	195	181	184	181	184	184	184	169	169	184	177	188	194	181	183	183	184	184	169	190	160	165	168	168	165	160	168	167	166	165	165	159	177	181	156	152	139	166	201	208	206	209	209	210	210	210	210	210	210	210	210	210	201	206	194	181	139	141	142	143	143	142	143	143	143	143	143	143	143	140	133	142	189	141	140	141	141	140	141	141	140	140	140	140	140	139	125	165	153	141	183	147	138	137	139	138	137	140	140	140	138	131	170	139	139	142	146	180	147	136	140	143	143	144	132	152	153	143	144	141	138	143	147	178	146	144	140	140	174	149	149	155	146	138	144	142	130	158	150	158	138	144	148	85	27	102	145	140	130	152	141	171	130	131	132	132	130	124	151	130	130	127	143	167	124	126	146	120	119	117	118	122	133	176	191	183	186	178	167	140	140	138	129	164	118	115	115	100	91	68	56	145	94	83	99	157	190	181	184	184	169	194	192	176	191	187	187	175	178	182	182	167	179	139	140	166	182	173	173	171	170	168	87	5	9	8	8	6	8	5	6	6	6	6	5	6	5	15	27	27	19	18	15	6	6	4	5	5	5	6	0	2	5	3	6	6	5	3	3	0	3	6	5	0	0	0	0	0	0	9	5	1	2	1	3	1	0	0	6
249	252	252	252	252	252	252	254	252	253	251	252	248	224	221	197	144	117	132	95	65	84	131	141	217	155	76	42	43	60	66	75	78	78	57	45	45	59	74	90	186	249	204	214	184	64	103	173	186	143	71	88	113	106	172	225	219	230	226	170	144	150	198	156	159	154	179	164	157	156	187	179	154	158	142	142	144	145	150	148	165	139	144	143	144	148	147	147	164	150	145	145	150	149	153	205	213	215	194	140	153	153	146	152	142	146	145	145	152	160	140	152	146	146	145	143	147	149	148	146	153	173	133	148	149	145	142	143	145	143	145	147	147	145	172	151	142	147	143	143	145	156	147	144	177	218	157	141	164	186	178	169	168	163	197	207	140	119	125	126	124	124	123	191	214	143	117	122	124	123	124	121	117	124	124	114	118	120	113	123	121	118	113	106	106	111	105	102	105	102	94	93	92	91	93	108	114	117	111	115	113	115	118	127	130	130	133	133	134	142	142	136	142	142	136	136	121	137	142	140	143	148	140	138	138	138	141	141	146	138	138	147	145	136	142	153	150	148	154	144	138	139	148	147	145	147	142	136	141	142	133	132	137	150	148	149	150	143	140	140	145	157	154	154	157	156	158	157	144	136	139	139	129	126	124	141	157	154	153	154	154	151	151	146	142	140	137	142	144	142	148	144	142	144	147	145	148	147	147	148	146	147	151	149	151	151	148	142	144	140	139	137	137	135	133	131	130	131	129	126	135	207	207	206	196	174	143	153	124	133	133	136	139	139	138	139	140	140	139	137	137	137	140	140	138	187	154	163	165	171	181	182	179	182	181	179	151	140	137	141	150	151	106	90	87	75	79	46	41	53	44	44	34	42	64	116	82	53	22	31	17	28	29	14	21	17	18	20	20	22	18	20	37	52	23	22	59	41	15	31	49	34	28	28	88	37	51	51	89	37	130	154	177	178	176	188	193	180	175	177	176	176	176	177	180	158	158	179	178	177	169	190	148	142	145	142	142	154	191	186	177	175	178	168	152	174	171	170	165	165	159	178	159	152	146	142	144	144	145	145	170	190	153	173	174	174	174	174	174	176	163	189	173	177	176	175	179	178	162	161	177	172	183	189	173	174	173	175	175	161	181	156	155	156	157	156	157	157	157	157	159	153	150	174	179	157	156	151	174	189	196	197	198	198	199	200	201	201	201	201	200	203	198	191	202	190	185	157	156	156	159	159	155	156	156	155	156	154	153	151	151	145	143	190	147	147	148	150	148	148	145	143	143	143	144	143	141	131	166	157	144	182	150	141	138	139	139	139	140	140	138	137	131	172	141	142	147	150	182	149	141	145	145	145	145	131	155	153	143	145	143	137	141	147	176	145	141	140	135	168	144	144	148	143	129	122	109	100	117	146	171	150	153	160	121	60	124	151	154	142	159	155	174	136	143	147	149	147	140	160	146	142	145	155	177	146	135	156	149	151	135	125	127	140	178	196	192	188	180	169	127	123	123	129	159	94	93	113	79	83	109	94	144	102	131	175	187	184	172	189	184	172	194	194	177	191	189	187	175	180	183	182	164	181	146	119	162	179	173	173	172	170	167	85	3	6	6	6	6	6	6	6	6	6	6	6	6	6	14	27	27	18	17	12	5	6	6	6	6	6	6	4	4	5	6	6	6	3	6	3	6	6	6	6	3	0	0	0	0	3	8	5	0	1	0	1	0	0	0	6
229	236	234	251	252	252	252	252	255	255	255	255	255	251	176	85	53	62	46	114	80	77	103	68	78	55	47	54	39	62	65	67	60	42	45	42	42	52	71	59	133	135	125	103	93	103	113	177	130	63	64	64	88	159	170	223	217	234	225	162	135	144	187	155	160	141	163	166	150	153	174	171	152	155	140	140	143	144	150	146	165	138	144	141	141	144	145	147	164	148	146	144	148	144	153	208	212	213	195	135	150	151	142	143	141	144	147	147	154	158	142	152	148	148	146	146	146	152	147	147	155	178	145	150	143	142	142	143	143	143	144	146	147	145	172	150	145	152	143	143	146	155	148	145	179	216	157	140	167	185	173	165	162	160	195	204	140	120	121	120	118	118	120	189	217	140	114	122	120	120	129	127	120	129	127	123	129	126	126	126	127	121	117	115	114	118	112	107	107	102	97	101	102	102	102	112	117	119	112	114	114	116	121	124	126	125	122	119	119	105	107	123	123	123	132	138	133	138	135	126	126	136	132	130	130	130	130	133	135	126	126	138	135	129	139	150	147	145	151	142	144	145	151	148	147	150	148	150	151	151	145	144	152	159	151	150	150	147	147	148	148	151	148	156	158	158	153	147	145	144	145	150	150	150	150	148	146	138	151	151	156	151	150	146	150	147	150	148	151	148	147	144	145	146	149	146	147	147	144	142	143	142	151	145	146	145	141	138	144	137	136	135	139	138	138	133	131	131	128	122	132	202	207	195	191	198	169	156	119	131	132	138	138	138	138	138	138	138	138	138	138	139	140	140	139	185	153	163	162	163	171	172	177	174	166	158	153	147	144	139	146	122	97	69	64	37	50	61	48	47	48	55	51	75	103	94	54	22	15	16	19	25	15	15	32	24	35	35	14	20	26	15	20	24	9	31	58	29	24	37	39	100	59	41	32	24	32	49	69	78	173	185	172	178	173	186	194	173	174	174	173	173	174	174	175	160	160	174	173	175	164	193	150	144	147	144	144	154	190	171	155	153	159	151	140	151	150	151	152	152	139	179	158	142	141	142	144	142	144	144	163	190	153	175	180	180	179	179	179	179	163	197	179	179	182	180	180	181	163	163	182	181	191	194	179	179	179	179	179	161	188	145	144	144	144	144	143	143	143	144	143	143	140	171	173	141	142	136	162	184	203	205	204	206	205	204	204	204	203	203	202	203	200	193	202	186	175	145	146	147	149	149	149	150	150	152	151	151	151	151	152	145	143	190	153	155	154	157	157	157	156	153	155	155	155	155	161	150	174	161	143	183	163	157	158	158	158	158	156	155	155	155	149	177	153	154	154	151	184	159	151	154	154	154	153	141	161	158	149	151	146	144	145	152	181	148	145	136	134	177	151	144	151	136	75	35	51	99	109	123	136	137	126	133	120	119	121	125	132	139	138	138	143	138	132	132	133	140	138	131	129	129	134	134	125	141	133	136	152	160	138	118	130	141	177	194	191	192	179	169	127	123	123	127	158	98	100	124	74	76	116	112	144	59	132	181	177	176	163	181	178	166	188	182	168	191	189	189	174	181	183	175	154	163	121	152	167	176	172	170	169	168	166	84	3	7	6	6	6	6	6	6	6	6	6	6	6	6	15	26	27	19	14	11	6	6	6	6	6	6	7	4	5	6	6	6	5	6	6	6	6	6	6	3	0	0	3	3	3	3	8	6	1	1	0	0	0	0	0	6
182	179	186	203	205	205	206	207	211	213	214	214	216	210	173	126	134	166	101	106	106	75	58	53	43	22	27	32	24	55	46	56	53	34	47	33	41	73	50	49	57	68	169	69	55	50	95	213	113	105	136	97	68	97	159	223	213	229	220	162	138	144	177	153	155	148	167	160	142	151	157	157	156	155	143	146	145	145	146	142	165	137	141	140	143	143	145	145	164	148	145	143	150	145	146	193	213	212	190	143	152	147	140	141	144	142	142	142	151	158	140	149	148	148	147	146	144	147	146	149	153	176	147	150	143	143	142	142	140	140	146	149	148	145	172	150	143	149	146	146	146	155	146	144	178	215	157	142	164	182	173	165	159	158	197	204	142	121	123	123	121	118	117	186	214	137	111	116	114	107	117	119	112	118	117	112	120	121	117	123	121	118	117	111	110	116	114	112	106	105	100	99	109	106	105	112	116	123	122	122	121	121	124	128	129	127	126	129	130	127	130	135	136	138	139	142	143	146	146	141	144	140	142	141	147	153	145	151	144	151	154	150	156	154	157	153	150	148	148	151	153	154	151	153	150	153	151	151	150	156	157	154	160	158	150	146	147	149	144	143	148	150	148	151	154	150	145	145	146	144	138	145	148	142	145	144	149	146	153	153	149	151	153	142	138	138	141	144	143	143	143	148	149	149	150	147	148	149	147	143	138	140	142	134	130	127	132	139	136	132	136	138	139	137	136	131	128	125	125	125	138	198	204	176	183	199	202	197	181	188	188	189	190	189	190	190	189	189	189	189	191	190	189	189	181	195	179	195	194	193	195	198	198	195	192	191	192	194	198	192	162	110	101	61	144	84	87	98	47	69	64	29	62	69	93	50	48	26	24	14	15	15	14	21	28	31	33	33	18	9	12	8	12	20	36	55	64	20	20	33	85	89	32	32	39	29	25	37	41	104	199	198	189	186	180	186	192	181	185	186	186	186	187	189	188	185	185	188	189	191	188	202	183	180	181	180	176	173	188	185	177	177	180	175	169	172	174	169	170	171	161	185	172	159	159	159	159	157	156	154	163	193	151	166	178	180	178	180	181	181	169	196	181	183	183	183	185	187	166	166	185	179	187	194	180	180	181	180	178	163	185	150	151	150	149	148	146	146	144	144	144	145	141	172	172	139	141	130	160	186	202	204	206	206	206	206	208	209	209	207	209	206	212	201	204	192	182	141	142	142	142	143	141	144	144	144	144	143	141	138	137	130	139	185	137	140	139	139	138	139	140	137	137	138	139	140	140	130	164	154	142	179	147	136	140	141	141	141	140	141	141	141	137	168	147	148	147	145	178	154	149	153	154	156	156	147	161	162	158	158	156	155	151	148	181	159	161	158	152	180	160	159	165	149	60	21	49	64	52	63	74	70	66	69	52	60	65	68	71	77	73	76	73	69	74	70	64	76	84	75	66	61	57	52	53	60	65	64	67	55	68	110	136	141	177	193	189	191	180	169	130	123	121	127	160	97	102	129	86	95	124	130	147	129	169	181	181	187	172	186	181	163	189	182	164	179	180	178	160	169	175	146	119	163	125	170	171	176	170	170	169	169	165	85	3	6	6	6	6	6	6	6	6	6	6	6	6	6	15	27	30	19	14	12	5	5	6	6	6	6	6	3	4	5	5	5	5	6	6	6	3	6	6	3	0	0	0	0	0	1	10	8	2	1	3	0	0	0	0	3
182	183	174	179	182	179	177	180	176	177	176	177	174	168	176	178	174	172	176	169	120	72	60	38	23	19	22	36	21	24	27	32	20	23	34	28	37	41	20	40	35	50	89	50	42	30	53	138	129	82	98	113	64	87	152	187	192	232	213	156	136	139	168	158	154	146	165	160	142	145	143	144	158	155	143	152	142	145	144	142	167	139	144	143	147	141	144	142	161	147	145	143	146	142	142	182	206	210	187	150	152	145	143	145	146	143	142	142	149	157	140	152	147	145	144	143	144	146	144	147	157	179	141	147	142	145	143	142	143	140	143	146	147	145	170	150	140	143	146	143	146	155	146	143	178	215	157	142	164	182	172	166	162	160	197	201	140	123	126	126	123	119	121	186	216	145	120	122	123	119	121	118	119	123	126	118	121	120	117	123	114	114	117	106	104	108	105	105	105	105	100	97	99	100	99	110	115	119	124	126	125	122	120	121	124	128	127	124	133	136	130	137	138	132	138	133	131	136	132	123	127	129	129	127	130	141	139	141	144	144	147	150	147	147	148	141	139	139	141	141	138	135	141	141	145	148	144	144	145	148	153	150	147	144	141	141	140	142	135	138	145	145	145	147	150	145	144	148	146	143	144	148	147	147	148	147	149	153	156	159	150	150	151	145	144	145	145	148	148	141	140	138	144	144	145	140	141	139	137	138	139	139	137	136	135	131	134	141	138	132	133	135	135	134	133	129	128	128	126	125	147	209	193	182	216	216	214	217	217	217	217	216	215	215	215	215	215	214	214	215	215	214	213	213	208	202	190	211	217	217	215	217	216	216	216	216	217	216	218	215	189	117	103	160	194	146	127	99	46	53	89	55	71	90	70	55	55	33	20	18	24	28	19	9	23	45	48	27	15	15	12	20	38	42	73	104	77	44	26	25	54	38	17	32	43	42	88	89	48	130	220	217	216	216	208	189	201	213	220	217	220	220	221	222	220	223	223	220	220	218	222	220	221	224	222	221	220	204	191	206	215	219	219	219	220	220	220	218	219	219	222	221	221	217	218	218	217	216	214	208	178	202	204	208	210	211	211	213	214	214	213	217	213	214	214	213	214	215	211	212	212	200	185	204	208	210	210	210	210	206	213	201	201	199	199	197	196	194	191	190	191	184	171	175	187	174	174	167	183	195	207	208	206	206	206	206	207	207	207	207	209	207	205	197	205	191	180	144	145	146	146	146	144	143	140	139	138	139	140	141	139	134	137	186	139	142	138	137	136	138	138	136	137	137	139	139	137	126	162	152	139	181	147	139	140	139	139	139	137	136	137	135	131	175	140	142	144	147	181	148	138	143	145	145	144	135	155	153	142	144	143	140	144	149	178	143	145	140	137	171	151	150	153	149	104	39	62	41	27	42	43	39	32	61	37	23	37	67	66	65	60	57	58	64	62	57	56	56	57	60	53	58	68	61	67	58	49	26	21	44	64	118	132	138	178	193	189	191	180	166	130	121	119	127	160	95	103	129	83	97	124	131	165	170	175	175	184	184	175	186	186	166	192	186	170	161	163	157	138	157	156	147	125	178	136	163	170	176	170	170	169	168	164	86	3	5	6	6	6	6	6	6	6	6	6	6	6	6	16	28	30	19	13	12	6	4	6	6	6	6	6	0	3	5	4	5	6	6	6	6	6	6	6	0	0	0	0	0	0	0	9	7	2	1	0	0	0	0	0	0
167	165	168	174	188	173	173	173	187	182	182	178	181	187	174	176	176	193	175	177	170	164	64	24	19	17	18	18	20	26	21	46	74	38	27	27	21	15	22	31	59	91	49	17	34	32	34	69	145	125	52	96	82	90	145	180	189	226	200	157	133	135	159	151	151	147	156	158	136	135	140	153	158	155	140	149	143	144	142	143	168	140	144	143	144	141	142	140	159	145	143	145	146	143	144	168	210	210	187	135	146	141	143	141	143	142	147	151	154	159	142	152	144	144	144	143	143	144	143	146	155	173	131	141	143	143	143	142	143	140	143	146	146	142	172	147	137	143	146	145	145	155	146	142	176	215	157	143	168	184	172	162	160	162	196	200	145	120	122	117	113	115	119	185	214	133	106	119	121	121	125	121	118	126	129	123	120	117	115	120	118	117	120	117	112	110	102	103	108	104	98	98	105	105	105	114	115	112	114	117	111	111	120	120	113	128	132	126	124	124	118	126	130	124	127	127	124	128	127	119	122	131	133	130	132	141	139	141	145	139	139	147	149	146	149	147	147	147	147	147	144	147	150	151	150	150	150	145	151	144	153	148	155	149	153	151	152	147	133	142	154	153	154	159	159	162	157	153	156	152	154	154	154	160	157	153	154	152	157	157	158	152	149	152	154	152	150	148	145	140	140	137	142	140	143	142	145	142	140	134	140	138	140	146	144	141	143	140	139	134	132	136	139	136	139	127	128	128	126	126	141	204	185	73	60	61	67	68	68	71	73	71	69	69	71	71	71	72	73	74	73	73	71	71	68	162	113	59	67	76	75	76	77	77	76	75	77	77	80	79	76	78	74	79	74	78	47	49	44	69	51	93	96	67	48	36	46	27	34	38	49	49	36	15	18	26	35	38	21	27	24	21	32	31	42	60	78	80	44	32	38	26	20	12	14	29	62	83	63	95	99	88	88	85	80	137	161	94	99	99	98	98	98	99	98	100	98	98	99	99	97	101	99	99	95	92	88	89	163	142	105	113	115	116	122	124	125	128	131	136	139	142	143	145	145	148	152	153	151	147	147	191	160	162	165	166	169	169	170	173	176	173	173	175	175	175	176	175	176	175	173	167	161	190	181	184	190	193	195	199	199	201	202	202	204	206	207	207	207	210	209	210	190	172	202	209	212	212	213	211	214	211	213	213	213	213	212	211	210	210	209	209	200	190	204	206	210	204	204	205	205	202	201	199	198	197	194	194	193	191	191	181	157	196	181	185	182	181	180	181	180	179	177	176	175	174	172	165	184	175	151	185	165	160	159	159	156	156	156	153	151	148	142	174	151	151	153	151	182	151	141	145	148	147	147	132	155	153	140	142	140	137	141	149	179	145	143	138	133	174	148	141	149	140	133	89	65	46	36	48	65	60	62	88	52	25	36	89	112	117	126	130	154	131	128	125	131	125	121	130	116	133	136	144	177	141	75	41	33	51	111	148	143	139	174	196	190	191	180	169	130	121	118	129	159	92	103	131	75	90	120	132	172	173	175	180	172	184	172	183	169	145	159	151	153	146	154	171	163	175	180	169	131	169	121	158	166	173	168	167	165	165	162	86	3	5	6	6	6	6	5	5	5	6	5	5	5	5	15	28	30	18	13	9	4	6	6	6	6	6	7	3	4	4	5	7	5	6	6	3	4	3	3	1	0	0	0	0	0	1	8	4	0	0	0	0	0	0	0	0
146	143	142	150	167	145	149	143	168	156	154	148	146	140	117	134	148	178	131	127	121	152	101	52	70	35	22	14	22	39	48	61	89	38	10	32	37	34	29	31	71	57	31	15	29	29	26	29	88	100	58	52	73	110	147	179	190	223	186	154	130	135	159	147	150	149	154	159	139	138	141	163	159	159	141	149	142	139	138	141	164	140	142	138	142	141	144	145	161	143	143	143	145	145	147	162	208	212	187	136	145	141	142	139	140	140	141	148	156	158	138	147	143	143	143	144	142	142	145	145	154	171	130	143	143	143	143	143	143	140	140	143	146	143	173	146	136	146	143	143	142	155	149	142	175	215	155	141	169	183	177	168	163	165	195	197	142	124	124	123	122	122	121	186	214	136	112	120	126	122	123	119	117	123	123	114	115	114	115	121	117	117	117	108	111	113	106	106	111	104	100	102	105	103	99	108	114	117	111	117	120	121	125	121	126	128	129	134	133	133	135	137	142	139	139	140	136	139	139	136	144	144	144	144	145	145	139	144	143	136	137	144	148	143	145	152	153	149	147	149	139	147	156	156	153	156	142	138	142	148	148	145	151	147	142	143	148	149	138	147	154	147	147	153	156	150	151	150	138	135	138	141	138	139	136	147	159	156	158	155	149	146	149	155	153	148	150	148	142	148	145	142	139	141	144	144	139	144	147	132	129	130	134	145	147	144	147	138	135	133	135	142	139	138	139	127	121	122	126	124	132	202	185	43	38	22	14	18	26	29	31	32	34	35	35	35	37	38	38	38	38	41	40	39	47	162	73	3	13	25	32	37	37	35	37	39	38	38	38	37	35	44	36	34	35	47	35	29	44	126	55	74	67	41	35	30	33	26	31	44	48	53	46	17	12	11	6	15	16	4	12	18	22	21	36	52	52	93	87	93	55	50	55	17	16	40	36	32	51	50	21	8	10	13	12	111	135	30	41	41	39	38	38	38	37	36	35	38	37	36	28	16	11	11	12	13	13	22	150	98	34	41	40	40	40	39	39	38	35	41	38	27	24	20	17	17	13	16	16	16	89	162	37	43	45	45	44	44	46	46	43	37	33	31	28	26	24	24	23	26	22	28	128	135	49	57	60	61	60	63	63	60	61	61	61	61	58	56	58	60	57	58	64	139	145	85	94	96	104	105	108	113	115	117	122	128	130	132	133	134	137	140	135	150	183	162	172	172	174	177	178	180	182	182	182	182	184	187	190	190	188	184	152	194	191	197	197	199	202	202	203	203	203	204	205	206	204	202	202	199	158	183	207	208	210	211	210	210	211	209	208	209	207	210	207	203	200	162	188	193	193	193	190	189	187	181	190	187	180	179	175	171	167	153	183	168	163	160	157	182	161	157	158	152	138	87	62	46	48	42	67	81	83	47	23	21	29	31	37	43	64	76	104	104	116	123	123	131	123	144	123	111	109	118	123	102	65	45	39	40	75	143	144	136	165	187	181	184	180	170	147	142	136	130	164	120	124	141	89	100	126	135	170	150	150	150	120	150	147	174	156	142	174	180	171	159	183	187	172	177	182	171	134	179	138	127	158	179	169	169	163	163	160	87	4	5	6	6	6	6	6	6	6	6	5	5	5	4	14	31	33	19	16	11	4	6	6	6	6	6	4	3	0	0	3	3	2	2	1	4	6	4	7	7	9	10	11	12	14	16	29	32	32	37	43	47	52	54	56	58
143	138	138	144	164	140	145	142	160	150	150	148	109	102	64	91	126	152	127	128	123	147	116	54	58	41	14	19	27	43	60	73	82	55	47	57	51	56	46	47	44	35	40	38	56	46	47	34	48	32	33	40	36	83	154	175	186	216	172	157	129	135	154	143	147	146	157	156	134	138	140	158	158	158	143	150	142	139	139	142	162	139	141	137	140	139	142	147	162	140	143	142	142	141	143	164	206	211	187	133	145	142	139	140	140	140	142	145	155	157	134	144	142	142	142	142	142	142	144	145	155	171	131	143	143	143	140	140	143	140	140	140	144	146	173	146	134	146	143	140	142	155	146	142	175	213	155	141	169	181	172	164	159	159	195	196	135	128	118	122	122	123	125	191	216	139	119	122	123	121	124	118	120	123	126	124	117	118	118	121	120	115	114	110	109	109	107	109	113	106	101	103	108	105	105	117	119	116	116	116	111	117	129	125	132	129	125	131	134	134	129	121	115	112	130	133	126	127	121	115	121	121	121	115	123	120	118	126	130	123	123	130	125	122	128	143	141	144	144	131	129	135	150	147	147	151	138	133	132	141	145	145	151	150	144	145	150	150	142	147	148	145	144	150	150	153	151	148	145	147	150	148	147	148	148	148	150	150	153	147	155	155	155	155	160	159	153	147	145	144	144	139	147	149	146	143	145	145	145	142	141	141	134	137	142	141	144	139	137	135	140	136	133	133	133	130	131	129	127	121	142	202	184	51	35	31	25	16	19	23	26	24	22	23	24	25	25	25	24	24	22	25	25	19	17	153	86	14	14	17	18	16	19	16	16	19	19	19	19	20	20	17	20	21	17	14	15	11	29	124	60	33	27	23	41	55	48	34	26	32	10	30	44	17	8	8	7	9	8	2	14	19	30	32	51	55	47	95	93	74	65	51	40	30	32	46	25	16	19	18	15	19	23	31	36	123	131	23	29	29	29	29	29	29	28	25	25	25	24	24	21	17	19	22	27	31	33	47	157	89	23	29	29	29	29	29	29	30	29	32	26	18	16	18	21	23	25	30	33	37	105	157	31	32	33	34	34	34	31	31	25	18	12	14	17	20	20	21	26	30	34	46	133	125	35	43	42	39	40	35	24	15	12	14	13	13	14	13	14	17	17	25	34	139	117	33	41	37	26	18	12	14	18	14	11	15	12	13	15	15	12	17	25	113	141	45	34	32	28	28	29	31	31	32	33	31	32	35	37	37	39	39	89	164	56	56	56	59	59	59	62	64	65	66	67	70	74	73	73	74	86	171	117	107	113	116	119	122	125	127	131	136	140	141	146	147	145	128	178	167	172	174	177	180	182	186	189	192	196	197	199	200	190	149	190	202	207	207	205	210	207	203	203	201	196	128	71	66	90	68	41	42	35	35	42	36	42	60	147	141	112	65	70	64	68	57	53	62	55	57	52	43	44	49	40	55	61	50	44	28	75	136	135	137	180	190	186	187	178	162	127	120	119	123	161	113	121	140	108	120	142	134	164	147	154	161	148	180	172	184	186	160	186	185	169	155	180	184	169	177	180	170	135	170	129	130	159	171	162	163	161	165	165	90	2	7	6	6	3	3	3	3	3	3	0	3	3	4	16	34	37	22	16	17	12	14	18	22	27	30	34	35	42	46	43	44	50	57	59	61	65	67	70	69	69	69	64	63	59	51	53	55	53	53	50	47	42	36	32	28
134	131	131	139	153	140	139	141	153	145	142	140	131	123	51	40	72	104	95	90	102	121	101	77	40	24	30	46	44	30	36	48	61	42	65	61	48	38	37	38	26	25	47	64	76	65	72	22	14	50	88	76	49	48	150	176	184	209	165	152	130	135	152	144	150	146	149	156	134	132	138	148	155	156	138	144	139	139	139	142	162	134	139	137	139	137	139	142	162	143	140	142	138	139	140	156	202	209	186	132	145	142	139	141	143	143	144	145	152	157	134	145	141	141	141	141	142	142	145	145	155	172	131	144	143	140	143	142	140	140	140	143	143	147	174	149	140	147	140	143	141	153	146	140	175	212	154	138	167	179	172	166	160	159	197	196	127	122	115	114	108	115	117	182	212	134	113	122	116	111	120	115	111	120	124	122	117	114	114	117	114	110	111	111	108	107	111	112	113	103	95	97	106	105	102	105	110	114	114	95	90	100	124	126	128	127	123	127	131	132	130	126	126	121	133	136	130	136	139	139	139	136	135	135	141	141	138	144	142	136	138	144	148	141	143	148	147	147	140	142	136	148	142	150	150	150	150	145	147	141	153	147	150	150	159	156	148	145	144	153	153	156	153	159	154	156	150	148	153	153	153	151	150	147	148	142	148	151	151	148	149	152	152	146	153	153	147	147	145	142	148	141	136	136	132	141	148	145	143	142	141	139	141	137	138	138	138	138	137	135	133	132	135	130	135	127	120	117	123	126	137	200	187	55	27	21	19	13	12	13	16	16	14	17	17	17	17	18	18	18	20	20	18	16	11	151	88	18	15	14	20	20	22	24	24	21	19	20	21	21	20	20	20	20	21	19	18	14	36	162	50	20	29	33	59	81	41	27	32	35	5	11	18	12	14	15	20	11	7	10	14	18	17	23	63	48	36	49	66	49	54	47	62	54	24	45	25	16	16	12	17	25	30	35	42	129	132	22	31	34	34	34	34	34	32	26	20	17	19	14	15	21	23	25	29	32	40	52	161	85	24	30	29	27	17	17	17	17	16	12	14	19	20	24	27	30	32	39	44	52	116	151	15	16	15	17	17	17	14	12	13	16	20	22	26	29	27	32	38	44	49	64	144	113	11	19	20	18	18	19	19	19	21	22	24	26	24	24	27	31	36	45	58	145	104	15	23	20	18	17	16	17	21	20	20	21	21	24	30	34	35	39	49	122	129	17	16	10	15	16	14	14	15	16	17	18	19	19	22	22	27	37	92	149	8	8	7	8	7	8	8	10	10	10	10	12	14	16	18	27	66	159	28	11	15	13	11	12	15	13	12	12	14	15	14	19	23	69	150	33	26	27	30	30	30	34	37	42	46	49	52	54	59	102	157	90	96	100	106	110	111	117	123	128	133	163	112	105	119	84	51	35	85	74	57	42	44	66	183	196	179	139	193	191	189	177	173	170	168	176	179	175	158	133	169	151	97	87	79	90	145	151	153	144	174	193	187	188	180	167	124	117	118	126	162	111	116	126	82	94	115	123	167	156	163	169	151	174	156	178	181	163	183	178	166	159	181	187	169	172	173	152	125	146	108	134	155	117	53	43	52	53	69	51	13	16	18	21	24	27	27	30	36	38	46	46	48	49	57	66	67	56	50	51	50	51	54	54	54	54	50	43	43	40	36	32	26	24	22	18	15	14	12	9	7	4	2	3	3	1	2	2	0	0	0	0	0	0	0	0
95	93	95	97	96	96	93	93	96	97	93	98	111	125	80	51	70	72	58	46	63	59	45	43	30	35	37	40	38	23	19	24	46	28	33	38	35	23	30	43	25	33	45	55	71	88	70	63	75	67	95	77	80	72	142	162	164	154	154	151	129	134	151	146	149	148	145	154	134	130	140	144	154	154	137	143	139	137	136	141	164	137	139	136	139	139	139	138	162	144	138	143	138	138	140	148	193	210	184	133	145	142	139	142	142	142	141	141	154	157	135	145	141	140	140	140	140	142	143	144	153	171	130	143	141	141	140	140	140	140	140	143	143	146	174	147	143	146	143	143	140	155	146	140	176	214	153	139	167	180	177	171	164	162	197	194	128	129	122	121	120	123	124	186	211	144	121	128	128	121	126	116	109	117	120	117	115	103	110	113	107	107	113	101	99	108	110	111	112	100	94	100	108	105	99	102	106	112	114	117	120	121	122	126	128	126	124	132	130	132	133	133	136	136	139	139	139	143	142	139	144	142	141	142	144	144	141	144	141	139	138	144	140	135	138	139	135	139	138	144	136	141	142	139	139	144	141	139	142	149	150	147	152	151	146	143	148	150	150	151	156	147	145	148	144	133	132	138	151	145	147	146	139	134	134	143	151	145	148	139	130	131	134	140	139	137	136	150	152	152	151	139	135	131	136	145	145	148	146	143	144	142	142	135	133	136	139	139	139	136	132	134	133	132	136	127	121	118	122	124	136	202	196	123	80	53	25	18	17	20	22	22	19	18	19	19	19	20	21	20	20	18	18	17	17	150	77	17	18	19	26	25	24	31	28	23	24	24	24	23	23	24	21	22	23	23	19	17	36	168	34	13	36	51	64	42	21	26	18	17	10	8	9	13	14	17	23	8	23	33	21	18	28	45	59	14	40	38	56	28	23	52	54	62	43	22	25	26	19	15	17	23	29	37	35	115	132	34	40	38	37	38	38	38	38	32	26	22	21	20	17	18	24	26	29	33	42	44	150	101	38	42	42	36	26	24	23	23	20	17	18	15	20	26	27	30	34	41	46	50	107	158	23	25	22	21	18	18	18	15	15	18	19	24	27	30	34	37	43	49	53	55	133	113	12	21	19	16	18	18	19	24	23	24	24	27	26	28	35	39	46	54	60	142	101	8	16	14	18	19	22	22	22	24	26	27	29	33	37	40	44	55	64	127	123	6	19	17	20	20	23	24	23	25	26	27	26	31	38	41	49	59	101	150	15	16	17	19	19	19	21	21	22	23	26	29	34	36	43	54	84	158	35	14	16	17	19	21	20	20	24	28	31	29	34	46	51	86	145	16	10	10	11	12	12	13	11	16	17	17	19	25	35	94	128	8	9	6	5	6	6	7	8	10	12	129	126	113	116	83	27	78	105	87	65	44	65	64	49	46	54	101	154	91	104	113	117	121	133	139	144	151	142	127	190	173	106	76	76	124	188	190	192	172	159	195	191	197	195	191	178	171	158	133	167	136	131	147	111	111	125	122	171	157	164	169	146	180	172	185	182	157	178	172	160	157	159	157	153	163	154	151	129	134	112	134	158	101	46	37	44	34	33	36	40	39	36	36	36	36	34	33	31	29	28	24	19	16	22	33	32	20	10	9	6	6	3	3	3	3	6	0	2	3	2	4	3	3	4	6	4	3	6	1	1	1	4	5	5	1	7	4	0	0	1	2	2	1	0	0
116	113	115	114	112	112	105	104	106	110	110	114	141	105	99	91	48	56	37	37	45	22	16	35	34	22	16	21	20	20	12	25	36	28	28	26	19	24	48	66	54	36	44	72	62	51	51	46	63	49	38	54	45	55	145	156	156	139	153	151	128	131	154	147	155	144	137	152	130	131	137	141	151	153	139	141	142	141	138	139	161	138	141	134	141	141	142	140	162	143	138	144	138	139	141	144	178	213	185	133	143	140	138	140	140	140	140	139	156	155	135	145	141	140	140	139	140	141	143	143	153	169	130	140	141	140	140	140	140	140	140	143	143	141	174	143	140	144	143	141	140	152	149	140	176	213	153	141	165	181	176	168	158	159	197	194	118	127	112	118	123	119	124	184	214	136	111	121	121	123	124	120	114	114	120	117	111	109	111	110	108	108	114	108	111	112	110	110	109	103	93	95	102	100	105	108	108	111	109	94	91	99	114	111	110	126	126	128	125	133	130	128	128	128	133	129	133	136	130	127	130	127	129	130	130	133	133	124	135	136	136	136	131	125	135	141	136	129	142	150	145	141	139	139	141	133	136	139	135	134	144	152	147	146	145	151	151	154	151	144	129	138	132	150	151	151	154	160	156	148	149	148	143	141	143	144	148	142	146	138	144	142	148	145	147	147	145	144	151	150	145	148	155	155	155	152	153	154	155	153	154	152	137	133	142	142	147	144	137	140	141	130	128	128	130	130	123	126	126	117	139	203	200	198	195	163	89	55	21	25	26	25	25	25	23	22	21	21	22	22	22	22	22	22	19	155	67	28	33	26	29	28	26	30	27	25	27	26	27	27	27	23	22	23	24	24	23	18	44	172	41	22	64	37	19	16	16	18	17	18	25	15	17	20	14	23	10	14	27	19	17	16	32	43	26	15	55	47	30	43	51	27	35	43	57	26	25	26	25	22	41	43	35	41	28	112	137	34	45	44	42	41	41	41	39	36	30	27	26	27	27	52	39	39	42	42	45	41	146	99	39	43	45	38	30	30	27	26	25	22	23	34	33	34	35	39	40	43	45	37	87	155	28	32	29	27	23	22	25	23	22	34	28	33	39	40	40	42	38	35	32	27	112	119	17	24	23	22	20	20	27	24	25	31	28	31	31	30	34	34	35	34	24	120	106	15	18	17	19	21	21	24	24	27	30	30	30	33	36	37	39	46	39	106	122	12	15	21	21	22	24	24	27	27	27	30	33	35	39	41	50	54	90	147	18	19	20	21	22	22	22	23	25	30	34	36	40	47	54	64	81	155	38	20	25	26	27	28	28	32	36	39	44	47	52	59	63	90	145	26	20	22	22	22	22	25	24	30	33	33	43	52	60	108	128	17	19	20	20	22	23	26	30	31	36	130	120	105	111	103	57	102	75	78	64	56	77	64	29	35	49	102	120	5	8	10	10	13	12	13	18	21	36	108	119	47	92	66	80	108	56	57	64	77	136	138	108	121	127	132	142	150	149	120	179	186	187	188	189	187	184	132	164	183	181	178	161	182	166	179	165	140	154	156	155	141	165	174	169	171	176	134	119	131	105	131	152	86	19	12	15	6	6	5	4	3	3	3	3	3	3	3	0	3	3	4	4	4	13	32	36	18	8	6	6	6	6	6	6	6	7	0	5	6	5	5	6	6	6	6	6	6	6	3	0	0	3	5	4	3	6	4	0	0	0	0	0	0	0	0
109	109	111	106	109	112	111	112	116	113	115	110	112	76	83	75	38	48	24	35	30	28	26	23	17	15	16	15	11	14	18	25	21	20	27	27	24	44	40	51	86	66	42	40	37	31	25	18	12	25	35	37	22	32	143	155	157	146	157	148	128	128	152	151	155	143	134	151	132	131	136	138	151	152	137	137	142	141	136	136	160	136	139	135	139	139	142	145	164	140	137	141	138	141	141	143	157	185	183	130	139	137	137	137	139	139	139	139	151	153	134	145	140	141	140	139	140	140	140	140	153	168	127	140	140	140	139	139	138	137	140	143	143	141	173	143	139	143	142	141	140	149	149	137	176	211	151	139	163	181	172	166	157	158	197	191	119	130	113	121	120	119	123	183	213	133	105	115	112	108	118	112	109	115	111	105	97	103	106	111	108	108	102	102	107	113	112	107	109	109	94	97	98	103	107	99	105	111	103	93	99	108	119	116	118	123	115	123	130	128	128	126	129	130	139	136	139	139	135	136	136	126	130	132	118	130	141	138	135	136	136	132	134	129	141	147	142	138	153	151	148	139	127	136	133	127	136	136	136	123	147	150	150	145	146	151	139	151	151	150	144	147	144	142	138	154	150	154	153	146	149	127	140	142	145	148	142	138	137	129	154	151	155	149	147	148	136	128	149	144	137	148	149	149	140	131	149	151	150	146	149	147	129	128	145	141	142	141	143	139	119	109	122	119	123	127	126	126	113	95	132	192	186	192	192	167	110	81	33	38	37	33	32	30	28	25	26	26	27	27	28	28	28	29	24	91	48	51	48	29	32	30	32	35	32	30	30	30	33	33	30	27	27	30	30	30	32	29	56	115	35	48	66	46	18	13	41	31	24	22	31	42	24	26	8	11	10	19	38	29	23	17	28	34	21	18	33	21	21	38	38	33	32	45	36	32	31	34	34	30	70	65	42	43	39	85	99	42	48	45	45	44	44	44	47	42	36	37	40	45	43	85	53	48	47	47	51	48	102	81	45	46	49	43	34	36	39	37	41	42	40	73	55	45	47	48	47	48	47	41	82	140	34	36	34	36	37	38	41	43	41	79	46	45	49	49	49	47	38	32	38	29	103	115	31	36	38	38	36	38	62	42	44	45	45	43	35	34	32	31	30	31	23	119	109	22	25	24	38	35	27	25	25	28	30	27	25	28	27	28	27	28	18	91	130	23	33	21	24	24	24	26	26	25	24	27	25	24	22	23	23	15	55	149	21	21	21	22	22	23	22	22	22	22	22	23	23	24	23	25	36	149	39	22	25	27	27	26	28	30	31	31	31	34	39	41	40	59	140	27	21	22	22	22	25	27	30	31	37	38	45	50	51	92	130	20	22	23	28	28	34	37	39	42	54	128	112	98	115	104	84	111	82	72	60	51	66	61	54	61	74	105	124	16	22	25	28	30	32	35	44	53	67	115	107	26	88	66	82	106	24	26	34	54	126	78	5	14	9	8	15	22	32	89	140	56	60	69	81	87	98	99	156	155	163	172	175	175	143	177	174	175	185	176	156	170	183	184	174	168	119	80	116	120	100	131	153	99	25	9	15	6	6	5	5	6	6	6	6	6	6	6	6	6	6	6	6	6	15	33	35	20	9	9	6	6	6	6	6	6	6	0	5	6	5	4	6	5	6	6	6	6	6	1	0	0	3	0	0	0	6	4	0	0	0	0	0	0	0	0
111	110	111	104	108	111	111	114	115	112	113	112	119	95	88	90	46	38	22	50	32	39	28	28	14	22	17	19	21	19	17	37	30	18	24	30	37	50	45	70	88	74	34	26	27	21	26	32	22	17	20	42	41	39	141	152	157	150	158	143	125	125	150	146	147	147	137	150	133	132	133	138	154	151	135	138	139	141	139	138	158	134	141	138	139	138	139	143	162	141	141	140	135	139	143	144	145	156	174	133	137	137	140	137	139	139	140	139	149	152	133	145	140	142	141	136	140	140	140	140	151	168	127	138	140	139	139	138	140	140	140	141	143	141	173	142	137	141	142	141	139	146	149	137	176	211	151	139	164	180	164	164	159	159	199	189	118	129	120	118	114	114	121	184	212	138	111	118	120	117	118	117	117	117	114	117	109	105	107	108	103	102	100	106	102	110	107	104	103	105	99	97	95	102	102	87	102	111	103	105	108	117	123	122	124	120	116	117	114	125	128	128	129	131	128	125	133	133	132	133	132	118	134	133	136	135	145	139	114	121	124	133	125	123	120	123	132	133	142	136	139	132	118	130	127	130	136	130	126	120	148	148	153	147	147	148	133	148	153	157	153	147	150	141	130	156	150	150	149	148	153	126	137	143	146	143	144	147	143	128	154	155	149	145	147	147	138	133	146	143	140	149	155	155	140	131	145	146	145	142	145	144	135	136	145	142	144	144	141	139	136	127	132	132	131	130	128	128	123	111	141	200	198	197	194	154	116	91	48	52	49	46	42	41	37	37	36	36	35	33	35	36	36	36	33	28	31	69	60	39	46	43	41	39	42	39	39	39	39	40	37	35	36	38	39	39	39	36	65	64	32	71	65	53	17	27	55	43	30	18	34	57	23	33	24	22	3	27	36	17	12	8	18	30	12	13	11	20	26	55	42	39	41	46	40	45	42	37	39	37	83	71	47	49	52	49	51	52	52	53	51	52	52	52	53	49	40	49	52	52	49	97	64	55	55	54	57	54	48	51	51	49	53	49	40	47	53	52	50	52	45	87	69	50	52	51	50	52	53	50	56	61	43	51	46	48	49	52	49	49	50	98	53	50	51	51	53	53	43	45	49	49	55	59	51	50	48	50	50	45	84	53	50	50	50	44	41	44	47	48	45	45	41	79	75	37	39	33	61	55	37	33	36	33	30	30	33	34	34	39	60	49	52	90	111	40	66	32	30	31	32	32	32	29	29	29	30	27	27	26	26	22	57	138	27	27	27	27	25	24	24	24	23	24	24	23	22	20	32	25	34	149	39	20	27	26	27	26	22	20	19	19	19	25	17	19	17	32	141	24	20	20	20	21	17	18	21	18	19	20	21	23	15	64	131	22	22	22	24	24	28	31	34	34	39	123	110	91	126	120	93	111	78	71	56	64	90	84	53	55	57	87	131	25	28	34	41	43	46	50	58	65	74	114	115	38	83	60	86	114	51	57	70	81	132	85	22	27	30	33	40	49	63	93	127	18	13	15	18	26	35	80	128	34	29	35	46	58	92	154	115	122	132	134	137	176	172	181	151	161	152	132	127	126	103	119	148	102	31	12	15	6	6	4	5	6	6	6	6	6	6	6	6	6	6	6	6	6	16	33	36	21	9	9	3	6	6	6	6	6	8	6	5	6	6	6	6	6	6	6	6	6	6	3	0	0	3	0	0	2	6	6	0	0	0	2	2	0	0	0
111	111	110	106	110	111	106	108	110	107	105	104	105	107	105	103	93	86	86	76	46	35	19	50	55	22	11	31	40	22	15	27	28	18	31	43	30	29	35	46	40	44	30	22	15	32	25	16	18	19	32	38	32	35	145	153	155	148	157	140	121	124	148	143	147	147	137	150	132	132	131	136	155	151	135	139	137	136	138	139	158	134	139	140	139	136	136	139	161	139	140	139	138	142	144	141	139	152	170	132	139	139	139	137	138	138	140	142	149	151	133	143	140	142	140	139	140	140	140	137	153	165	128	139	138	138	138	138	139	138	136	137	140	140	171	140	134	140	140	138	136	142	148	135	174	213	151	134	165	178	166	170	161	160	198	189	116	127	124	116	114	116	121	182	214	139	112	121	115	112	115	112	110	119	119	125	119	106	107	109	106	107	110	110	112	110	104	106	105	104	98	94	101	103	102	82	99	108	114	115	114	101	109	122	118	123	123	108	106	129	126	127	127	130	120	121	130	133	130	136	138	127	138	136	141	141	139	136	121	130	130	133	135	141	132	132	148	145	141	150	153	147	138	150	150	150	150	151	149	136	148	143	151	145	151	148	141	145	148	145	130	136	132	139	135	144	141	147	145	141	142	145	143	150	148	138	145	155	152	140	145	146	136	137	143	140	145	145	143	145	145	149	152	152	146	142	143	143	140	139	139	137	140	142	140	141	144	144	137	134	138	136	131	129	134	131	127	125	127	126	140	200	201	197	195	164	156	105	56	61	58	53	50	49	46	43	43	41	39	39	40	40	41	40	40	43	36	81	75	51	57	51	44	43	45	43	45	45	42	42	42	42	41	42	43	43	43	41	75	76	41	62	64	40	34	61	55	50	39	31	38	59	38	33	25	31	3	9	10	18	24	7	12	20	10	12	10	21	34	77	53	46	47	44	45	45	44	43	42	43	90	81	49	55	55	52	53	56	53	53	55	55	54	52	53	50	47	54	56	54	52	109	64	55	55	56	58	59	57	57	56	56	56	53	47	53	57	56	55	55	46	96	77	55	52	54	54	55	56	54	55	53	48	54	54	54	52	52	57	54	56	105	53	53	56	56	56	53	46	50	59	53	56	53	54	53	52	53	56	50	95	59	54	53	54	47	51	54	54	53	50	48	48	45	47	50	44	38	69	63	42	42	49	37	36	38	35	34	34	35	62	38	40	43	50	50	75	35	37	36	35	36	39	39	37	36	34	34	35	35	33	34	41	66	30	33	31	35	32	32	31	31	29	30	32	35	34	27	49	42	32	63	31	29	31	31	31	32	32	31	29	25	30	44	30	29	29	40	101	36	26	23	23	22	20	20	29	25	21	24	23	20	17	62	113	17	17	17	14	20	16	15	18	18	23	123	110	85	129	107	89	108	74	71	54	78	97	79	16	21	15	58	135	24	25	28	29	30	34	36	37	42	38	86	115	47	85	61	94	114	53	59	64	72	119	88	32	40	46	51	60	69	81	95	135	37	38	42	51	63	77	98	126	26	21	31	38	52	90	121	16	19	25	51	114	90	45	65	93	147	126	127	132	165	133	127	149	106	33	12	15	3	6	6	6	6	6	6	6	6	6	6	6	6	6	6	6	4	15	34	37	22	10	8	5	6	6	5	5	5	6	4	4	5	5	4	4	5	6	6	6	6	5	2	2	2	2	2	2	2	5	5	5	5	4	5	6	5	5	5
105	107	106	106	109	111	107	105	104	104	104	104	106	106	103	100	92	100	98	96	94	80	66	66	42	20	31	34	38	25	15	21	18	20	42	63	53	32	24	21	16	19	30	56	41	25	31	27	39	26	31	30	52	50	141	153	154	147	155	140	121	123	145	142	149	147	138	150	131	128	129	133	152	151	138	136	133	132	138	144	158	133	137	136	136	137	139	139	161	139	137	135	137	140	140	140	141	147	168	129	137	138	139	139	138	136	136	139	150	152	129	136	136	137	137	139	138	138	138	137	149	162	125	139	137	139	142	143	144	145	147	147	152	157	178	157	154	159	160	160	163	169	172	168	189	209	170	172	182	173	162	173	154	152	198	187	117	127	130	119	117	116	118	177	213	136	108	118	110	112	116	113	110	123	119	117	123	109	109	113	110	110	107	103	102	105	104	106	106	101	92	95	106	108	109	102	108	112	117	117	114	114	115	120	119	120	126	134	129	118	124	126	125	128	133	139	139	139	130	136	146	141	135	135	141	141	133	148	147	135	132	141	147	147	147	142	141	141	144	144	142	138	138	142	144	144	141	136	135	142	139	142	145	142	133	136	145	154	154	154	151	145	144	139	144	147	141	147	152	148	150	153	147	144	143	144	142	142	147	141	133	144	142	148	144	145	147	150	148	147	145	147	144	144	141	138	141	139	135	132	130	130	137	144	144	142	144	136	134	135	138	128	126	123	126	126	126	126	126	124	140	202	202	197	195	167	164	144	121	118	112	107	105	103	101	98	96	93	91	93	90	89	87	86	90	90	87	110	102	90	93	90	86	88	88	88	90	90	90	90	89	90	88	88	91	91	90	87	101	104	90	93	92	88	89	94	88	93	91	92	93	93	91	36	5	11	6	9	15	28	27	11	10	17	17	17	31	44	55	76	73	81	89	85	84	84	84	84	83	82	107	104	87	88	87	86	84	87	86	84	84	84	83	81	81	79	79	80	79	80	80	126	92	84	84	86	84	84	83	84	83	83	80	80	77	82	83	82	80	79	76	115	89	74	71	71	68	70	71	73	70	69	66	70	70	68	67	67	69	67	71	119	68	65	68	65	68	65	61	64	64	61	61	61	59	59	59	59	61	59	104	65	59	61	58	53	53	56	56	54	55	54	52	50	52	50	47	44	79	70	48	48	59	60	69	69	65	60	50	43	64	43	38	38	38	41	89	38	39	40	39	39	40	39	39	39	40	39	38	38	39	36	51	61	36	36	38	37	35	36	34	34	35	34	34	35	38	27	57	51	41	34	36	40	39	39	39	38	36	33	34	36	31	54	38	43	45	45	42	40	32	36	39	39	40	31	43	45	36	39	35	30	30	33	41	29	26	27	25	43	28	26	28	22	30	127	107	86	124	95	93	75	92	77	59	81	87	79	23	17	20	44	98	14	17	17	16	16	15	17	14	17	11	71	112	44	82	58	79	97	25	25	25	21	100	87	23	34	38	39	43	47	50	55	130	41	47	53	61	69	76	88	127	48	51	63	72	84	99	128	45	56	68	86	115	82	32	54	92	125	35	49	111	106	104	139	153	107	32	14	14	5	6	6	6	6	6	6	6	6	6	6	6	6	5	5	5	5	16	34	38	24	11	8	9	6	7	6	6	6	7	4	4	4	6	6	7	7	7	7	7	8	7	8	7	8	10	11	11	10	6	5	10	10	10	12	12	10	10	10
107	107	105	106	106	108	104	102	99	100	103	104	100	100	103	98	92	96	94	97	101	123	70	35	27	59	56	29	14	20	12	15	20	51	51	40	37	38	27	11	15	26	63	100	85	22	14	34	38	31	32	33	23	44	148	155	153	145	155	142	125	121	143	148	154	145	139	152	128	125	125	128	147	152	139	134	132	130	136	139	158	134	136	136	134	135	136	136	162	136	133	135	133	134	136	137	137	145	166	130	138	138	141	142	143	146	149	152	162	165	152	161	161	164	168	171	171	171	174	174	182	185	171	180	182	183	184	185	184	186	187	187	187	187	187	181	186	186	185	186	190	191	191	193	198	207	180	184	185	180	148	153	135	138	198	186	106	108	118	102	105	98	105	176	213	125	90	96	94	98	103	106	111	108	114	116	108	107	114	113	110	107	104	106	105	104	104	104	101	93	90	96	104	99	99	107	103	108	117	121	119	123	121	121	124	115	113	120	130	121	121	130	135	136	134	125	127	132	123	115	117	123	111	114	124	130	127	133	133	121	116	133	144	138	147	129	121	126	132	135	133	130	138	132	135	139	139	133	133	145	145	141	142	144	138	139	138	153	151	153	148	147	147	151	150	150	147	147	147	147	148	145	147	150	151	151	147	136	144	145	142	139	147	150	154	151	146	144	148	147	151	148	136	135	136	139	139	133	129	129	144	141	134	139	139	139	135	132	129	131	134	129	132	129	114	111	133	132	126	115	134	201	205	197	199	177	179	169	170	165	160	160	160	158	157	154	146	144	143	143	144	143	140	139	140	135	138	129	132	138	138	138	137	137	139	139	137	137	137	137	138	137	137	138	139	138	135	134	124	126	136	138	141	139	137	139	139	139	142	138	136	135	135	55	8	4	20	19	6	10	26	14	11	26	26	21	26	31	41	56	60	149	155	156	155	153	152	152	149	152	146	151	157	156	154	153	153	154	152	150	152	152	152	152	150	147	146	147	147	147	138	140	147	147	149	150	149	148	146	146	145	142	142	142	143	145	146	146	150	148	150	140	136	136	136	134	135	134	134	132	130	131	132	131	132	132	133	133	136	133	125	137	129	128	126	123	122	121	119	121	119	118	119	120	117	117	117	117	116	110	125	111	109	109	107	104	103	103	103	103	105	106	106	106	104	103	100	96	107	104	92	93	98	100	102	101	99	101	98	94	97	84	86	86	82	83	109	75	70	71	70	68	67	66	66	66	62	60	59	58	60	54	66	79	56	55	53	51	49	49	48	47	47	47	47	46	46	39	63	60	45	43	41	44	44	44	42	41	41	39	39	39	34	65	43	43	47	47	47	47	38	43	48	45	46	38	48	55	40	41	38	35	43	44	36	42	43	37	33	55	39	40	41	33	35	121	102	87	127	84	80	68	81	48	41	64	58	66	34	22	34	23	27	25	22	22	21	21	20	27	22	20	15	41	60	43	81	55	75	88	16	16	13	8	83	69	16	21	18	19	21	21	21	39	125	30	28	31	34	37	39	49	129	54	56	65	71	73	78	133	63	70	79	87	112	107	71	85	99	130	78	90	111	96	89	130	147	111	35	15	14	4	6	6	6	6	6	6	6	6	6	6	6	9	12	11	11	10	16	36	39	24	11	11	13	13	16	15	16	15	14	7	8	7	9	10	10	12	8	7	8	9	9	10	10	8	8	8	8	8	6	5	10	9	9	13	13	9	10	10
107	105	104	103	102	104	101	101	101	101	103	103	103	102	110	105	97	98	101	95	107	89	39	34	71	71	45	36	20	13	13	28	44	49	43	28	29	45	51	33	27	29	46	70	45	31	25	53	49	29	15	34	31	55	150	150	153	144	153	143	124	120	145	148	146	139	139	150	126	128	125	122	140	145	135	128	130	131	135	136	157	131	136	137	141	143	147	147	169	151	149	154	159	160	165	168	168	178	186	174	178	180	183	183	187	187	187	187	188	184	187	190	193	193	191	191	190	190	193	193	193	186	193	193	196	196	197	197	198	198	198	198	196	194	191	189	191	191	188	188	186	183	186	175	193	207	196	209	207	195	153	169	151	154	201	185	115	115	133	115	119	110	111	177	212	131	105	106	109	111	104	102	107	97	100	103	91	127	161	159	150	145	141	140	135	129	126	124	122	117	107	96	105	97	99	100	101	102	107	110	113	118	114	117	117	119	114	113	118	130	127	129	133	134	123	123	132	130	127	115	132	132	128	126	138	142	141	129	118	118	126	136	135	123	141	144	147	145	132	144	147	147	147	144	141	144	145	144	148	147	153	145	145	145	150	147	139	147	148	147	145	150	148	151	152	153	152	150	149	151	150	147	147	155	156	154	148	141	145	148	147	139	148	151	151	152	149	146	147	146	148	154	150	146	142	142	146	146	144	141	147	144	142	142	142	144	141	141	136	138	138	136	136	136	129	126	133	130	126	121	141	203	204	200	194	176	161	166	166	164	163	160	159	157	154	151	151	148	146	148	145	145	144	144	142	140	140	134	136	139	139	139	138	138	139	139	139	139	139	141	143	143	142	142	142	140	140	140	134	134	138	139	142	141	140	139	140	137	133	139	99	58	84	50	26	25	33	27	7	14	5	9	19	19	18	25	29	31	22	51	82	157	159	161	163	162	163	162	160	164	160	166	168	166	168	167	167	168	167	165	165	168	169	169	169	167	168	170	171	174	171	158	166	170	171	171	170	169	167	167	167	167	169	169	165	167	170	173	173	176	179	164	169	173	175	174	174	173	172	170	168	165	169	170	170	172	173	175	173	175	172	161	169	169	167	166	163	159	157	152	151	152	155	155	154	154	154	154	153	150	137	146	146	146	145	143	141	138	137	138	137	137	142	144	145	143	143	140	128	132	131	132	134	131	132	135	131	131	131	132	134	131	135	137	135	131	118	116	115	113	112	112	112	112	111	109	109	109	109	108	109	106	100	106	103	102	100	97	98	97	95	94	94	94	92	91	92	88	92	92	89	87	86	86	82	82	82	82	79	75	74	74	68	85	71	66	67	63	66	62	58	60	58	55	57	50	61	63	50	47	45	43	47	51	48	45	44	41	40	61	43	44	45	38	42	124	101	81	122	74	78	94	88	67	45	79	81	79	42	33	41	33	31	33	33	32	32	30	26	38	32	28	27	27	22	53	77	58	79	94	21	23	20	20	27	20	18	20	17	18	19	19	16	21	60	21	20	23	23	22	24	38	104	30	27	30	33	30	47	126	46	46	50	52	98	104	66	77	82	129	89	90	106	120	98	128	146	109	34	15	14	5	6	6	6	6	6	6	6	6	6	6	5	12	15	15	15	15	18	36	40	25	10	15	17	17	14	14	14	16	14	9	8	9	7	8	9	12	10	10	10	10	10	10	10	8	10	10	10	10	8	6	11	10	8	10	10	10	10	10
113	112	110	113	114	114	109	114	114	112	109	109	110	107	114	110	103	105	103	104	100	49	94	90	91	79	46	29	21	22	17	23	40	28	27	32	33	47	36	33	22	21	25	23	31	31	40	49	40	29	19	22	32	67	152	153	154	143	149	144	120	122	144	144	133	132	143	147	126	132	132	129	146	155	148	153	157	161	166	169	174	168	176	179	183	185	186	186	185	184	192	193	194	196	197	199	197	196	191	194	198	200	201	203	198	196	196	196	195	189	192	191	187	183	180	177	175	172	167	164	160	152	150	149	144	138	132	129	125	121	115	112	106	106	100	100	95	94	91	87	86	88	103	78	145	209	169	167	166	163	158	171	160	165	199	182	116	114	135	121	119	119	121	178	213	138	113	118	118	121	115	113	112	114	114	112	99	148	189	186	184	182	183	183	180	171	171	174	176	175	145	100	104	105	105	96	96	97	105	109	111	118	114	115	115	124	118	118	121	130	135	133	133	134	127	134	140	139	134	124	144	138	132	132	139	139	139	132	133	133	139	144	142	138	142	150	150	151	148	151	149	153	151	150	154	150	147	149	153	153	152	152	150	149	149	149	149	150	153	150	150	152	153	150	155	155	152	152	152	152	151	149	148	148	148	149	149	151	150	152	151	154	149	149	149	148	145	143	142	139	142	148	148	148	148	146	145	145	145	142	139	139	142	136	138	137	134	134	136	136	135	133	136	133	129	123	128	125	126	123	142	203	202	199	199	172	46	27	27	26	26	31	34	32	32	33	33	31	31	33	34	34	34	34	34	36	32	34	33	31	34	34	34	36	36	34	34	34	34	35	35	35	34	34	35	37	37	36	36	37	37	37	37	34	36	36	35	33	41	61	28	22	44	43	44	47	42	25	20	17	11	11	14	18	18	21	35	32	33	31	65	66	43	43	46	47	46	45	45	45	46	48	47	47	48	48	49	51	51	51	50	51	51	53	51	54	53	53	55	55	57	56	57	58	59	59	58	60	61	61	63	63	64	64	68	68	69	69	70	70	71	72	74	75	75	77	77	77	78	80	80	77	81	81	81	84	84	85	89	89	90	86	90	90	90	90	90	89	93	90	91	93	94	96	95	96	97	97	100	100	96	98	102	101	102	104	107	105	106	107	110	112	113	115	115	116	121	122	116	119	121	122	123	126	127	128	126	125	126	129	132	132	133	135	134	130	121	124	125	126	128	127	125	125	125	126	128	128	130	131	133	132	124	124	128	128	128	128	127	127	126	125	125	125	125	125	125	125	119	119	120	121	118	118	118	118	118	116	115	112	115	115	108	108	108	110	111	106	103	103	102	100	98	98	99	96	93	91	90	87	87	87	85	84	81	82	80	79	74	83	71	68	68	61	75	139	101	70	115	90	98	115	99	80	64	100	99	90	46	41	51	41	37	36	36	36	35	35	31	48	39	38	33	32	31	57	79	55	88	106	43	41	31	30	34	25	29	28	27	27	26	21	24	16	18	17	15	16	17	18	17	16	29	20	22	21	22	22	33	82	24	27	30	28	83	81	40	42	49	121	73	70	99	118	90	130	141	113	33	13	15	4	6	6	6	6	6	6	6	6	5	6	6	13	14	12	14	13	18	37	43	26	10	12	15	15	14	14	14	15	14	7	6	9	10	9	11	14	10	9	9	9	11	12	11	8	9	10	10	11	7	6	12	11	12	13	12	12	12	9
115	114	109	111	114	111	106	119	123	115	109	109	106	107	107	103	101	111	106	105	99	81	104	93	68	54	40	19	10	15	21	28	26	21	34	40	39	41	24	27	28	19	28	35	29	23	32	37	82	52	21	22	22	51	148	153	156	142	151	142	124	133	149	156	154	158	171	172	171	175	176	178	180	182	183	186	185	186	187	188	187	193	194	193	193	194	193	193	192	186	191	186	185	182	176	172	167	164	158	155	149	143	134	128	125	120	113	109	100	97	94	91	91	88	85	82	82	81	79	78	78	81	81	80	77	77	80	80	81	80	82	82	84	84	82	86	85	85	87	86	87	88	111	83	150	211	167	162	157	160	166	173	160	165	201	181	117	111	123	115	114	107	111	179	214	142	112	117	120	120	117	115	115	114	111	108	96	149	187	179	174	177	179	176	175	167	163	169	171	172	146	91	96	99	95	102	104	103	110	113	114	117	115	116	121	124	123	126	130	127	127	130	130	133	138	139	136	142	139	133	140	138	129	132	134	136	133	133	142	141	139	139	139	142	139	142	139	141	145	142	141	144	141	137	139	137	139	143	142	142	146	148	146	145	143	142	142	141	140	139	143	145	146	148	150	146	147	147	145	150	150	144	143	143	143	143	144	145	144	143	143	141	141	140	142	139	139	137	136	133	144	147	147	146	143	143	143	143	145	143	140	140	139	137	141	140	137	135	134	134	134	130	129	127	129	127	128	125	127	122	132	203	201	203	207	176	45	25	19	6	4	17	19	18	19	21	21	21	21	21	21	21	21	21	21	21	21	21	22	25	25	23	27	27	25	24	24	24	24	24	24	24	25	25	25	26	26	25	24	22	27	23	25	25	22	24	24	25	42	46	42	31	44	38	33	26	36	32	19	16	14	16	16	11	24	38	32	23	63	42	40	43	32	31	33	33	33	28	29	29	29	29	30	30	31	30	29	30	30	30	30	30	30	29	30	27	27	27	26	27	26	29	29	30	29	29	29	29	29	29	26	29	32	28	27	27	27	27	27	28	28	28	28	29	30	30	31	30	30	31	32	27	30	30	27	27	27	27	30	30	30	30	30	30	31	32	30	29	33	30	30	30	30	30	29	29	31	31	31	31	32	34	33	31	31	34	34	32	33	33	31	32	34	35	35	34	34	34	35	35	35	33	33	32	33	35	34	35	35	35	35	35	36	38	36	36	36	39	38	38	41	41	43	45	45	45	46	48	48	51	52	53	53	54	57	60	61	62	63	63	66	67	68	68	71	71	74	77	78	78	78	80	83	84	86	89	89	89	94	96	99	99	96	96	104	106	107	108	109	108	109	111	111	112	112	115	108	111	113	112	110	109	110	108	109	109	109	108	103	101	103	102	100	97	109	147	96	73	114	105	102	116	113	73	70	94	100	93	77	76	76	73	72	72	72	67	65	63	58	66	55	54	52	50	45	70	79	52	87	102	51	46	38	34	40	32	35	33	30	34	42	37	36	27	34	32	28	22	25	18	19	17	18	17	19	19	19	19	15	20	22	23	24	24	37	33	29	35	39	77	55	59	86	108	93	123	142	110	31	12	15	6	6	6	6	6	6	6	6	6	5	6	6	12	14	14	14	13	21	36	43	27	8	11	13	12	15	15	12	13	16	10	6	11	9	9	13	13	8	7	9	7	7	7	7	6	7	7	7	7	5	4	6	6	7	10	9	7	6	13
113	111	110	110	111	108	110	121	126	114	112	112	112	113	110	116	103	104	104	107	100	92	61	39	39	33	40	46	21	24	15	17	14	16	34	35	28	23	17	30	60	25	27	36	28	25	26	49	81	43	17	27	45	51	151	160	164	164	171	169	170	174	176	181	185	185	182	182	189	189	189	189	188	183	183	177	174	168	159	153	150	146	139	131	126	122	114	110	107	100	97	92	89	88	85	85	84	84	83	82	82	82	83	83	85	85	85	84	89	89	89	90	86	88	91	92	93	92	89	88	91	91	92	92	94	94	91	91	90	90	91	92	91	90	89	90	90	87	86	89	90	87	111	85	147	208	167	164	159	158	162	171	158	162	200	179	117	112	118	121	107	104	109	176	213	136	107	110	110	111	109	110	113	106	107	100	95	149	185	177	177	177	174	174	176	170	167	173	170	166	146	91	99	101	102	107	108	106	111	111	118	119	121	121	122	121	121	130	130	129	129	130	130	130	136	136	128	134	136	133	135	141	138	135	130	130	127	133	130	136	136	131	135	139	139	136	133	136	140	139	135	139	141	139	138	138	137	140	142	145	146	145	145	145	143	142	142	145	145	142	142	139	142	145	145	144	142	144	142	142	142	139	139	139	139	139	137	137	139	141	138	138	138	138	139	139	138	136	134	131	137	137	133	134	136	137	136	133	133	130	125	125	126	126	122	122	122	124	121	118	118	115	112	112	118	118	113	112	110	107	122	160	155	148	146	131	51	37	23	9	8	20	21	23	24	23	24	22	22	24	24	24	23	23	21	22	23	24	23	23	24	23	25	25	24	25	25	25	25	25	27	25	25	25	26	25	25	26	23	22	27	24	25	27	32	66	70	60	57	70	68	58	46	38	20	12	25	29	26	18	19	15	22	20	22	55	25	31	61	44	39	39	44	43	42	41	41	37	41	40	39	40	41	41	41	41	41	39	39	39	40	40	41	41	40	41	40	42	41	41	40	42	41	41	41	40	41	40	39	38	41	44	39	39	38	38	38	40	42	39	39	39	38	39	41	42	41	41	41	41	40	39	41	40	41	41	42	42	42	43	42	42	43	42	40	39	42	42	40	40	40	39	39	40	42	43	43	43	44	46	47	47	43	45	45	45	44	45	45	45	47	47	47	47	48	46	45	44	45	45	45	45	36	34	33	32	31	30	29	29	31	30	29	28	28	27	28	27	27	27	26	25	28	26	26	24	25	25	24	24	26	26	26	25	23	23	23	23	23	23	24	23	21	22	23	23	25	28	28	28	25	27	27	25	25	27	26	23	23	22	22	22	23	25	26	27	27	27	30	32	34	36	36	37	39	41	40	43	44	47	52	54	54	57	63	66	67	71	73	77	79	80	83	83	95	159	101	73	114	104	101	105	114	66	94	100	106	98	97	98	94	95	97	95	93	92	92	93	88	85	85	83	82	82	83	87	76	55	87	109	67	66	63	62	64	59	56	51	48	47	47	42	41	35	34	23	22	25	40	29	25	22	20	17	19	22	22	22	22	20	23	25	24	27	31	34	43	48	55	59	71	82	88	94	95	89	126	114	34	15	15	6	6	3	6	3	6	6	6	6	6	3	2	11	15	14	12	10	17	36	45	24	7	11	13	11	15	17	17	18	17	14	12	16	19	21	23	23	24	25	28	32	37	40	42	43	46	47	48	48	48	51	56	59	64	67	69	70	71	71
127	122	124	127	120	121	125	129	126	118	124	123	120	119	122	122	116	114	112	78	49	31	31	31	37	58	54	79	62	27	11	7	11	34	49	29	24	16	17	33	36	52	25	23	34	29	36	63	40	25	24	26	47	53	154	173	180	189	186	180	182	178	179	177	171	162	156	150	144	135	124	116	110	104	100	93	90	89	88	87	85	85	86	87	87	87	89	90	89	92	95	98	100	100	100	99	99	100	100	100	99	99	99	97	98	96	95	93	96	96	94	95	93	93	93	95	94	94	94	94	89	90	91	92	92	91	91	91	90	89	90	89	89	89	90	87	85	84	83	83	84	81	105	84	148	211	166	158	151	151	156	170	163	162	200	178	114	112	117	129	109	110	114	176	213	133	110	115	111	112	112	114	111	107	104	105	98	143	180	180	180	180	181	183	180	180	177	174	178	177	149	94	102	101	102	103	104	104	110	113	111	111	116	116	119	116	112	120	124	118	117	122	117	118	128	123	120	128	132	130	130	133	130	124	127	127	127	133	133	124	124	130	122	121	127	127	122	122	125	122	119	124	125	124	121	117	111	108	107	113	118	116	118	116	114	113	113	116	113	106	107	107	105	104	103	100	98	100	99	97	96	96	97	98	98	100	92	89	91	95	91	90	90	89	87	87	86	86	85	83	82	81	80	81	82	83	82	78	77	73	72	68	65	64	62	63	65	65	60	57	59	56	54	53	56	55	55	56	51	52	50	49	42	33	30	48	29	23	19	13	7	18	15	18	21	21	24	24	24	24	23	22	22	22	22	24	22	23	21	17	15	21	24	25	27	30	29	29	30	29	28	28	29	27	23	26	27	25	19	19	25	27	26	27	27	51	46	54	59	74	52	40	33	47	38	25	34	38	31	16	24	26	27	27	24	54	28	34	36	35	39	36	33	35	33	30	18	29	33	33	33	33	38	36	36	36	36	36	36	36	32	32	32	32	28	21	28	33	32	33	33	33	33	33	33	33	34	33	30	31	31	30	33	24	27	27	30	31	33	32	33	34	34	32	32	33	32	31	31	31	32	29	32	31	30	32	33	33	33	33	33	33	34	34	33	32	30	31	27	28	30	29	31	30	29	29	31	32	34	34	33	33	34	35	33	32	33	37	39	38	39	39	38	38	38	39	41	42	40	40	40	40	36	36	34	33	32	32	33	32	33	32	31	32	34	35	33	30	32	32	32	31	31	30	31	31	32	32	32	33	34	34	33	33	33	33	33	33	31	31	30	30	32	31	32	32	34	34	31	31	31	30	30	31	32	32	29	25	28	26	25	23	25	27	21	23	24	23	21	19	20	19	17	17	19	17	17	17	17	16	18	18	19	19	19	19	18	21	18	21	22	23	24	23	40	150	101	70	114	101	90	99	94	73	88	92	88	69	53	55	56	59	64	63	66	68	70	73	74	74	79	81	85	84	84	96	80	52	88	113	80	80	80	80	81	80	77	77	78	72	71	65	62	58	55	49	46	45	52	45	44	34	25	23	25	28	31	31	35	40	43	49	52	62	67	75	81	85	89	98	89	83	99	83	98	93	103	100	37	17	21	12	12	14	15	15	21	21	21	21	22	26	29	35	40	40	43	45	48	57	60	48	47	52	57	59	61	63	63	64	67	64	63	66	65	65	66	66	65	62	58	57	58	59	57	54	51	48	43	39	34	36	32	29	27	26	22	17	17	16
96	91	96	102	97	102	107	106	100	98	103	102	106	104	104	99	98	90	80	33	39	42	53	51	71	102	44	24	49	30	16	12	24	33	38	26	10	12	12	15	25	21	24	36	33	30	30	39	19	17	31	22	26	39	155	192	179	155	139	129	119	111	110	103	100	95	94	91	92	93	93	93	89	92	93	94	94	94	95	97	98	99	103	105	104	104	104	103	103	103	100	100	102	102	97	97	99	99	97	97	100	100	99	99	97	94	92	91	94	94	93	93	91	90	91	90	89	87	86	86	84	84	84	81	83	82	78	77	73	74	74	71	68	68	71	66	60	62	64	63	59	56	84	63	138	209	169	165	162	161	163	173	164	165	201	176	114	112	109	125	112	108	110	177	213	133	113	106	104	111	109	110	114	109	106	109	95	68	63	65	70	76	76	79	85	92	99	100	107	112	99	67	71	69	66	72	71	69	71	71	68	68	71	70	69	66	61	64	67	63	63	64	60	62	66	63	58	61	67	64	65	67	65	62	62	62	58	59	59	54	52	55	53	45	49	50	44	45	46	44	42	43	43	41	41	36	37	37	43	47	50	48	48	48	47	47	49	50	47	56	67	69	71	65	36	42	47	48	52	52	50	47	48	49	50	50	53	53	50	51	51	53	53	52	56	56	57	57	60	62	62	61	70	69	71	72	70	68	69	69	71	73	71	74	75	76	76	73	79	83	96	91	87	88	88	87	87	90	90	92	87	87	86	79	83	126	86	55	43	35	11	24	28	34	39	39	42	42	45	45	48	50	50	50	46	44	45	46	43	31	33	46	49	51	50	54	55	55	53	53	55	55	54	52	48	53	51	45	36	36	47	50	53	49	43	52	40	34	39	42	42	38	48	40	37	57	51	54	20	10	26	41	41	38	45	83	61	61	62	63	61	58	58	58	51	50	34	46	58	58	58	57	61	62	61	61	62	62	61	61	57	60	58	58	52	29	50	50	52	53	50	54	56	55	53	54	57	57	52	52	54	52	52	32	42	47	50	50	49	53	54	55	54	54	52	51	47	47	47	47	45	28	37	44	42	42	45	47	44	44	44	45	46	44	43	44	45	43	26	20	26	29	29	29	34	34	35	35	35	34	32	30	32	29	23	17	24	28	28	26	30	29	30	31	31	30	28	27	27	24	21	14	19	20	21	21	21	22	24	23	23	22	19	21	18	19	15	15	15	16	18	19	19	20	20	20	18	17	20	17	22	27	29	31	31	31	32	32	32	32	30	29	28	34	30	30	32	32	34	34	32	32	34	34	31	31	31	28	28	28	28	28	26	29	30	32	30	27	27	26	25	26	25	24	24	24	26	25	24	26	27	29	27	27	27	28	28	27	24	26	25	24	21	18	39	145	95	77	117	102	78	102	90	77	82	81	101	70	24	19	22	20	20	20	23	23	20	22	24	22	23	25	25	25	23	76	81	49	91	87	38	45	50	54	55	59	62	63	66	66	66	66	70	69	69	66	61	58	55	51	54	46	45	53	61	65	69	73	78	88	92	93	97	98	100	92	99	88	82	103	91	82	98	86	87	85	78	70	44	33	39	34	34	33	34	35	33	33	32	33	32	32	31	30	29	26	26	23	24	19	18	17	17	18	16	13	12	12	12	10	9	8	6	6	4	5	3	2	1	1	1	1	1	1	1	0	0	0	0	0	2	3	1	0	2	3	3	2	1	1
39	39	39	40	37	39	40	39	35	34	39	38	36	37	35	74	104	76	74	72	99	85	66	58	60	46	28	29	33	24	29	38	36	38	17	17	14	17	13	22	29	15	19	27	24	24	20	20	17	19	30	26	22	26	105	87	48	57	92	97	98	100	100	99	99	99	98	100	99	98	96	96	98	101	101	100	96	100	103	103	102	103	104	105	105	105	103	99	100	100	98	101	98	99	93	96	94	94	94	91	91	88	85	83	85	80	76	79	77	77	76	76	75	73	72	71	69	66	65	65	63	62	74	61	49	49	55	56	56	55	54	52	52	52	51	52	51	50	50	50	49	49	76	54	131	209	163	150	141	145	148	156	150	157	199	177	116	115	113	128	117	110	113	177	212	135	109	106	101	109	109	109	114	109	109	106	101	44	19	20	20	16	4	3	4	4	4	5	5	18	42	45	19	13	20	22	23	23	27	29	30	30	30	32	33	32	40	40	45	45	47	48	49	49	49	52	58	59	53	54	36	34	34	33	35	35	35	36	36	35	35	33	47	73	79	91	92	92	93	95	98	98	100	101	105	108	108	91	50	45	41	39	40	40	42	44	41	36	58	146	158	158	161	150	97	71	40	38	35	34	33	30	28	27	27	25	58	122	132	137	132	131	128	130	131	132	130	129	131	132	133	137	149	68	36	29	21	16	20	18	20	30	21	21	20	18	18	12	100	147	147	141	138	137	135	133	132	132	132	132	129	127	125	131	132	162	136	111	95	62	18	45	46	53	59	59	60	63	66	66	66	67	68	69	66	63	68	68	64	45	48	66	69	72	66	70	75	73	73	72	74	74	73	69	66	71	65	62	44	48	70	73	73	74	74	123	95	59	72	75	75	79	63	35	42	25	40	65	16	24	39	68	72	67	66	123	91	80	80	79	82	77	76	78	76	76	52	61	76	78	76	74	81	81	81	82	80	79	79	78	71	77	75	75	67	39	69	77	76	75	72	76	79	78	76	76	80	80	74	74	80	76	73	52	59	70	70	69	69	75	75	76	74	74	74	75	69	68	70	69	66	44	61	65	65	62	62	68	66	66	68	69	67	63	61	64	63	63	42	40	50	49	46	49	55	54	55	55	53	52	52	48	49	41	37	25	39	44	46	43	48	49	49	49	49	49	46	41	49	41	36	19	34	36	40	37	41	42	40	40	38	39	33	35	34	29	20	22	25	25	27	30	28	25	25	23	23	21	24	20	18	23	22	24	24	24	24	23	21	21	20	18	20	30	24	25	26	26	26	26	25	24	24	24	21	25	22	22	22	22	23	23	24	23	22	22	21	23	23	22	23	23	20	22	20	18	15	15	14	16	19	20	21	21	21	22	25	23	24	24	25	26	28	25	49	137	87	87	123	99	78	93	83	71	85	81	117	75	31	28	31	27	27	23	21	21	18	17	17	16	15	14	14	15	10	74	73	54	89	70	13	18	19	18	17	18	19	20	19	21	24	28	29	31	35	38	42	46	51	52	56	54	53	62	73	82	87	97	95	101	98	95	117	115	130	112	134	139	133	122	132	129	129	126	119	114	117	92	24	12	15	14	16	15	14	13	14	13	10	10	9	10	10	12	6	6	6	6	8	8	8	7	5	7	8	8	7	5	7	8	8	7	6	6	7	4	7	8	9	9	9	8	6	6	6	5	6	5	4	5	7	8	5	6	5	5	5	5	6	6
102	103	101	95	94	95	97	95	90	90	95	93	94	87	100	107	145	120	108	93	81	88	66	40	39	19	9	11	33	75	38	53	45	31	25	21	26	30	29	33	34	29	20	27	25	22	20	26	20	22	22	30	19	27	39	33	41	53	71	86	99	100	98	100	101	100	98	98	99	96	95	96	98	97	97	100	100	105	103	97	100	99	98	97	94	93	90	85	86	86	80	78	76	79	75	76	73	71	70	68	68	74	74	56	46	60	59	59	62	60	58	56	56	55	53	54	54	54	53	54	51	54	85	72	45	41	51	47	46	46	43	43	44	45	45	44	43	40	38	40	40	37	61	45	126	209	160	153	147	142	151	164	159	160	200	175	113	114	112	121	129	110	115	178	212	136	104	106	103	104	108	107	111	111	109	108	99	40	18	21	22	14	8	13	14	11	17	25	34	46	65	66	40	36	48	19	18	14	15	15	14	14	15	15	13	17	77	101	93	93	94	95	93	92	93	94	94	93	109	103	18	12	6	6	6	4	4	5	8	6	5	2	39	132	114	95	90	88	86	85	82	82	81	80	80	88	154	123	24	15	6	1	3	3	3	2	3	3	42	178	187	187	187	173	130	70	10	11	8	5	3	2	3	3	3	0	45	164	129	45	63	73	71	71	71	71	72	72	73	75	67	135	180	70	55	27	12	7	9	8	9	24	13	6	6	6	6	3	117	177	77	22	28	24	23	26	26	25	24	23	20	22	18	96	159	168	157	144	132	95	26	67	73	78	79	74	82	85	85	87	85	85	85	85	85	82	85	82	79	59	59	86	86	91	85	88	94	92	91	91	91	91	91	88	85	90	85	82	64	69	93	92	94	92	90	132	106	76	92	97	96	89	74	51	36	12	17	39	20	32	37	63	94	73	67	126	108	100	100	99	99	93	90	93	93	92	61	80	96	96	95	92	99	99	99	100	99	99	99	99	93	96	96	96	87	58	86	92	94	93	90	96	95	95	95	93	95	95	92	90	92	91	88	60	73	85	86	86	83	89	88	89	87	88	86	88	85	85	86	87	84	57	77	83	82	79	79	85	81	81	83	83	82	79	77	80	79	81	54	56	66	68	67	68	72	70	71	72	70	69	68	63	70	65	58	41	61	66	64	61	66	65	65	66	68	65	64	59	63	60	55	32	46	49	54	51	54	54	54	54	54	54	50	54	50	47	32	37	39	37	37	38	41	41	38	38	37	35	38	37	31	20	19	21	21	21	21	20	19	19	19	17	23	28	11	11	13	13	13	13	15	15	15	14	21	30	21	21	23	21	20	20	21	20	19	17	24	41	39	38	30	20	20	20	22	9	5	4	0	8	9	10	9	9	8	10	10	8	7	9	7	7	9	7	34	139	74	68	123	93	72	101	71	80	91	78	111	69	24	22	23	26	27	28	29	24	25	27	26	26	29	25	17	16	14	77	76	58	94	70	15	20	21	21	22	21	21	22	22	22	22	23	25	22	22	25	27	24	24	27	40	47	51	63	75	79	77	85	102	98	111	108	109	106	130	137	135	131	138	136	130	130	128	127	122	116	120	108	35	15	24	18	18	18	22	22	22	22	18	17	18	18	19	19	17	16	16	16	17	18	17	14	12	14	16	13	14	14	14	17	13	10	12	13	12	10	9	10	13	13	13	13	10	10	10	10	12	12	10	9	7	8	9	12	11	12	12	14	13	13
159	160	159	153	150	153	156	156	149	152	155	151	151	145	156	110	62	48	43	39	32	21	41	34	20	19	14	8	37	83	33	33	25	17	18	29	31	22	28	28	17	13	13	28	39	27	16	19	14	24	38	41	21	24	48	44	41	18	40	53	54	74	73	65	71	73	82	86	89	90	90	89	93	92	91	92	94	97	94	88	86	84	83	82	81	80	79	76	76	77	83	67	48	65	68	67	66	66	62	61	46	70	82	57	31	19	20	19	17	16	16	16	15	14	12	12	14	12	18	30	30	33	53	47	36	28	30	28	28	28	27	27	27	27	27	28	29	25	26	31	30	19	42	40	119	209	166	162	157	151	160	170	162	163	205	175	109	111	111	113	132	111	110	174	212	133	104	100	103	109	106	106	109	106	108	108	101	40	14	15	17	17	14	19	21	22	27	35	43	50	65	68	55	63	72	22	13	5	6	3	4	6	6	6	2	13	107	104	26	21	20	21	20	17	16	15	16	11	95	133	27	15	3	6	8	4	4	5	4	4	4	0	45	159	79	0	2	2	1	0	1	1	1	1	0	11	158	140	29	17	9	6	7	5	3	4	8	3	48	192	195	194	195	183	143	81	14	16	12	9	8	5	6	7	8	2	52	178	124	17	140	164	163	160	160	162	163	164	164	164	162	178	184	78	75	38	21	13	13	12	12	24	13	9	9	8	9	4	124	187	68	8	19	19	18	19	16	16	15	17	15	18	11	93	172	176	167	160	154	119	34	90	95	102	103	97	103	103	104	104	106	106	106	106	103	103	106	104	101	80	76	101	100	106	101	106	111	109	109	109	106	106	106	101	99	106	103	101	81	84	111	112	111	104	107	136	103	91	107	111	112	107	109	99	45	17	25	38	18	24	39	43	98	88	64	128	124	115	115	117	117	113	111	115	112	110	76	86	105	109	107	105	112	112	112	112	114	114	112	113	106	111	109	109	100	60	97	103	105	103	102	109	107	107	108	109	108	109	106	103	108	103	102	71	88	100	100	100	100	106	106	106	103	103	103	104	97	97	101	102	99	69	93	98	97	92	94	99	99	99	100	100	97	92	92	95	93	96	62	68	81	84	84	84	87	87	89	87	87	84	83	78	84	83	72	50	73	78	76	73	79	79	79	80	80	78	77	72	76	76	73	45	63	66	66	65	70	69	69	69	68	66	62	63	68	62	42	50	54	51	48	53	54	54	52	52	50	48	51	51	42	20	21	23	21	21	21	21	21	23	22	20	34	35	7	5	6	6	6	6	5	4	5	5	22	39	34	40	37	40	40	36	36	44	34	15	29	53	47	47	42	23	23	26	27	9	8	7	3	18	18	17	19	18	17	17	15	12	11	11	13	11	13	11	27	103	56	49	105	92	66	101	68	90	88	88	96	72	15	5	8	16	17	20	20	32	26	24	21	14	18	16	15	12	11	77	85	64	105	61	17	22	24	26	25	25	28	30	33	31	29	29	31	30	27	26	24	22	24	27	37	40	47	60	68	74	71	77	99	93	109	113	105	108	129	138	136	135	135	130	130	133	130	130	123	121	124	116	38	21	37	24	20	22	23	25	27	25	26	26	24	27	27	27	26	26	26	26	24	25	22	19	12	20	27	26	27	28	28	27	28	25	25	27	27	27	28	27	28	29	30	30	30	30	30	27	32	31	27	25	12	12	24	32	32	32	34	33	35	36
167	168	169	164	164	167	167	167	162	165	170	165	164	157	166	142	74	110	75	46	35	22	36	27	30	22	21	18	20	28	22	25	20	19	19	23	26	21	23	23	18	9	20	33	27	28	22	26	21	29	36	51	41	14	33	66	67	22	49	43	36	40	44	84	78	38	48	62	74	72	69	84	81	67	56	47	49	66	81	88	88	89	85	85	84	84	85	79	60	66	86	67	48	67	70	71	70	67	64	67	44	32	39	27	17	11	11	6	7	7	7	6	5	4	2	2	3	1	15	39	37	36	35	30	33	30	30	33	30	29	28	28	27	23	31	29	18	18	25	29	30	14	32	43	118	212	163	150	144	147	154	161	164	158	199	166	107	114	117	115	130	118	112	169	213	136	113	112	109	115	111	112	115	108	109	106	98	33	11	14	13	20	21	25	23	29	36	42	46	56	68	71	65	75	82	27	22	7	7	7	6	6	6	6	6	12	122	113	21	14	14	14	13	13	13	12	13	13	108	145	31	19	5	6	6	5	5	6	5	5	5	0	53	171	83	3	7	7	7	7	5	5	5	6	5	19	169	142	30	17	15	11	7	5	5	4	5	0	50	196	201	198	199	191	151	81	14	18	15	11	8	6	6	7	8	2	54	185	130	33	157	167	167	167	167	167	166	167	169	169	168	183	189	87	83	49	24	18	19	17	14	26	15	8	9	8	9	6	128	190	75	15	22	24	23	21	20	21	21	21	18	19	12	99	175	180	174	170	168	135	43	109	117	119	119	111	117	119	119	118	117	115	115	115	111	106	111	111	110	87	78	107	104	109	104	108	111	110	111	111	110	110	110	107	105	109	109	108	90	86	114	113	116	111	114	139	109	103	121	118	117	120	112	105	60	33	29	45	36	30	22	27	101	97	61	130	129	122	121	124	123	121	121	122	120	123	87	99	117	117	120	116	121	120	120	122	122	121	119	119	113	119	119	118	116	75	113	118	120	118	118	124	124	124	124	124	122	122	119	118	125	122	125	92	101	115	116	116	112	120	118	118	120	120	120	120	115	117	120	118	114	83	111	114	113	109	113	118	115	117	118	118	117	114	111	115	114	115	82	87	105	106	105	103	109	108	108	108	109	106	101	97	104	103	94	65	90	97	99	93	100	100	100	102	101	100	98	92	98	96	89	59	81	84	84	81	86	83	84	85	83	82	76	78	78	75	51	60	65	62	59	65	63	63	61	59	56	56	59	59	49	24	24	22	20	20	20	25	22	22	27	24	41	44	10	7	7	7	6	6	5	6	6	7	27	50	31	31	34	44	48	40	43	53	42	19	38	45	31	34	40	26	25	28	28	11	8	12	3	22	22	22	23	23	21	19	22	20	18	18	18	18	19	15	38	100	96	91	110	93	66	105	76	84	75	76	84	79	22	7	14	30	26	12	26	65	60	64	36	14	21	19	10	9	11	71	66	78	106	44	11	17	24	27	29	31	33	23	16	15	10	10	10	12	12	12	20	21	24	36	44	45	50	63	71	79	83	84	102	90	105	112	112	106	122	138	134	136	133	133	132	132	130	132	127	125	127	117	44	30	46	34	40	41	43	44	43	42	44	45	43	44	44	45	43	43	43	43	39	39	37	33	15	26	35	40	39	39	40	39	38	37	35	35	34	34	33	33	32	32	32	31	29	28	27	27	24	22	20	18	8	9	16	21	21	20	20	19	21	18
174	174	174	168	168	173	170	173	168	171	174	173	171	163	172	182	154	149	73	36	51	24	14	30	62	31	25	25	17	26	23	20	17	19	13	17	20	20	25	25	15	21	31	25	19	19	19	25	25	27	33	57	79	27	17	79	81	21	36	26	48	41	43	70	92	37	50	67	62	57	57	72	81	77	48	20	16	19	19	37	39	72	74	65	69	68	88	81	52	61	82	62	52	71	75	71	71	71	71	67	45	16	11	15	14	14	12	12	10	9	8	6	5	4	4	4	2	3	20	43	42	43	42	42	41	40	38	38	38	36	34	33	33	30	35	37	16	13	26	29	25	22	29	47	125	205	157	152	150	157	163	168	169	162	201	166	110	115	112	114	128	119	114	177	210	136	114	109	110	113	113	113	111	108	109	108	102	31	9	18	22	25	29	27	30	37	41	47	55	68	76	81	69	82	92	31	23	10	8	7	6	6	6	6	3	11	129	119	23	15	13	15	15	14	15	14	14	13	112	150	36	22	7	7	6	6	6	6	6	6	6	0	56	177	85	3	6	7	7	6	5	5	6	7	4	21	174	148	38	22	17	10	6	7	6	6	5	1	51	199	203	199	200	192	160	88	18	21	19	14	10	11	9	9	7	1	54	188	132	45	161	166	167	167	167	166	166	166	166	166	166	184	192	89	90	56	27	22	21	21	14	26	16	7	7	6	9	7	130	195	76	14	23	24	24	23	21	21	21	21	20	20	12	100	181	183	180	175	177	146	51	123	131	130	133	123	130	133	133	133	131	131	130	130	130	124	130	127	125	103	97	128	128	131	125	128	132	133	133	133	132	131	133	129	125	128	129	129	107	100	132	133	135	126	133	153	101	104	135	136	138	137	131	121	61	34	25	38	54	75	97	98	120	107	66	123	138	132	132	132	133	130	129	132	132	134	96	108	132	131	133	127	137	137	136	138	138	137	136	137	129	135	134	132	128	80	123	131	131	127	127	133	131	133	133	131	131	131	128	125	130	128	131	93	110	125	122	122	121	127	126	125	127	126	126	126	121	121	124	122	120	87	115	120	120	114	119	122	122	122	122	124	122	121	115	122	121	119	89	95	113	112	109	107	116	116	116	115	115	113	109	107	116	113	107	74	98	101	101	97	104	105	105	106	105	106	105	97	105	105	97	70	90	94	94	90	97	99	97	100	97	98	89	94	95	92	65	77	81	81	78	84	84	82	81	81	77	76	80	79	68	46	47	44	45	41	40	41	41	41	44	34	46	50	33	27	17	16	14	14	8	5	8	8	30	55	25	25	36	38	37	35	32	22	12	13	42	31	12	21	36	29	28	29	31	12	8	15	5	30	32	30	33	33	33	28	30	27	21	24	22	25	27	21	55	116	102	91	117	99	66	102	72	81	90	87	98	90	34	10	22	51	36	7	16	31	28	67	47	12	15	13	12	10	9	61	48	79	95	54	36	40	45	49	54	62	50	5	5	5	1	5	6	9	9	15	22	23	23	38	48	51	56	66	70	71	84	99	110	94	115	127	118	114	105	106	107	108	107	105	105	103	103	106	108	107	108	103	43	25	34	25	27	30	30	31	29	28	28	26	25	25	25	25	22	22	23	23	21	20	19	16	13	17	15	15	14	13	11	10	8	8	6	5	6	7	5	5	4	4	4	4	4	3	2	2	5	5	3	3	5	6	3	3	2	2	1	1	3	3
180	181	181	175	176	180	180	180	175	178	181	179	176	173	176	194	178	145	72	41	47	41	40	31	45	31	19	20	19	14	13	16	29	35	20	17	11	17	20	22	9	12	16	14	11	18	35	27	21	38	27	59	82	57	7	52	92	13	20	18	48	45	48	58	94	71	73	78	57	37	31	45	66	80	55	19	26	15	5	9	11	56	60	46	38	28	34	32	25	34	82	62	37	31	31	41	42	41	38	64	57	19	18	18	14	14	14	14	10	9	8	6	5	4	4	4	4	1	9	20	20	19	19	19	18	19	17	16	15	15	15	15	13	16	18	30	21	11	11	10	11	37	30	41	121	210	164	151	144	153	157	156	164	162	201	167	107	115	115	111	112	126	113	177	211	134	104	108	107	107	108	107	108	105	106	111	105	30	2	15	15	21	32	31	34	38	43	51	55	66	71	83	76	88	97	36	27	13	11	8	8	6	6	7	3	14	134	122	24	17	14	17	17	15	17	16	15	11	115	153	39	22	7	6	6	6	6	6	6	6	7	0	57	181	85	2	6	7	7	7	6	5	7	8	4	23	177	150	40	25	16	9	6	7	6	6	8	1	50	202	203	200	201	194	160	88	15	11	17	17	15	14	12	9	8	4	58	193	130	56	165	168	170	170	168	168	167	165	166	164	165	186	195	90	96	64	30	23	23	24	17	30	16	6	5	6	11	10	130	195	78	15	22	24	24	25	24	24	24	24	20	20	13	103	184	187	184	181	181	151	56	136	140	138	140	129	138	140	140	140	140	140	140	138	135	131	136	134	128	109	101	127	128	131	125	128	134	134	134	137	135	135	137	131	128	133	134	134	118	106	134	133	134	129	135	152	113	104	136	138	140	138	133	124	51	30	24	35	85	123	137	132	130	120	78	115	148	142	142	142	140	137	135	140	137	136	105	115	137	137	137	131	138	139	139	139	139	139	139	140	130	136	136	136	133	89	131	134	136	130	130	136	139	139	139	139	140	139	134	133	139	134	134	101	116	131	134	134	128	137	135	135	134	133	133	133	128	131	132	132	128	93	122	126	131	125	128	129	130	130	128	128	128	125	121	128	126	127	94	101	119	119	118	116	122	122	122	122	121	121	118	118	119	119	113	82	113	115	115	112	115	115	115	115	116	118	116	110	114	111	105	75	100	104	104	98	107	109	108	109	106	106	97	101	103	100	76	90	94	92	90	96	94	92	92	93	88	87	90	90	75	44	44	45	50	51	51	45	47	47	50	38	52	60	26	24	24	23	22	21	14	8	10	11	39	69	34	28	21	27	29	25	20	19	13	10	53	33	14	21	35	25	23	26	34	15	12	19	3	33	38	38	38	39	37	33	36	36	30	30	29	30	33	26	61	124	100	82	125	99	63	90	68	77	94	93	104	87	39	16	27	56	39	9	21	40	41	71	49	15	6	5	11	7	5	58	42	54	82	41	9	21	20	11	14	27	32	2	6	3	0	5	6	10	11	18	21	23	26	42	53	53	57	66	71	81	88	100	117	99	120	128	115	123	93	79	77	77	76	75	74	72	71	74	71	68	69	68	32	11	15	4	5	5	5	5	5	5	5	5	6	6	8	6	6	6	7	8	8	7	7	5	9	12	9	6	6	6	5	6	6	6	5	6	5	5	5	5	5	4	4	2	3	3	2	3	3	1	0	0	5	4	2	1	3	3	3	3	2	3
186	186	186	180	181	186	184	186	181	185	187	183	181	179	183	193	163	115	70	46	59	50	57	52	42	22	17	16	20	7	10	21	14	20	18	10	14	19	10	26	51	16	19	12	9	31	52	32	38	63	35	79	93	81	25	25	98	25	19	22	36	39	103	161	140	88	97	103	89	74	52	39	31	35	38	44	40	29	17	29	24	65	67	61	51	42	32	28	23	26	29	25	20	13	13	12	13	10	8	40	48	21	22	21	15	17	15	14	10	10	8	6	7	5	5	4	3	2	4	6	6	6	4	4	5	5	4	4	6	5	5	5	6	6	5	9	6	5	4	5	6	24	18	36	116	210	160	137	132	139	141	138	160	163	200	164	106	112	117	110	102	129	117	174	211	134	98	111	112	109	116	112	109	105	108	111	100	22	3	5	3	14	35	36	42	43	48	58	61	74	76	86	80	93	102	39	29	15	13	11	10	9	8	6	4	14	141	126	24	17	17	19	18	16	17	17	16	14	119	156	41	26	7	5	6	6	6	6	6	6	6	0	59	186	85	2	6	8	7	7	6	6	7	7	3	26	180	151	37	20	12	14	8	8	7	5	8	1	50	202	204	203	203	195	164	91	17	10	13	15	16	14	12	11	11	7	59	194	131	76	173	170	171	171	170	168	166	165	167	164	165	187	195	91	100	66	30	22	21	24	19	31	18	8	8	8	14	12	133	197	78	14	22	21	21	22	24	24	24	24	22	22	13	105	184	189	187	184	186	159	61	144	153	147	148	138	143	145	144	144	142	141	141	141	138	135	140	139	137	114	108	137	137	140	134	137	141	141	141	142	144	142	143	137	138	142	142	142	119	112	140	139	140	133	141	157	119	111	142	143	145	144	141	136	58	36	35	43	95	141	137	142	134	133	101	132	155	146	146	146	144	138	137	143	142	143	105	117	140	141	143	136	147	150	150	149	149	150	150	150	140	146	151	150	143	95	137	143	142	139	139	145	145	145	145	145	145	143	139	136	140	137	140	105	119	137	137	137	135	144	143	144	141	140	140	140	135	137	140	138	135	99	126	132	134	126	132	134	135	136	138	138	138	135	129	138	135	135	99	105	126	127	127	125	131	129	129	129	125	125	122	121	125	124	116	85	119	124	122	117	126	126	125	123	125	125	122	114	123	121	117	84	108	111	111	106	116	117	117	117	117	118	107	112	113	110	86	95	101	98	97	102	102	102	102	103	96	94	97	98	80	39	38	38	39	42	42	41	40	41	46	38	57	69	19	20	21	22	22	21	19	10	11	12	39	76	43	36	34	24	18	19	22	19	11	13	56	35	17	21	36	24	25	32	36	16	16	24	8	40	46	44	45	47	45	42	43	41	36	36	36	37	39	33	69	128	93	86	134	94	63	94	68	76	97	96	105	77	39	18	29	56	36	15	26	51	40	72	56	21	8	8	13	8	5	61	55	44	77	38	0	2	1	3	2	20	30	3	6	6	3	5	9	12	12	18	23	26	26	41	54	53	55	65	76	93	92	100	114	93	118	126	114	119	91	82	83	85	86	85	86	83	80	83	84	79	81	80	36	14	15	6	5	6	6	6	6	6	5	6	6	6	6	6	6	6	6	5	6	6	6	6	8	9	6	6	6	4	3	4	6	4	3	3	3	3	3	3	4	3	3	3	2	2	1	1	0	0	0	0	5	5	0	0	0	0	0	0	1	1
189	188	189	183	184	187	187	187	183	186	190	186	187	179	185	191	117	106	61	26	38	44	38	25	19	22	20	26	18	5	21	28	20	19	15	13	36	39	21	75	158	85	22	17	16	31	46	43	30	43	48	83	87	91	51	11	65	20	16	19	39	100	168	172	130	107	91	106	99	76	53	23	15	14	20	31	24	23	13	14	13	67	79	68	61	51	47	37	37	30	22	26	22	20	21	19	16	14	17	16	23	29	23	22	18	18	15	12	11	9	10	8	6	4	4	3	3	3	5	9	6	6	7	7	8	7	6	5	8	8	7	7	6	7	6	5	5	6	5	4	6	6	3	32	123	207	160	152	156	160	160	158	167	167	201	162	110	106	106	106	108	116	122	177	209	133	104	105	108	110	109	111	111	103	108	107	100	21	3	5	2	17	39	39	43	48	53	59	65	75	78	87	86	100	103	39	31	15	14	13	12	12	9	9	7	16	143	128	26	20	18	19	20	18	17	17	15	13	122	159	41	27	6	4	6	6	6	6	4	6	6	0	60	186	85	2	8	8	8	8	7	7	7	7	6	27	182	153	39	21	12	16	7	6	6	7	6	1	53	201	203	203	203	195	164	92	19	9	13	12	12	10	9	12	12	14	67	194	134	94	182	172	170	170	170	170	167	164	165	164	164	186	198	91	102	66	30	20	23	24	19	33	21	13	13	14	16	14	135	198	77	15	23	20	20	20	22	22	22	22	23	22	14	105	187	189	187	186	187	162	64	154	160	155	155	142	151	153	153	153	150	150	147	147	144	138	144	144	146	124	114	143	142	144	137	142	146	147	147	147	148	147	147	141	139	144	143	142	121	116	149	148	147	139	145	161	118	118	150	151	150	148	145	140	72	55	50	55	100	147	143	145	139	139	113	129	156	148	147	147	146	140	141	145	143	149	110	122	144	144	146	140	147	150	150	150	148	150	150	150	142	148	150	147	142	99	139	145	146	142	143	148	149	149	149	149	149	148	144	143	147	145	145	106	126	141	140	138	136	142	142	143	142	142	142	143	139	140	145	144	139	103	130	136	139	132	138	141	142	142	142	142	142	139	133	141	140	138	101	110	129	128	126	123	131	130	130	130	129	127	124	121	130	128	121	88	120	126	127	120	129	129	129	128	128	130	127	118	129	127	121	88	115	118	117	112	118	119	119	119	118	118	109	115	115	113	85	98	103	102	99	107	106	105	105	105	105	100	103	105	88	36	35	36	36	37	37	40	41	41	48	42	62	70	26	21	21	24	23	26	22	11	11	12	48	78	33	26	28	25	21	21	20	21	14	12	62	41	23	26	36	27	33	40	41	15	18	27	7	46	49	46	51	51	51	48	51	49	43	44	42	45	45	40	78	132	89	86	134	89	62	94	67	74	93	89	93	68	38	29	36	54	36	15	33	67	39	69	59	23	7	8	17	10	7	67	56	48	88	39	0	3	1	0	4	17	29	2	6	6	5	6	12	13	13	17	24	27	26	42	54	50	58	66	83	93	86	106	116	95	119	129	127	124	94	78	78	81	84	85	83	83	80	80	79	76	81	83	36	11	12	5	6	6	6	6	6	6	6	5	4	4	5	4	6	7	6	5	5	7	5	5	7	9	5	6	5	5	5	5	5	2	0	0	0	0	0	0	0	0	0	0	0	0	0	0	0	0	0	0	5	5	0	0	1	1	0	1	0	1
190	189	190	184	186	189	189	188	186	186	192	188	189	183	186	190	139	141	86	40	24	31	26	24	9	25	64	59	15	7	16	28	27	23	27	20	32	29	68	50	79	52	15	22	15	52	54	40	21	37	41	59	93	100	66	18	19	9	12	44	95	132	167	159	127	120	117	130	127	115	108	83	38	10	18	17	10	10	8	5	11	70	84	70	61	53	47	41	37	31	26	26	27	24	22	22	20	20	18	17	27	31	30	25	20	19	17	16	15	11	10	10	9	7	5	3	3	4	5	10	9	9	9	9	9	8	8	6	7	8	6	7	5	7	6	6	5	5	5	6	7	5	3	28	127	207	166	149	150	157	158	154	162	166	201	163	111	109	108	112	112	114	128	174	209	136	107	106	109	111	106	109	111	105	108	109	98	22	0	2	2	19	44	44	45	48	54	57	68	72	77	88	92	106	105	39	33	16	14	13	13	13	13	11	9	21	143	129	29	22	20	20	21	21	20	20	16	14	124	157	41	28	5	5	6	6	5	5	5	5	6	0	62	186	86	3	9	10	8	8	9	8	8	9	8	29	182	153	43	24	15	16	12	9	6	5	4	1	55	201	203	203	203	196	166	93	25	15	21	15	12	9	8	6	10	9	64	195	134	127	219	196	172	169	169	166	166	172	166	165	163	186	197	92	106	69	31	20	26	26	21	36	21	13	17	19	18	14	134	198	77	14	23	22	20	20	21	21	21	21	24	23	18	108	187	187	186	186	188	164	65	157	165	162	164	150	158	160	158	157	158	155	153	152	146	143	149	149	149	125	115	147	146	146	140	143	149	149	150	150	150	150	149	144	140	149	146	146	126	117	145	145	147	140	145	164	112	119	151	153	151	151	148	145	83	54	42	54	106	148	146	150	142	145	121	122	155	148	151	151	148	142	145	151	147	150	114	126	147	147	147	139	148	150	151	151	151	151	153	153	144	152	153	150	150	101	142	148	147	142	142	148	150	150	150	150	151	148	144	142	147	146	147	112	123	138	140	137	132	138	140	140	141	141	141	140	132	133	138	138	135	99	129	133	136	128	134	136	139	138	137	136	138	136	129	138	134	137	103	109	130	128	125	124	132	132	132	132	131	132	128	124	131	131	129	94	121	124	124	120	128	129	128	128	128	131	128	119	131	131	124	89	118	119	118	113	122	122	122	122	122	121	112	119	118	121	91	103	109	106	103	112	109	109	108	108	106	100	106	107	83	20	22	26	21	24	23	25	26	28	38	37	64	78	25	23	23	27	23	22	23	16	16	13	47	82	36	26	19	20	21	22	24	24	16	16	64	39	23	25	41	36	33	45	45	16	22	31	6	50	53	51	56	54	56	51	51	51	45	47	43	47	48	43	88	134	85	84	141	96	59	79	70	79	96	78	88	73	40	34	42	57	36	15	33	60	42	71	59	25	10	10	25	13	6	79	57	51	89	36	0	0	0	0	4	16	32	3	6	3	3	7	13	14	16	19	24	27	27	45	57	50	65	72	83	84	84	104	123	104	116	124	134	130	102	78	80	81	82	83	80	83	82	77	82	82	82	84	41	9	13	3	6	6	6	6	6	6	6	6	6	6	6	6	6	6	5	5	6	6	6	6	6	7	5	4	3	2	2	3	2	0	0	0	0	0	0	0	0	1	0	0	0	0	0	0	0	0	0	0	4	5	1	1	2	1	0	0	0	0
189	190	191	185	186	189	190	189	186	187	192	189	188	185	189	198	170	146	84	39	14	34	38	43	33	26	52	48	16	24	11	23	18	15	12	25	22	35	39	50	34	28	38	28	34	21	29	36	25	21	26	33	40	44	63	40	13	9	8	78	113	131	174	175	136	130	139	143	139	123	134	98	69	71	34	16	20	18	17	12	10	62	73	71	64	56	52	48	43	42	37	34	34	32	29	26	24	23	23	22	32	38	35	28	21	21	19	19	18	14	11	10	9	6	8	2	0	2	5	9	9	9	9	10	7	8	8	8	7	8	8	7	5	7	7	5	3	5	5	6	6	6	2	21	135	207	160	147	145	148	151	148	160	170	200	161	110	112	108	112	112	108	124	179	209	137	107	106	109	108	109	109	108	108	108	109	89	18	3	3	1	21	48	49	51	53	60	67	72	75	82	93	93	107	105	41	33	16	16	16	16	16	14	13	15	24	146	129	29	23	24	24	23	21	21	23	19	19	126	157	42	29	6	6	5	7	5	6	8	8	10	3	63	189	88	6	10	10	10	10	10	9	9	11	7	30	183	155	47	25	15	17	16	13	8	5	7	1	56	202	203	204	204	196	168	91	28	19	17	12	9	6	9	14	9	2	63	195	137	150	228	206	173	170	170	169	170	173	167	165	163	187	197	94	109	73	31	23	26	28	23	36	24	15	13	17	20	18	137	199	79	17	24	22	22	22	21	21	21	21	24	22	15	109	187	189	187	187	190	167	70	166	168	164	165	155	161	163	162	162	159	159	158	158	149	146	155	152	151	130	120	151	149	149	141	146	150	152	152	152	150	150	152	149	143	152	150	151	129	120	151	151	153	147	151	164	112	119	155	154	154	154	151	148	90	51	48	61	105	153	154	153	145	149	121	119	159	154	154	154	154	148	148	154	155	153	115	130	151	153	153	145	154	156	156	154	154	154	154	154	147	154	156	153	146	103	145	149	150	145	145	152	153	153	152	151	152	150	146	145	150	149	150	111	126	143	144	140	136	145	147	146	145	145	145	146	139	140	146	146	143	106	134	141	143	134	140	143	144	145	146	147	145	143	139	148	146	146	109	115	136	133	128	127	135	135	135	135	133	134	131	127	137	137	133	97	127	131	131	122	131	134	134	133	130	133	131	120	131	131	127	92	118	121	119	114	123	124	125	125	125	122	114	122	124	124	94	110	113	110	106	115	115	115	113	113	107	103	110	112	87	25	29	32	31	32	33	31	31	27	30	27	62	80	25	23	23	27	30	31	37	20	17	16	47	86	37	26	24	24	23	23	28	29	21	17	66	38	20	24	53	28	28	42	50	18	22	33	6	52	57	55	63	60	60	56	58	60	49	52	49	51	52	47	91	139	83	86	146	96	56	75	68	83	112	79	97	79	46	34	45	60	36	21	31	54	42	76	66	28	10	13	22	15	7	81	58	51	85	32	3	6	0	0	3	12	29	3	6	6	5	8	12	15	17	19	27	31	30	45	57	50	63	67	75	77	80	99	120	107	114	125	134	130	103	80	82	83	83	81	81	86	86	80	80	82	85	85	37	6	14	3	3	3	3	3	3	3	3	3	3	3	3	3	1	4	4	3	6	6	6	6	7	8	2	1	0	0	0	0	3	0	0	0	0	0	0	0	7	24	14	0	0	0	0	0	0	0	0	2	6	6	5	3	4	4	5	5	7	6
191	190	191	185	187	191	191	189	187	188	192	189	189	185	189	198	168	143	77	45	53	63	49	40	33	41	58	76	58	30	16	28	30	11	20	38	44	35	6	77	93	27	28	30	59	43	35	49	74	67	40	31	41	47	80	59	15	6	11	87	107	129	168	178	146	125	140	148	126	69	65	60	71	39	21	31	23	17	8	10	11	67	75	73	67	59	55	50	48	43	41	40	39	37	32	28	29	28	26	24	37	44	40	32	28	25	21	19	17	14	12	10	4	9	8	3	4	4	5	8	10	10	10	10	9	9	8	7	7	7	8	9	5	7	7	6	6	5	5	6	6	7	4	12	139	207	159	155	153	157	157	157	161	172	202	156	103	108	101	107	109	105	110	180	209	133	104	106	106	103	98	103	103	100	108	112	98	19	4	2	1	25	52	52	51	55	64	68	72	72	74	86	96	108	108	42	33	18	18	19	19	19	17	16	18	27	146	129	30	25	26	27	23	23	23	23	19	20	130	161	45	30	8	8	8	8	9	8	7	8	12	7	67	189	90	7	10	10	9	10	11	11	11	11	8	31	185	154	48	30	21	17	17	15	10	9	8	1	57	203	203	203	206	198	170	86	31	33	24	12	7	9	21	25	13	7	64	194	146	170	230	206	173	170	169	175	175	170	167	167	163	185	198	96	111	76	34	26	29	29	25	39	25	16	14	14	18	18	141	200	80	17	24	23	22	22	21	21	21	21	21	19	15	110	190	190	187	187	189	170	71	166	176	170	168	159	168	168	166	166	167	167	164	164	161	155	161	158	161	133	118	148	147	149	141	145	150	149	149	149	149	150	149	146	142	150	149	150	130	121	150	151	153	142	150	167	112	126	154	153	151	153	148	148	113	57	51	61	105	148	146	147	142	143	123	129	158	151	151	151	151	147	146	152	152	154	116	127	147	147	148	140	151	151	151	151	151	151	151	151	145	151	151	152	151	100	139	149	149	144	145	151	150	151	152	153	154	151	146	145	149	151	154	114	126	142	145	139	134	143	146	143	144	145	148	148	139	140	144	145	141	102	127	134	137	130	135	138	143	144	145	144	145	142	137	145	143	146	110	118	134	131	128	128	134	134	134	134	134	134	132	131	134	137	131	94	124	129	130	125	132	134	131	134	131	134	130	121	134	134	130	95	125	128	128	124	131	131	132	133	131	131	122	128	128	127	97	115	119	116	112	119	119	119	118	118	115	109	116	118	97	35	46	48	51	53	56	49	47	43	44	35	66	81	36	41	50	51	58	61	58	31	19	13	49	89	34	21	21	24	26	27	30	34	21	18	69	37	14	16	30	12	32	39	51	17	20	32	9	55	61	58	64	63	66	63	65	71	54	55	52	52	53	49	97	136	81	91	149	104	68	81	70	85	111	79	92	76	49	40	46	60	37	30	38	66	42	79	66	38	21	18	30	18	17	78	54	55	87	34	3	6	6	0	1	4	12	5	6	6	5	8	13	15	17	19	29	33	34	47	58	48	60	63	76	85	88	100	122	104	105	122	128	130	107	80	82	86	86	83	80	82	82	78	79	82	83	83	45	20	21	16	16	15	15	18	18	18	18	18	21	21	21	22	25	29	31	31	34	34	31	32	34	35	32	32	34	36	37	37	37	39	40	40	40	40	42	42	48	64	61	41	47	50	50	50	48	50	50	47	52	57	62	60	59	61	62	64	66	65
190	190	191	184	187	190	190	190	187	189	193	189	191	185	189	198	165	138	72	53	56	56	46	36	33	45	45	33	39	27	20	16	15	43	82	33	26	19	7	20	30	21	55	49	51	34	67	96	114	125	107	78	34	39	54	51	25	6	17	90	112	126	171	180	147	127	141	147	135	105	116	123	112	80	89	56	17	40	32	35	33	69	75	67	74	69	63	58	55	46	47	46	40	40	36	32	33	30	28	28	41	50	44	35	30	27	22	19	15	15	12	35	103	90	10	4	4	3	8	10	10	10	10	10	9	9	9	7	6	5	8	8	7	7	6	5	5	6	7	7	6	6	6	6	135	208	164	152	147	150	150	148	149	162	204	150	99	109	107	110	110	108	109	175	212	133	103	109	112	109	102	108	106	99	106	111	97	14	2	5	2	25	52	51	51	59	66	69	75	78	76	90	94	108	108	45	36	18	22	21	21	21	20	17	19	28	149	129	29	27	27	27	27	26	25	24	21	20	132	160	48	35	10	9	8	8	10	10	5	8	12	9	71	190	89	7	9	9	6	6	8	8	8	8	4	28	186	152	45	32	21	19	18	17	15	11	10	2	60	205	204	204	206	198	170	94	50	54	42	20	17	28	50	19	14	10	68	197	147	172	214	194	172	168	167	173	176	172	168	164	162	186	197	97	113	77	37	25	31	34	25	41	27	17	17	13	13	13	143	200	73	10	19	17	16	16	14	15	15	14	12	12	6	110	190	189	189	187	191	170	77	173	180	176	174	165	172	174	172	172	171	170	169	168	162	156	164	161	158	137	120	146	143	146	140	143	149	149	149	149	149	149	149	145	143	152	149	150	130	124	155	151	152	144	150	163	113	134	158	155	154	154	148	146	114	57	52	52	102	152	149	147	142	146	117	127	161	154	154	155	155	149	149	155	153	157	120	133	155	154	154	146	155	157	156	155	155	157	157	158	150	156	157	159	153	103	145	150	149	143	140	148	147	150	150	150	150	150	147	147	152	151	153	114	130	146	147	141	141	150	149	147	150	150	150	148	144	144	147	150	144	103	127	134	138	131	138	141	144	142	143	143	144	141	135	144	145	147	110	112	130	130	126	127	135	134	135	135	136	138	132	130	139	138	135	97	126	129	129	123	133	134	132	132	132	135	130	121	134	134	130	101	126	130	130	126	132	130	129	132	131	132	124	130	130	131	102	115	120	117	111	121	122	121	121	122	119	115	121	123	98	32	42	54	57	59	68	65	68	66	63	48	71	88	66	69	60	47	44	46	46	29	19	15	49	92	35	23	23	25	29	29	30	33	23	17	69	37	11	9	11	18	33	39	48	18	19	32	7	58	69	63	71	72	73	72	74	76	60	60	58	62	62	58	107	127	72	92	146	111	79	79	68	86	106	74	83	69	50	47	52	55	32	29	45	62	39	77	65	51	38	37	39	37	36	80	52	63	94	35	7	7	6	3	2	2	4	5	6	5	5	8	14	16	19	20	29	39	37	49	61	57	65	66	82	83	96	103	118	108	108	130	128	133	107	81	82	85	86	83	80	83	82	79	80	82	80	65	39	28	31	30	30	33	33	36	33	33	33	33	31	31	31	33	30	31	33	33	31	30	28	26	27	34	33	32	31	31	33	32	30	33	33	30	29	28	29	30	31	26	28	30	28	30	30	26	27	30	27	24	14	10	12	9	9	9	9	9	7	6
190	190	190	184	188	191	191	191	187	188	193	191	192	186	189	196	165	140	69	50	49	49	49	38	35	44	40	17	28	19	22	12	9	36	70	30	3	15	19	8	15	52	81	95	105	90	48	71	123	109	54	53	53	42	49	65	46	5	18	91	110	132	171	178	150	136	144	145	138	138	141	138	140	140	141	125	92	128	128	140	114	68	77	69	66	65	62	62	58	51	48	47	43	41	36	35	36	32	32	26	44	55	46	38	32	28	25	19	17	18	8	71	207	157	10	3	6	2	7	11	10	10	10	10	9	9	9	9	8	9	8	8	9	7	6	6	6	7	7	7	7	7	5	2	129	211	159	157	150	153	151	153	144	154	198	155	102	106	108	114	112	110	111	180	209	139	108	108	111	111	108	109	107	105	109	115	97	13	0	4	4	29	53	55	60	63	69	73	79	85	84	96	97	111	110	48	39	18	21	19	20	20	18	17	16	31	154	129	30	29	32	30	29	30	31	30	29	28	135	162	48	35	14	15	15	13	10	8	12	12	12	8	72	193	106	33	37	38	36	35	38	38	39	39	41	58	189	156	49	34	18	16	17	16	13	10	10	3	59	205	206	206	206	198	171	94	34	43	33	17	20	40	71	29	11	5	63	197	163	145	161	160	156	156	156	162	162	159	158	151	151	184	201	93	114	73	32	20	26	30	27	38	24	14	11	11	10	9	141	198	126	84	91	92	92	92	88	89	88	89	90	87	87	141	187	190	189	186	189	172	78	171	180	176	174	162	168	168	168	170	168	168	168	168	164	156	165	165	168	144	119	147	144	147	140	143	147	147	147	147	149	150	150	147	146	153	150	153	132	123	156	153	153	146	150	162	123	136	153	151	152	155	152	152	123	55	56	62	100	148	146	148	143	148	116	118	161	156	155	154	158	150	150	156	152	161	119	128	152	152	152	143	152	155	155	155	155	155	155	155	146	152	152	152	150	101	143	146	146	143	140	149	149	149	149	149	150	152	146	146	154	150	152	116	131	146	146	143	140	149	148	148	152	152	152	152	145	146	149	149	150	110	137	143	146	137	143	146	146	146	146	146	146	143	140	146	147	149	110	119	134	134	128	131	137	137	139	139	139	140	134	131	142	141	137	100	131	137	134	125	135	137	137	137	135	137	135	126	136	139	134	95	122	126	125	122	131	131	131	131	131	130	121	129	131	130	100	116	120	117	114	123	125	125	125	125	122	116	124	125	100	21	12	24	27	25	35	34	37	36	40	33	67	85	39	45	48	39	36	42	49	38	18	13	52	94	35	25	29	28	29	30	30	29	21	19	71	39	12	9	11	22	20	29	40	17	22	38	7	66	75	64	75	76	77	77	77	77	65	68	61	65	68	62	109	120	69	87	141	105	72	79	69	86	79	50	60	58	53	50	55	55	31	28	43	66	42	74	65	40	12	17	31	30	27	79	50	57	94	33	8	6	5	9	8	11	20	1	4	4	4	10	15	15	18	21	30	42	39	50	61	61	70	69	86	82	85	103	115	109	108	124	128	136	106	82	83	85	85	83	84	86	85	79	80	82	78	59	18	2	9	3	3	3	6	3	3	3	3	3	3	3	3	3	2	3	5	3	5	5	5	5	15	27	18	18	18	18	18	18	17	15	14	15	15	26	30	18	15	15	15	17	12	14	15	15	14	13	17	41	19	3	2	2	0	0	0	0	0	0
193	193	193	185	190	193	193	193	188	190	194	191	193	187	190	196	164	141	69	45	52	51	44	38	42	47	56	47	34	18	29	24	14	42	40	34	21	70	89	24	33	25	45	69	99	105	46	92	116	97	37	51	110	76	33	84	69	10	21	87	105	134	169	175	152	137	145	146	139	145	139	137	138	141	134	136	129	122	118	122	96	71	78	71	64	62	61	59	60	57	43	46	48	41	37	38	38	32	32	29	47	58	51	43	36	31	25	19	20	18	7	70	187	140	9	4	6	2	8	12	11	11	10	10	9	10	10	9	9	9	8	8	9	8	8	8	7	7	7	6	6	5	5	3	140	207	156	155	151	154	154	159	145	164	200	159	107	110	108	110	109	108	106	179	208	133	105	105	105	108	105	105	102	102	106	115	102	15	0	5	5	32	59	62	61	64	68	72	80	82	83	93	100	115	111	45	35	17	16	17	19	19	20	19	18	31	153	160	140	142	145	146	149	150	150	152	156	152	173	159	59	51	23	25	28	28	25	25	22	23	25	21	81	190	183	182	180	183	183	183	186	186	186	187	188	188	197	158	66	55	44	46	45	45	43	43	45	37	85	206	206	206	206	198	173	114	56	69	65	66	78	89	90	70	55	52	97	193	196	195	196	196	196	196	196	196	196	196	196	199	196	197	200	126	136	105	77	71	76	80	76	83	76	72	70	70	70	71	162	193	199	200	201	201	201	200	200	199	198	197	198	197	195	187	184	193	190	190	190	176	78	177	183	180	180	171	177	174	174	174	174	174	174	174	170	161	170	168	168	145	121	147	146	150	143	146	150	150	153	153	149	150	153	150	146	153	153	155	135	123	154	151	155	150	152	162	129	133	157	156	156	156	153	151	137	63	62	67	105	154	152	152	146	156	120	113	161	158	157	158	159	152	150	156	156	161	125	134	152	152	152	146	155	155	155	155	152	152	155	155	146	155	158	158	155	104	140	144	146	143	137	146	149	146	146	146	149	149	143	143	153	151	152	116	131	144	146	143	139	148	148	149	146	146	149	149	143	143	146	146	149	110	137	143	143	135	140	145	146	143	146	146	146	143	140	149	149	149	114	117	137	137	132	134	140	140	140	141	140	143	140	137	146	146	142	101	131	137	134	125	134	137	137	134	137	140	137	131	143	138	141	104	125	128	128	122	131	131	131	131	131	131	119	128	129	131	105	122	126	123	120	126	128	128	125	125	123	119	126	128	103	24	14	24	34	31	34	31	27	26	29	23	69	89	33	40	48	44	36	34	47	46	21	12	52	97	41	30	32	30	30	29	27	21	21	19	75	42	8	8	23	15	18	39	45	17	20	36	7	69	80	73	84	85	88	84	86	86	68	68	69	72	75	68	112	107	72	86	147	103	68	91	70	94	84	71	73	62	56	51	58	58	33	28	47	65	41	74	68	42	14	14	31	32	33	79	49	56	93	31	5	3	2	5	6	17	33	2	5	4	4	12	15	15	20	24	32	42	38	51	62	59	72	75	93	94	88	104	119	110	113	121	122	133	108	86	89	91	89	88	86	86	82	79	81	79	78	72	31	4	10	4	6	6	6	6	6	6	6	6	6	6	6	6	4	6	10	8	8	8	8	5	24	39	9	3	3	3	3	3	3	3	3	3	3	28	37	8	0	0	0	0	3	3	3	0	1	1	5	50	25	4	3	2	0	0	0	0	0	0
193	193	193	187	190	194	194	193	190	193	194	193	193	187	190	196	161	135	69	57	74	65	49	44	40	44	54	58	37	31	38	41	22	23	24	50	55	88	124	55	45	73	17	42	75	117	94	93	107	113	110	88	119	74	38	94	78	10	15	84	110	127	165	170	149	134	140	140	143	142	137	136	136	136	140	136	125	112	74	111	96	72	80	79	73	69	65	62	62	58	53	47	45	44	42	42	41	35	36	35	53	63	55	45	37	34	28	25	23	20	8	68	165	115	8	4	6	2	9	13	13	12	12	12	11	11	11	10	9	9	9	8	9	10	10	7	7	7	7	7	8	6	6	5	148	204	152	144	141	148	150	152	156	173	201	150	101	111	112	114	112	108	107	174	209	133	100	101	106	108	105	108	109	106	108	111	102	15	0	4	2	32	61	62	62	67	72	75	84	90	87	97	102	115	136	109	109	108	113	114	115	116	118	120	126	130	165	167	171	171	173	173	173	175	176	176	176	177	176	177	162	161	159	159	161	163	164	163	164	165	168	168	175	188	189	192	191	191	193	193	193	193	194	194	194	194	189	186	183	184	184	185	186	187	186	186	187	190	185	200	209	209	209	202	165	185	192	193	191	194	196	195	195	194	193	196	197	196	194	194	195	194	198	197	195	195	195	195	194	197	194	194	195	191	196	196	198	199	198	201	196	199	198	199	199	199	199	198	195	189	194	195	194	193	193	193	192	191	191	191	189	191	187	184	174	183	193	190	195	178	83	175	185	181	183	173	179	177	174	174	174	174	174	176	171	164	174	173	171	150	125	152	150	153	147	149	155	153	156	156	155	156	156	153	149	158	159	162	139	126	156	154	156	149	152	162	125	124	158	153	157	156	154	153	129	59	56	57	98	154	156	155	149	153	117	106	160	156	158	159	161	153	152	159	158	159	125	137	155	155	155	146	155	158	158	158	158	158	158	158	149	158	158	158	156	110	143	150	149	146	143	149	149	149	149	149	152	152	144	144	151	148	149	113	131	144	145	141	137	146	147	148	149	152	152	155	146	149	152	152	150	110	134	140	143	137	143	149	149	149	149	149	149	149	143	149	149	152	114	120	140	140	134	134	142	142	143	143	143	146	140	137	145	146	141	106	137	140	140	134	143	143	143	143	143	143	143	137	144	146	143	104	131	134	131	125	134	134	134	134	131	131	122	131	134	131	98	111	117	117	114	120	122	122	122	122	116	113	122	124	101	29	18	24	33	34	34	34	36	30	35	28	67	89	41	36	41	42	46	50	52	44	23	12	52	101	45	34	37	32	26	21	22	21	24	20	78	44	9	13	14	12	21	35	45	19	22	39	7	74	83	79	89	93	93	87	89	92	71	74	72	75	78	73	118	97	64	88	150	100	71	88	79	99	81	78	87	62	53	55	61	54	30	34	48	62	35	73	69	46	17	17	34	35	37	76	50	57	93	50	43	43	42	44	42	49	44	5	5	4	4	11	17	17	22	30	36	42	40	54	69	66	83	86	94	98	101	111	130	117	128	136	125	136	109	86	89	89	89	86	86	85	82	81	80	79	76	74	35	5	11	3	6	6	6	6	6	6	6	6	6	6	6	6	5	6	11	10	8	8	8	6	20	36	6	3	3	3	3	6	3	2	2	2	4	28	41	8	0	0	0	0	3	3	3	3	3	3	6	41	24	3	3	1	0	0	0	3	0	0
200	200	200	194	197	200	201	199	195	197	199	199	199	193	196	200	165	140	102	104	108	108	94	87	85	87	87	90	78	77	85	91	57	25	19	37	77	105	121	50	60	119	97	116	123	140	127	105	133	149	142	140	144	137	116	118	105	16	15	99	137	145	172	169	146	133	140	142	142	135	131	131	138	137	138	137	128	123	92	151	121	75	84	77	70	72	69	66	62	57	57	50	44	44	43	41	41	39	39	38	57	66	56	46	38	36	34	29	24	17	17	31	87	97	10	6	4	3	10	13	14	13	12	12	11	11	11	11	10	9	9	9	7	8	7	7	6	6	6	6	7	8	8	5	135	206	153	142	144	159	157	156	147	160	198	154	110	106	104	109	115	108	108	176	210	136	100	100	102	102	99	103	111	102	109	108	96	13	0	5	1	29	59	60	64	70	74	74	80	80	93	127	138	130	142	145	150	155	159	161	158	162	161	163	166	169	159	171	173	174	175	175	176	176	179	177	177	177	178	175	183	185	185	188	191	190	189	190	191	190	188	190	188	182	193	194	192	194	195	196	197	196	197	195	194	195	196	191	197	203	202	203	201	200	203	203	202	200	198	195	202	202	202	200	172	190	200	202	204	204	204	201	201	204	203	202	202	196	204	204	206	204	204	202	204	202	202	203	203	203	202	199	202	204	205	204	204	207	204	204	205	206	203	204	206	202	202	197	194	197	200	200	202	202	202	202	199	200	200	200	197	194	194	190	182	157	157	156	155	130	68	178	186	180	180	171	177	176	173	173	174	173	173	173	168	162	171	171	171	147	126	155	152	153	146	150	156	156	156	158	158	159	158	155	153	161	162	164	142	123	152	152	152	148	149	162	114	116	154	155	159	158	152	151	112	53	56	57	102	154	152	155	149	152	110	100	152	157	155	153	156	151	152	157	157	161	124	130	150	149	149	141	149	152	152	153	152	152	152	152	144	152	155	156	155	101	140	146	146	143	143	150	150	150	150	150	151	151	143	143	151	152	155	116	132	146	147	143	140	149	149	152	150	150	152	152	144	146	149	152	150	110	137	141	143	135	140	146	146	147	149	149	147	146	140	149	149	152	117	122	140	140	134	132	142	142	142	142	140	143	138	135	147	143	142	100	131	131	131	129	137	138	138	140	140	138	137	131	144	143	138	109	133	137	134	129	138	137	137	140	138	136	128	137	140	140	110	122	125	124	121	127	128	129	131	131	128	125	131	134	108	31	24	23	22	28	33	33	33	31	34	28	72	95	40	41	44	45	48	44	52	46	27	12	52	101	48	36	35	26	20	24	28	23	26	22	81	48	13	13	31	33	37	61	57	23	22	37	6	75	87	85	94	95	95	89	90	96	75	78	75	81	81	76	124	94	57	85	146	102	71	77	96	97	67	70	78	65	58	57	61	53	30	33	45	66	38	68	69	46	17	18	35	39	37	73	48	60	96	72	85	88	94	92	71	65	42	5	5	5	5	13	20	20	24	33	39	41	39	57	66	64	76	86	92	96	102	112	124	106	126	141	135	139	110	84	86	86	85	84	81	80	80	80	78	79	77	78	37	7	14	3	6	6	3	6	6	6	6	6	6	6	6	6	5	5	10	9	10	10	9	7	20	39	9	6	6	6	6	6	4	7	12	9	9	29	39	10	6	3	6	6	5	5	3	3	4	3	7	48	25	3	3	3	3	2	1	1	0	0
173	174	172	170	173	173	173	175	173	173	172	169	167	163	160	167	155	156	154	155	153	153	150	149	154	151	148	145	145	150	149	141	77	32	9	34	60	104	139	137	114	115	184	186	182	178	178	170	170	183	148	170	174	176	178	183	137	26	17	107	175	173	167	147	137	142	143	144	141	138	134	132	134	138	139	138	133	127	98	142	118	80	79	75	74	73	67	61	61	58	55	55	55	52	49	46	43	43	41	41	61	69	59	50	42	39	34	30	27	21	8	89	184	107	8	3	4	3	10	15	15	14	13	13	13	14	12	10	10	10	8	8	10	10	10	8	9	9	7	8	7	8	9	4	124	205	159	145	147	154	153	152	144	160	197	151	111	108	105	106	106	108	105	172	211	136	98	102	102	103	99	105	108	106	109	114	95	11	0	7	1	31	64	62	59	64	73	78	79	73	112	155	149	148	147	150	151	152	155	155	155	155	149	152	156	159	163	168	167	168	169	170	171	168	168	165	163	168	173	172	172	174	174	175	172	172	171	171	170	169	167	170	171	172	173	173	174	171	171	171	169	167	167	163	160	163	160	164	165	166	163	167	165	163	160	162	162	159	163	160	163	160	160	160	166	162	163	165	165	162	163	165	164	163	159	159	159	164	165	165	163	165	165	165	165	165	165	163	162	162	159	159	159	162	160	163	165	163	165	161	160	163	159	163	160	160	153	148	151	149	157	156	154	156	153	153	152	152	149	144	144	141	138	138	134	169	188	178	185	163	80	175	185	182	179	172	178	175	174	174	172	172	172	172	167	162	168	168	174	150	129	153	150	152	144	149	153	155	155	155	155	155	155	153	149	155	156	156	134	126	156	150	151	148	151	161	117	115	154	157	156	156	153	154	114	57	58	62	111	156	151	149	145	152	115	102	154	153	152	154	156	150	151	157	160	162	124	136	153	150	149	144	147	150	150	152	152	152	152	152	146	150	156	153	149	104	146	148	148	147	147	151	153	153	153	153	153	153	146	147	153	154	154	115	132	147	149	147	144	152	152	153	152	152	152	152	147	147	152	154	148	108	135	142	145	138	141	150	150	150	152	152	150	150	143	153	153	155	117	121	138	138	134	131	140	141	141	141	143	144	141	138	144	144	147	102	132	135	135	131	138	140	141	141	138	141	141	135	144	144	142	109	132	137	135	129	138	138	140	140	137	138	129	135	137	135	107	129	135	128	123	135	134	134	135	135	129	125	132	134	111	30	28	23	18	24	31	34	36	34	34	31	72	96	40	39	40	44	48	44	46	49	28	12	53	104	48	37	33	30	28	30	28	26	31	21	80	47	15	17	46	44	42	54	48	19	23	42	6	79	93	86	96	98	98	94	96	100	79	84	80	86	85	81	125	91	62	86	138	96	77	86	91	87	67	73	64	65	62	62	63	55	31	28	46	63	34	65	67	49	18	17	34	41	35	68	46	60	96	67	48	47	52	50	45	65	70	7	6	4	5	15	22	21	23	32	39	42	41	54	64	66	72	88	92	92	104	112	125	108	121	136	137	133	108	85	85	83	83	82	80	80	80	80	77	77	78	78	38	8	15	4	4	6	6	6	6	6	6	6	6	6	6	6	3	5	9	8	8	9	9	7	24	41	7	6	6	6	6	6	6	8	16	9	8	31	37	8	6	6	6	6	6	6	0	3	2	3	6	47	24	4	4	4	3	2	1	0	0	0
74	73	72	72	75	79	80	78	75	76	76	76	76	73	70	69	69	75	74	72	69	68	68	70	70	70	71	71	71	69	72	61	36	25	16	35	42	57	64	68	73	83	80	83	83	82	83	116	131	161	112	131	127	78	76	84	68	22	20	52	84	80	66	57	62	67	70	71	69	72	73	70	67	71	73	71	66	73	62	62	64	78	84	83	80	77	71	65	67	60	59	61	60	54	51	47	45	45	45	45	69	76	64	54	46	39	34	31	26	22	12	95	172	96	6	7	5	4	11	17	15	15	14	15	15	13	12	10	8	5	5	5	6	7	5	5	7	6	5	6	6	6	6	2	126	208	155	148	144	141	147	147	151	168	200	145	107	112	109	108	106	113	108	170	209	135	102	109	105	105	105	112	114	114	109	109	91	11	1	6	2	34	67	63	61	64	73	83	82	80	70	67	67	64	64	73	77	77	78	71	73	76	73	67	74	82	77	86	82	86	91	92	89	87	89	85	83	84	83	88	91	96	95	92	99	101	98	97	91	90	93	93	87	85	88	94	99	101	98	87	92	95	93	90	89	92	95	95	94	94	92	95	96	100	104	95	93	97	96	92	92	92	96	98	95	95	92	95	99	94	96	100	92	94	97	94	95	96	92	105	102	105	105	99	95	99	99	103	102	97	94	99	94	94	99	98	96	102	102	100	97	99	96	99	97	96	98	91	90	102	94	90	94	87	85	93	93	93	96	93	84	91	90	88	81	162	197	190	193	172	80	175	179	177	175	168	172	172	171	172	169	171	172	172	167	162	171	173	174	150	126	147	147	147	141	144	147	147	149	149	149	148	147	147	143	150	150	150	131	119	147	143	145	141	142	157	132	121	149	149	150	152	147	149	120	63	55	57	102	151	150	149	140	151	124	111	152	155	155	152	155	148	150	155	154	160	124	132	155	153	150	145	156	156	155	153	156	156	156	158	149	153	159	156	152	107	140	146	147	143	144	150	150	150	150	150	150	150	141	140	148	148	151	117	129	141	144	141	138	144	144	146	146	144	144	144	142	142	148	148	148	111	136	142	142	136	139	145	146	146	147	147	146	146	138	147	147	150	117	124	141	141	137	135	144	144	144	144	141	144	140	135	147	144	141	99	131	135	135	129	137	138	138	140	140	141	138	132	140	141	141	106	128	131	130	124	135	138	138	135	137	140	131	137	138	140	107	129	138	133	130	140	138	138	138	141	134	129	138	141	115	32	28	23	21	23	26	37	36	39	39	35	72	96	39	39	44	44	48	54	58	59	33	11	55	106	52	38	34	34	33	29	24	24	31	24	83	47	18	21	26	41	52	62	60	24	24	39	5	81	96	91	98	102	103	99	99	104	84	87	83	89	88	86	125	85	60	80	139	99	71	79	91	94	70	63	68	75	62	60	63	52	30	28	46	58	30	62	66	50	20	17	35	40	33	68	46	60	98	57	6	2	3	1	0	52	82	5	6	4	5	15	22	21	24	33	47	42	39	57	66	66	74	86	85	91	96	105	123	119	124	134	136	131	102	83	86	85	83	82	79	80	80	77	80	79	78	80	38	9	15	4	6	6	6	6	6	6	6	6	6	6	6	6	4	6	9	8	10	10	10	9	20	36	6	6	6	6	6	6	4	6	5	1	1	25	40	10	3	3	3	3	6	6	0	2	2	3	6	39	21	3	2	3	1	0	0	0	0	0
68	67	67	68	72	72	74	74	78	77	77	77	79	75	77	73	77	71	68	69	67	64	65	66	65	65	68	70	72	72	72	77	49	26	21	22	33	60	67	66	74	77	82	82	70	65	71	155	197	167	120	204	189	76	57	72	59	22	20	45	75	73	65	63	64	58	60	64	59	60	63	64	63	63	65	66	66	67	59	63	67	82	79	78	74	77	77	71	69	65	60	59	58	56	54	49	50	48	45	45	71	77	67	59	47	40	34	34	28	21	12	107	165	92	3	6	5	5	14	20	18	17	18	17	16	11	17	28	28	27	27	26	24	23	22	23	25	25	25	24	25	22	23	17	139	206	155	148	147	144	147	150	153	168	198	143	107	108	108	112	112	105	108	171	209	133	103	109	108	108	106	111	108	100	108	108	88	11	4	8	3	34	66	64	66	66	70	77	81	85	69	81	90	91	82	83	98	95	93	77	86	98	99	86	87	96	89	110	98	104	110	110	110	100	106	116	113	109	101	114	122	112	125	111	126	136	133	126	110	113	125	128	131	126	125	128	132	132	129	114	132	128	126	135	126	126	138	131	128	120	121	135	140	134	144	121	109	124	125	119	101	107	129	134	131	134	114	111	130	129	129	132	118	125	136	131	138	129	120	133	139	140	141	136	121	138	138	135	144	132	126	142	133	129	139	130	113	138	138	135	136	126	120	135	135	129	135	121	123	135	126	120	131	118	111	120	129	126	132	121	108	129	124	112	111	168	194	193	194	169	81	171	176	173	173	167	174	172	171	172	172	172	172	172	168	165	171	171	171	146	123	147	144	147	138	142	147	147	148	148	148	149	149	148	146	152	153	153	135	120	150	147	148	142	145	157	125	117	149	152	152	152	149	150	132	69	56	69	111	144	145	143	137	149	115	92	146	153	149	152	154	150	149	154	157	160	126	136	153	150	150	144	154	155	153	153	153	155	155	155	147	153	158	156	155	105	146	152	155	150	148	154	156	156	156	156	155	156	147	149	154	154	159	120	128	140	141	140	138	144	146	147	146	144	146	144	140	140	143	142	141	106	136	142	142	138	140	144	147	147	149	149	149	149	140	150	150	153	119	125	144	143	139	135	144	144	144	144	144	146	141	136	145	144	140	102	132	137	135	128	138	141	141	143	143	142	138	132	144	144	143	109	137	140	137	132	144	144	144	145	145	144	137	144	146	150	111	130	135	131	130	140	138	138	138	140	136	132	141	144	115	28	22	23	21	26	23	31	37	40	40	36	73	99	46	48	44	53	59	68	70	73	42	12	55	107	55	41	39	33	29	30	31	29	34	25	85	51	20	21	27	38	54	73	60	23	26	42	8	86	103	96	104	107	107	102	101	106	86	89	85	90	90	87	130	91	63	83	133	87	46	67	100	116	83	68	80	91	66	61	66	51	27	26	47	57	30	57	67	53	22	17	36	40	33	70	48	69	95	54	8	4	5	5	21	56	81	6	5	5	5	15	21	27	27	31	50	45	42	60	66	67	75	76	88	102	84	103	119	119	126	124	131	134	108	83	86	83	82	80	80	83	82	78	77	79	79	82	39	10	15	5	6	6	6	6	6	6	6	6	6	6	6	6	5	6	9	10	10	10	10	9	18	33	9	5	6	6	6	6	3	4	3	1	1	22	41	10	0	0	0	0	4	6	0	0	2	2	7	39	21	4	0	0	0	0	0	0	0	0
81	81	81	84	85	79	80	84	82	83	87	89	86	82	74	80	87	85	81	78	74	74	76	80	77	73	73	73	76	77	80	82	72	54	17	19	48	71	68	71	76	79	77	75	65	70	70	108	142	124	76	139	102	62	62	53	50	22	21	38	67	69	55	54	63	69	62	67	70	68	69	76	75	69	71	76	71	70	64	73	73	78	77	75	73	76	75	69	70	65	61	59	60	57	57	54	54	52	47	46	72	79	68	61	49	42	39	35	27	22	14	94	143	74	7	4	5	4	14	22	21	21	18	19	18	14	20	43	43	40	40	37	36	37	34	32	31	26	25	27	30	31	30	24	141	205	157	149	147	147	147	148	151	168	197	136	103	106	109	111	108	102	109	168	209	130	101	109	112	111	105	106	103	96	99	102	88	10	3	8	3	35	69	66	66	68	69	76	81	89	84	85	93	93	93	99	100	100	106	95	99	107	110	105	112	108	103	117	117	116	120	117	112	112	120	117	114	119	115	118	123	127	125	122	125	109	108	115	127	127	131	131	129	131	128	128	127	126	131	123	125	131	131	125	125	131	131	123	127	136	133	135	140	133	131	127	131	137	136	137	140	135	139	137	136	133	131	134	138	135	135	136	131	126	130	136	137	138	138	143	136	139	141	144	138	139	138	144	144	142	141	145	138	138	139	136	135	133	135	138	130	130	130	129	123	126	132	128	124	126	127	132	130	126	127	127	126	126	131	127	128	128	123	126	118	170	194	192	193	172	80	171	173	170	169	160	171	169	168	168	168	168	168	168	165	159	167	165	168	146	118	144	141	142	137	138	144	144	145	142	143	145	145	142	137	145	148	149	129	117	147	144	144	137	140	152	120	118	149	146	150	150	146	146	136	65	58	71	109	141	142	145	135	142	108	94	140	150	146	149	148	142	144	150	150	149	120	129	148	147	147	138	144	147	147	147	150	150	150	150	141	149	152	150	146	102	143	149	151	142	142	151	151	150	150	150	151	153	145	145	152	152	155	116	118	132	135	133	131	138	139	142	141	140	141	141	135	138	142	144	141	108	138	143	144	137	139	143	146	144	146	146	147	144	135	145	147	147	112	113	133	133	130	129	136	136	137	137	138	140	135	132	144	143	141	102	127	132	130	124	133	135	136	136	136	134	133	127	136	136	133	108	137	139	137	133	142	140	142	143	145	145	134	144	147	147	106	124	130	126	123	134	133	136	136	136	133	129	137	139	116	28	27	32	24	29	26	26	38	39	42	36	72	103	55	58	55	64	66	69	66	70	48	15	53	110	57	44	42	38	32	29	30	33	36	24	83	52	17	18	18	26	28	58	63	26	26	45	7	86	105	101	108	110	111	105	108	109	87	93	88	94	92	89	131	88	60	83	134	81	39	78	110	111	79	67	86	101	73	67	72	51	25	26	48	62	34	59	70	52	18	17	37	40	39	74	47	70	92	54	8	0	2	21	111	78	79	3	6	5	5	14	20	27	27	30	44	48	48	57	65	65	71	77	91	90	82	99	110	114	127	126	127	134	110	82	86	85	82	79	77	80	80	77	77	77	81	84	38	9	16	5	6	6	6	6	6	6	6	6	5	5	5	5	4	5	13	11	11	11	11	9	18	32	7	7	6	6	6	6	5	5	2	12	18	21	38	12	6	4	4	4	6	6	3	3	3	2	8	41	21	4	1	0	0	0	0	0	0	0
76	79	81	82	89	89	78	80	83	84	84	82	82	83	72	76	82	81	81	81	80	79	78	76	71	71	77	74	74	78	76	70	67	72	44	52	67	73	70	73	73	72	69	63	56	52	50	42	51	75	45	41	23	32	37	32	33	24	23	27	35	47	42	40	48	55	52	44	60	59	54	68	68	60	64	69	64	73	73	79	75	71	80	79	74	74	77	68	68	68	63	59	59	55	56	52	52	51	47	46	77	86	73	62	50	44	41	34	30	26	18	16	73	84	9	8	4	3	15	23	23	20	19	20	19	16	18	43	43	40	39	37	37	38	37	28	19	19	16	22	22	30	24	21	142	204	154	150	145	150	148	147	152	168	197	137	100	103	105	106	103	101	103	169	207	128	101	107	111	106	103	105	103	96	100	102	85	9	2	6	4	43	78	70	68	72	73	80	86	91	88	92	96	98	101	95	100	100	101	103	104	110	114	113	111	113	119	111	114	118	114	108	105	115	111	117	117	125	122	119	110	104	108	110	111	109	108	111	119	130	129	131	126	125	131	135	132	135	132	136	135	135	138	135	135	136	136	132	132	130	130	130	129	129	130	133	132	135	132	132	129	138	136	141	138	138	139	139	136	135	133	133	133	128	128	133	138	126	133	129	138	144	138	135	136	135	141	133	135	135	139	139	139	139	140	137	141	139	138	133	135	136	138	135	132	131	134	135	132	129	130	135	129	129	135	133	131	128	125	122	135	133	127	126	119	174	193	191	196	168	78	172	176	173	175	164	171	172	171	174	172	174	174	175	171	165	174	176	179	151	127	148	150	150	147	146	151	153	154	151	153	153	153	149	145	153	153	156	139	120	148	147	147	139	144	157	131	109	151	148	149	149	147	150	134	48	54	54	99	147	144	146	140	148	115	102	140	155	156	155	157	152	152	159	160	162	132	131	148	151	151	141	151	153	153	154	153	153	153	153	147	153	153	156	153	106	146	153	154	147	147	154	154	153	153	154	155	156	147	147	154	153	157	121	121	134	135	131	129	135	138	138	137	138	138	137	132	133	139	142	140	104	130	135	138	129	134	138	138	140	141	140	143	141	137	143	141	143	113	122	139	137	133	133	141	141	141	142	144	147	143	141	149	151	149	102	127	133	132	127	135	138	138	138	138	135	135	132	138	139	138	111	141	144	141	137	144	144	147	147	144	147	135	144	144	147	114	132	141	138	134	144	142	144	141	141	138	135	144	147	118	25	25	34	26	28	31	27	30	30	39	36	71	103	56	54	55	59	66	68	71	66	51	19	53	113	58	45	45	38	33	31	27	30	33	27	83	52	11	19	28	33	33	45	55	24	26	48	8	90	110	101	111	112	114	107	109	111	93	99	95	101	99	97	134	84	57	83	143	84	48	95	93	93	66	63	71	91	80	70	76	52	23	25	47	63	38	64	73	52	18	21	37	37	40	79	47	64	93	54	7	2	2	8	42	59	83	7	5	6	5	14	21	24	26	30	45	46	44	57	67	69	76	85	100	99	92	101	119	119	129	132	118	127	108	82	81	81	80	77	76	77	79	77	74	73	78	85	41	11	14	5	3	6	3	6	6	6	6	6	5	5	3	2	5	4	10	10	13	13	12	9	17	33	8	5	6	6	6	6	7	6	1	16	30	26	40	15	6	3	1	3	6	6	3	0	3	3	6	37	21	4	1	0	0	0	0	0	0	0
84	78	76	71	72	68	61	62	70	77	77	78	81	81	78	72	76	74	71	78	79	81	78	68	63	59	64	62	60	68	66	70	72	66	61	62	66	66	67	55	55	41	43	47	38	31	25	23	19	48	45	16	20	22	17	20	19	21	24	23	27	21	25	28	31	33	35	23	30	40	41	42	44	42	52	62	60	70	71	62	66	66	77	78	71	77	65	62	64	62	63	64	59	55	56	52	49	49	46	46	80	88	74	63	52	45	43	36	35	25	19	13	85	91	7	5	6	3	15	23	23	21	21	21	19	19	21	47	43	42	42	40	37	37	40	25	12	28	21	28	22	31	27	20	143	204	150	144	142	150	141	140	145	166	197	137	100	100	97	100	97	96	100	169	206	127	97	100	102	99	99	99	100	97	102	98	82	7	4	9	4	39	72	72	70	74	77	84	86	89	86	92	98	99	99	101	99	101	104	101	102	111	118	120	120	111	114	108	114	120	115	114	108	117	117	123	123	128	125	123	113	105	105	110	114	124	120	124	125	132	126	134	132	126	138	141	135	138	139	135	135	138	138	132	132	141	147	138	141	141	138	135	129	130	129	132	135	138	138	141	138	138	138	141	144	141	141	141	138	135	138	144	145	136	140	139	138	126	135	135	138	141	139	138	142	139	139	136	138	138	141	138	144	141	141	138	142	142	141	135	136	136	142	142	138	136	137	137	135	132	135	138	135	136	138	133	131	131	131	131	133	131	130	127	119	173	192	189	193	168	79	175	175	173	176	164	172	174	174	175	175	175	177	177	174	168	177	178	178	153	130	159	159	158	153	152	160	162	159	157	161	161	159	154	155	163	160	161	141	121	148	147	146	140	144	156	140	112	151	148	151	150	147	148	131	53	54	47	101	153	151	150	145	161	125	102	146	163	157	160	159	153	155	161	161	165	129	134	151	151	151	144	151	153	153	154	153	153	153	153	147	153	156	158	153	105	150	152	154	150	149	153	153	154	156	157	156	158	150	150	155	158	158	115	117	130	130	126	127	133	134	134	138	138	138	135	130	133	136	139	137	101	125	131	132	123	129	135	132	138	140	137	134	134	130	135	133	138	104	117	134	132	130	130	133	134	135	135	137	141	137	134	142	139	138	102	126	129	129	123	132	134	134	134	135	136	135	130	136	138	138	99	136	141	140	134	141	141	143	142	139	140	130	139	142	144	114	129	137	133	128	138	138	139	138	139	133	129	138	142	120	37	23	21	16	16	16	16	17	18	30	33	71	107	62	56	51	53	65	62	62	63	54	20	52	113	60	44	44	39	35	34	31	33	33	26	84	53	14	22	30	34	43	58	56	26	27	48	6	84	103	97	105	106	107	100	98	104	91	105	97	103	104	103	135	85	54	79	137	88	62	87	42	53	48	64	53	64	76	71	76	55	25	25	51	66	33	60	73	52	16	21	40	47	45	81	47	59	91	53	6	0	6	1	0	51	84	6	5	5	5	13	22	27	27	33	46	48	44	55	65	69	79	81	93	95	101	104	119	117	123	131	114	125	107	81	83	80	78	77	71	76	77	77	76	75	74	86	42	7	14	6	3	3	3	3	0	3	6	3	5	5	3	3	3	5	12	13	12	12	13	11	14	33	8	5	6	6	6	6	7	7	3	17	20	28	40	9	1	1	2	2	4	6	3	0	2	0	4	37	19	2	1	1	1	1	1	1	0	0
51	45	51	46	41	34	33	34	42	49	47	55	54	57	61	63	70	92	89	82	75	71	69	52	42	30	36	31	27	30	34	38	44	58	43	26	70	52	35	28	20	14	17	16	19	22	18	20	9	37	43	9	12	12	11	15	18	21	24	24	12	14	21	25	22	23	26	28	22	30	33	26	25	24	30	30	35	45	51	36	40	74	82	71	62	71	59	64	64	58	57	63	60	58	59	53	51	49	46	46	83	90	74	62	55	48	44	38	31	27	20	14	89	88	7	6	6	4	16	23	23	22	22	23	21	21	26	50	49	47	45	43	44	43	37	24	26	36	34	37	28	36	31	26	145	202	142	129	127	129	126	128	138	165	197	138	102	103	102	100	103	99	101	166	206	127	97	99	106	108	108	108	103	97	100	97	79	7	6	8	4	41	71	72	76	80	84	92	89	98	89	89	98	98	96	102	101	104	110	101	101	110	114	115	117	108	102	111	123	120	121	123	117	117	126	123	116	123	123	120	125	121	113	115	124	126	125	131	132	129	132	136	135	132	136	136	138	136	135	120	123	129	118	108	110	124	140	137	142	141	137	135	138	135	127	133	138	141	138	139	144	138	137	138	141	135	133	138	138	132	135	141	139	136	139	142	141	138	144	147	135	132	138	141	136	133	136	144	146	144	144	135	131	130	138	138	138	141	144	138	132	132	136	138	137	134	137	134	128	129	132	136	136	138	135	129	131	131	128	131	127	127	127	127	118	173	193	189	196	166	76	175	177	173	176	166	174	174	174	174	175	177	177	177	173	170	177	180	181	157	123	148	147	146	143	141	150	148	156	151	147	148	147	144	141	150	150	150	136	115	139	136	135	130	136	145	121	109	135	141	144	142	139	139	129	51	48	46	95	142	139	141	134	145	124	104	140	152	148	146	147	141	144	152	153	156	125	121	139	136	138	132	139	141	141	142	144	144	146	146	135	141	146	147	144	100	142	144	148	141	139	145	147	148	148	147	147	150	143	144	150	152	153	114	111	124	124	122	122	126	129	130	132	132	132	132	127	129	133	135	135	101	119	126	131	120	125	130	134	135	135	134	135	137	132	135	135	138	106	109	123	123	121	120	129	129	129	131	132	135	131	129	135	137	134	96	127	132	130	124	132	132	134	134	133	135	132	123	134	138	132	101	129	132	131	126	135	137	137	137	138	141	129	139	141	141	111	128	135	132	126	135	135	135	136	138	133	129	141	144	117	37	26	18	18	20	20	15	17	15	30	34	72	108	65	63	55	58	62	62	59	65	60	27	52	115	61	45	44	39	39	39	34	36	35	24	83	56	15	22	42	43	45	67	66	30	26	47	7	87	108	100	108	109	112	106	105	108	96	108	99	105	108	106	137	85	54	80	137	87	59	91	78	71	69	81	66	75	72	68	76	55	28	24	50	67	25	53	73	59	25	27	41	42	48	79	50	70	91	53	14	2	5	0	0	50	79	8	7	6	8	14	21	27	27	30	42	49	47	53	65	64	76	74	83	86	101	98	116	113	116	131	115	128	110	82	80	80	77	77	77	80	80	77	76	76	79	87	49	23	27	19	15	15	15	15	15	18	18	15	18	19	19	19	19	20	28	25	25	25	25	24	27	30	9	5	6	6	6	6	8	7	2	8	8	25	39	9	0	3	3	5	6	6	3	0	1	0	4	40	30	14	11	12	10	10	10	10	10	10
19	16	21	16	24	28	22	23	24	28	25	25	29	31	24	30	41	44	42	37	38	35	29	22	24	16	18	23	23	18	20	15	16	40	26	58	97	51	14	13	11	10	10	7	12	14	22	8	10	42	43	11	10	8	11	11	12	22	22	28	20	21	15	20	10	16	13	14	19	14	13	11	15	22	22	23	22	33	45	24	42	84	82	81	74	71	71	68	68	63	60	55	58	61	58	53	54	53	50	49	89	95	78	66	57	49	46	39	35	25	23	14	91	81	5	7	5	4	18	25	23	23	23	23	22	21	25	53	55	50	45	40	40	40	39	36	40	42	43	40	37	39	37	33	146	201	152	151	150	151	153	153	153	168	196	136	103	103	103	104	109	105	103	168	206	127	97	100	102	105	105	107	106	102	102	100	81	8	4	9	4	49	78	73	73	79	79	82	89	92	86	86	94	101	95	95	99	103	104	105	105	110	114	114	103	110	116	117	120	117	115	111	111	112	111	112	108	114	117	117	121	118	123	127	127	130	127	128	134	132	130	124	130	132	132	135	129	138	133	139	138	140	136	132	135	126	138	141	144	135	139	138	129	127	120	132	147	144	132	133	134	148	150	147	144	146	144	149	145	147	147	136	135	144	147	145	155	149	154	145	143	143	144	144	145	137	140	133	144	144	144	138	143	141	143	143	144	144	142	135	133	127	139	139	140	134	137	143	125	115	130	128	138	136	124	119	133	132	137	134	134	128	126	120	115	170	192	190	195	168	80	175	174	173	173	162	168	169	168	166	167	166	166	168	161	158	165	168	167	140	122	145	143	144	139	136	143	142	151	148	142	145	145	141	137	146	144	146	128	112	140	138	138	132	138	144	105	99	129	141	142	141	138	140	130	53	45	59	96	139	140	140	134	143	124	102	140	150	147	147	150	145	147	153	153	153	123	127	141	139	139	132	139	141	141	141	142	141	141	141	134	141	144	144	139	97	139	144	147	139	137	145	146	147	145	144	148	148	141	140	147	149	150	109	110	123	123	120	117	125	128	128	127	127	129	129	121	124	127	128	130	99	121	129	127	119	124	130	132	132	132	133	132	131	126	132	133	137	100	104	123	123	118	120	126	124	125	126	128	129	126	123	133	133	132	99	123	126	124	117	126	127	128	129	130	133	131	124	133	134	130	99	125	128	124	120	129	129	129	129	130	130	120	130	130	133	99	117	127	121	117	127	129	127	127	128	121	118	129	133	110	39	27	17	17	25	25	18	25	24	30	37	76	106	64	65	61	62	60	61	63	61	53	27	56	114	60	43	41	38	40	38	35	35	38	26	85	59	16	24	42	46	54	75	71	28	27	49	8	90	108	98	111	111	111	102	104	108	102	111	104	110	110	110	138	85	52	83	140	94	55	85	88	67	75	78	56	82	75	72	80	58	28	24	48	66	29	55	73	66	39	47	56	42	46	79	53	79	93	52	9	1	3	3	0	49	81	5	5	6	5	15	24	29	27	30	39	51	51	54	69	69	78	78	85	85	96	95	118	116	117	132	122	129	111	80	80	78	79	81	79	81	80	75	79	73	72	61	33	26	27	27	27	28	29	28	31	29	28	29	29	30	31	32	34	36	40	39	41	39	38	39	45	31	9	8	4	6	6	6	7	11	3	2	2	22	42	12	4	2	5	6	3	6	0	0	1	0	3	40	57	51	53	56	57	60	60	58	61	61
21	16	10	13	16	22	20	12	12	16	29	20	17	11	11	14	18	12	13	14	20	20	9	12	24	21	9	16	18	13	16	14	9	36	15	58	36	24	26	13	10	10	17	14	14	9	15	6	2	41	40	8	14	6	8	5	9	23	24	25	16	16	15	13	6	12	10	6	13	11	11	8	10	6	10	18	18	36	39	15	38	77	83	81	78	75	75	69	65	62	65	62	59	61	55	54	55	54	53	52	92	98	81	71	59	52	47	40	34	28	24	14	92	83	3	6	5	4	19	28	26	23	22	24	22	19	30	60	59	56	53	50	52	50	49	48	48	48	46	44	43	40	42	37	147	202	150	146	151	153	151	150	148	167	200	138	103	100	100	105	106	104	100	169	206	127	95	100	105	105	99	105	106	99	100	105	82	7	1	8	2	44	75	79	84	82	79	86	86	86	83	89	97	96	97	96	94	99	102	99	102	103	103	105	109	108	111	114	112	111	109	111	109	108	113	110	113	117	120	114	121	125	120	122	130	126	125	128	129	118	120	129	130	132	135	135	128	131	140	136	131	136	137	132	135	135	141	135	138	135	129	132	133	126	117	126	138	146	137	138	140	148	147	143	146	148	142	148	148	143	146	145	141	139	144	142	137	137	141	146	144	140	143	146	143	138	143	138	141	141	139	136	134	137	137	134	138	139	141	136	134	131	138	137	134	134	137	140	133	127	136	133	138	135	133	124	127	123	131	131	123	119	126	114	99	169	194	191	192	165	77	169	169	167	167	158	168	168	166	165	166	169	164	169	165	159	168	167	169	148	119	140	138	137	130	132	138	141	140	137	136	135	139	135	133	134	118	143	124	110	136	134	138	130	135	141	130	91	133	142	141	140	137	138	129	57	56	66	92	139	134	136	128	137	123	99	134	140	141	137	143	140	138	146	147	150	117	118	135	135	134	126	132	132	134	137	136	136	135	136	129	135	137	138	136	95	132	139	137	129	129	137	137	137	138	138	138	139	133	135	144	143	143	106	104	119	120	118	114	122	123	122	123	125	126	126	121	123	127	127	127	95	118	124	121	115	120	127	127	126	124	124	123	120	117	126	124	129	99	105	124	123	115	117	124	123	124	123	125	126	123	120	129	128	124	87	122	125	123	117	124	126	126	127	126	127	125	120	128	126	133	103	123	126	120	117	126	126	126	126	129	126	120	129	135	136	99	123	132	126	122	134	135	135	135	136	132	131	142	144	120	39	27	27	23	25	30	31	29	24	30	39	72	107	71	70	66	65	59	54	67	70	58	31	56	117	57	39	41	42	42	33	30	33	42	30	85	57	16	25	30	15	45	80	70	31	31	50	8	87	110	98	108	111	112	106	104	108	102	114	105	109	111	112	139	78	53	85	141	87	60	81	102	58	69	69	60	83	76	77	83	54	26	29	50	65	30	54	77	59	19	25	38	45	51	81	55	81	89	53	8	0	5	3	0	52	86	6	6	6	5	17	27	27	24	28	44	47	49	60	75	74	81	85	85	94	103	98	122	123	124	132	117	126	108	81	81	80	80	80	77	74	74	77	77	73	72	57	23	4	10	4	2	4	5	3	2	3	2	2	4	2	2	2	1	5	13	14	15	14	13	12	14	33	9	5	6	8	6	8	11	8	5	4	2	21	40	10	3	0	0	0	0	3	0	0	2	0	4	32	11	1	1	1	2	2	1	0	2	1
19	16	10	25	15	13	10	9	11	12	13	15	21	17	9	12	15	17	15	12	10	13	11	8	11	12	5	4	6	5	9	7	5	36	7	4	5	12	10	8	7	15	15	7	8	11	14	11	10	47	44	33	16	4	7	8	12	25	30	23	8	4	15	14	7	11	5	2	5	7	13	13	5	5	9	11	6	29	27	7	23	75	74	73	75	74	71	68	65	65	66	66	62	59	58	59	57	55	53	52	92	99	84	75	62	55	49	42	36	29	26	16	96	76	3	5	5	4	19	30	27	26	25	24	23	21	22	30	28	27	27	27	24	24	24	21	20	20	19	18	20	17	17	14	141	200	149	145	147	142	138	140	148	167	195	131	102	106	105	105	104	101	97	167	205	125	95	100	104	99	96	105	102	97	102	107	81	4	2	7	4	48	80	83	82	84	79	82	88	89	86	92	97	96	95	100	98	97	96	100	102	105	105	105	111	105	107	111	106	108	112	114	108	98	110	113	117	118	120	117	125	124	116	118	126	124	124	127	123	111	123	129	132	135	135	132	132	134	138	132	128	134	134	130	124	135	136	134	136	132	130	129	132	126	121	123	130	138	134	138	142	137	133	138	140	140	139	141	138	138	136	142	144	138	141	139	137	133	131	138	140	138	139	136	138	139	140	150	149	134	141	142	138	135	138	135	138	136	139	135	131	134	134	134	131	134	128	134	136	139	137	133	137	133	132	126	127	130	128	131	130	124	125	118	107	173	191	190	193	165	82	172	173	170	168	161	169	168	165	166	165	163	164	161	159	156	164	162	169	140	112	136	133	128	124	125	129	129	131	132	133	133	135	130	128	119	111	129	117	109	133	131	130	123	129	137	140	92	132	140	140	138	135	135	132	67	57	54	89	130	125	129	121	132	126	101	137	138	138	138	138	135	133	141	142	145	117	114	127	129	130	123	129	130	130	132	132	130	131	132	129	132	135	138	132	94	132	136	136	130	130	137	138	138	142	144	143	146	140	141	148	149	149	110	106	119	116	113	113	119	119	119	121	123	124	123	118	121	126	126	126	94	117	118	123	115	117	123	123	126	127	123	123	120	116	125	126	121	97	109	124	121	117	118	121	121	124	124	123	123	120	118	126	127	125	93	117	117	117	116	119	121	121	123	123	123	122	116	126	129	130	96	116	120	118	113	120	120	123	123	124	123	117	123	126	126	97	122	131	126	123	132	132	134	135	135	130	127	137	141	119	35	23	23	23	29	34	29	23	19	29	35	75	113	74	70	72	70	72	77	76	70	58	37	53	115	55	39	40	48	49	36	29	29	41	25	86	56	12	14	13	8	39	82	79	33	26	49	8	87	111	102	110	115	114	110	108	116	96	102	99	104	107	109	139	75	53	85	147	90	60	76	113	64	68	61	53	90	85	80	84	54	24	23	47	61	21	48	78	61	18	21	39	52	63	79	51	79	100	62	41	41	47	42	44	73	61	3	7	5	5	17	26	24	24	28	36	39	45	56	69	62	68	75	79	91	90	91	121	118	119	116	116	132	108	80	80	80	77	77	75	71	70	72	73	72	70	62	27	2	6	1	0	0	2	3	0	0	1	0	2	2	2	2	2	4	15	13	16	14	12	9	11	28	5	3	1	4	4	5	8	9	3	7	7	21	40	13	6	6	3	0	3	6	0	0	1	0	4	35	20	4	4	3	3	3	3	3	0	0
15	11	8	18	15	7	7	10	6	8	3	15	22	17	10	9	8	8	7	15	15	15	10	5	7	5	4	5	2	3	7	4	8	39	11	38	11	8	14	15	16	14	17	12	24	51	68	53	51	68	65	64	26	6	6	3	9	31	32	24	2	4	10	8	4	6	3	3	6	3	3	9	8	2	3	1	1	23	22	1	24	80	81	76	72	75	71	69	70	68	62	62	62	59	62	62	59	56	52	52	96	103	87	76	65	56	49	42	38	31	25	17	101	70	5	6	5	3	20	30	27	27	27	26	26	26	25	19	18	18	15	15	17	17	16	15	16	15	11	13	10	9	9	5	144	202	145	146	148	148	151	156	151	167	196	129	100	103	103	100	101	100	95	166	205	125	95	100	96	93	93	98	100	99	99	94	78	20	15	26	20	51	66	64	78	93	82	80	89	92	86	95	97	101	97	102	100	98	94	99	103	109	111	111	114	106	104	109	114	117	121	120	106	94	97	115	123	120	120	121	129	126	121	124	126	125	125	124	125	117	132	130	133	132	133	133	133	141	135	135	130	135	137	132	130	129	131	136	140	136	141	136	138	135	121	121	137	135	134	141	140	135	134	142	139	133	131	129	133	134	136	133	138	139	141	134	147	157	139	128	134	133	134	134	130	131	132	134	107	117	140	144	149	140	137	131	141	138	139	138	137	136	133	130	131	128	125	125	134	139	142	133	135	137	139	133	134	136	135	132	132	124	126	128	121	172	188	189	192	168	90	168	171	168	166	160	162	163	162	162	161	157	157	159	156	153	162	157	163	133	120	164	145	126	124	136	128	130	130	130	130	129	129	122	120	91	97	109	102	104	127	122	124	118	125	134	141	89	130	134	135	134	130	131	129	63	49	51	79	125	127	125	119	125	130	117	136	133	130	129	133	128	124	132	133	139	105	105	121	120	121	112	122	126	127	126	126	126	125	126	118	126	126	128	128	94	132	134	135	129	129	135	135	138	138	141	142	143	135	136	144	147	147	104	96	108	105	108	108	111	111	113	114	116	117	115	109	112	118	117	120	91	117	121	120	114	115	121	124	124	122	121	123	120	114	121	125	128	89	102	121	115	115	115	120	119	121	122	123	123	120	117	123	124	123	87	111	114	114	108	114	117	119	121	120	123	123	112	121	127	126	91	114	113	111	108	114	114	116	117	117	117	111	117	115	119	92	118	125	120	117	125	126	126	125	123	123	116	124	129	108	22	19	30	24	20	26	37	40	31	38	34	72	109	71	70	69	70	77	86	78	67	65	61	68	116	68	63	58	61	64	59	59	59	61	53	89	69	17	16	28	51	62	93	82	36	27	57	22	60	73	65	68	74	72	69	68	78	69	68	68	71	67	68	121	78	57	92	136	93	65	81	104	60	53	49	46	66	53	65	81	77	67	68	75	81	67	79	93	81	66	63	71	74	87	73	50	73	107	68	58	60	62	55	56	64	56	56	59	56	59	70	77	72	71	63	68	74	80	81	87	83	90	97	100	104	103	109	117	116	126	121	123	132	121	109	110	103	101	109	109	112	109	106	103	104	102	101	83	67	64	59	58	55	44	31	39	46	44	53	47	25	36	38	32	36	39	47	39	40	36	35	33	42	29	36	34	32	32	24	29	35	31	22	3	22	41	12	3	3	3	0	3	6	0	0	1	0	5	37	19	3	0	0	0	0	0	0	0	0
12	7	5	4	4	6	8	7	7	6	3	9	6	3	3	3	6	6	5	5	5	2	2	3	1	2	4	5	4	2	2	2	3	34	15	62	12	17	22	29	31	32	73	61	81	91	102	103	93	90	69	49	31	15	9	6	10	33	31	25	12	16	19	17	17	20	20	21	35	23	18	28	35	43	57	54	57	61	72	81	80	73	83	76	70	75	72	70	68	68	60	60	64	62	62	60	60	57	52	52	99	104	85	76	67	61	54	42	36	31	26	20	102	67	5	7	5	2	19	31	29	27	24	26	25	23	22	24	21	22	22	22	19	18	15	16	19	17	15	15	14	14	13	11	143	199	146	147	148	142	133	135	143	169	195	130	97	102	100	100	102	99	95	164	204	127	98	101	101	96	96	95	94	93	97	100	84	31	26	29	24	38	49	50	69	82	81	88	89	95	89	98	99	96	97	99	100	104	103	96	99	106	105	105	112	109	108	115	113	113	115	114	98	91	81	96	109	116	120	111	113	115	112	114	121	118	115	123	122	112	122	134	129	129	129	133	133	135	139	133	135	137	130	124	125	118	114	114	130	140	134	137	134	134	123	126	133	135	133	136	134	130	129	133	134	119	102	117	120	123	134	139	138	138	136	134	162	146	127	123	120	124	129	129	145	119	119	119	103	113	121	144	158	147	145	131	136	135	140	138	133	132	136	135	132	132	134	131	131	132	139	138	133	147	153	139	134	115	109	106	122	129	126	120	109	169	194	190	194	164	86	171	172	175	173	167	172	173	171	169	171	164	127	124	144	150	155	161	128	94	75	93	100	83	94	124	123	135	143	146	147	147	143	128	120	112	97	117	102	105	138	135	136	130	132	141	147	90	131	137	138	137	133	132	127	55	53	56	74	137	141	141	133	138	120	121	136	141	141	140	141	134	130	141	142	142	103	115	128	125	125	116	125	131	131	131	131	131	131	131	125	127	136	136	131	89	126	133	133	127	127	133	134	134	134	135	134	133	128	127	135	136	137	96	109	118	117	115	110	116	119	120	122	123	123	123	118	119	123	125	123	88	117	124	127	119	119	130	131	128	128	129	131	126	119	125	128	129	98	107	128	121	119	113	121	124	124	122	122	122	119	117	126	129	120	91	115	121	122	113	120	122	123	123	123	123	120	114	127	126	121	102	124	123	124	117	124	124	124	123	123	124	120	125	127	127	105	113	125	122	117	122	122	121	120	119	118	113	125	129	134	94	93	98	101	100	99	99	103	101	108	106	115	128	121	121	122	122	121	121	119	121	124	124	119	129	119	120	119	119	119	117	117	119	117	116	119	112	98	97	104	114	119	127	121	105	99	96	78	68	60	58	57	60	61	62	66	69	80	71	70	74	74	76	122	77	54	92	131	90	70	80	113	66	59	61	51	67	59	68	97	114	100	99	93	99	120	105	96	91	105	108	91	90	104	69	48	76	108	79	93	96	95	94	102	95	102	105	116	113	105	107	118	120	123	120	117	120	123	128	121	120	131	131	127	133	131	133	135	134	138	139	148	147	150	154	149	140	147	153	159	162	164	161	156	158	160	162	163	165	168	166	166	153	132	93	107	134	142	165	148	92	125	114	103	116	110	131	119	113	86	89	98	89	104	137	148	139	121	92	93	86	92	60	1	20	39	13	3	1	0	0	0	3	8	4	3	3	5	39	19	3	1	0	0	0	0	0	0	0
24	23	27	27	38	52	35	31	34	35	30	28	30	30	35	35	39	40	40	40	37	37	40	44	43	44	42	42	44	46	49	50	51	64	48	45	33	67	89	95	94	82	83	87	84	70	73	64	47	85	87	86	86	89	98	109	88	56	50	73	110	111	116	120	115	118	122	120	126	123	127	137	146	151	149	144	155	136	140	169	128	66	68	70	72	75	74	70	70	69	65	65	61	60	59	59	57	54	49	48	99	102	84	74	67	63	58	43	37	32	28	18	105	65	5	9	5	5	20	30	29	27	26	26	25	25	24	25	23	21	21	21	19	19	19	19	19	19	18	16	14	12	15	13	143	201	151	146	143	130	129	137	148	174	195	127	99	100	97	99	102	101	95	164	206	127	98	103	101	98	95	95	94	93	94	98	81	11	9	14	15	35	72	74	68	76	72	75	86	89	86	95	100	103	104	107	104	106	106	103	102	104	106	113	108	111	120	117	115	115	122	116	109	97	84	101	122	123	121	119	116	115	103	112	113	114	105	120	114	111	116	130	134	127	116	125	129	134	136	140	139	134	129	124	110	97	94	110	110	137	137	144	155	137	128	124	123	119	123	131	132	133	132	133	107	102	86	94	86	113	114	125	139	139	131	116	83	67	82	101	100	115	119	118	124	100	114	124	137	148	91	111	126	142	136	130	134	133	138	131	127	133	129	123	116	113	107	112	122	132	132	126	130	117	105	124	117	90	93	125	129	123	129	124	114	175	190	186	179	164	77	128	114	115	85	49	51	59	54	61	77	89	117	83	96	89	74	91	72	41	40	53	46	45	48	55	83	77	67	52	54	62	67	56	53	61	72	55	89	106	56	56	54	54	54	61	129	98	97	56	60	60	60	60	60	51	72	69	71	74	68	71	64	68	80	95	104	78	72	76	77	75	73	78	76	75	102	96	73	72	76	72	72	74	74	74	71	74	74	71	70	69	75	66	72	115	82	68	72	72	69	72	72	72	72	74	74	75	73	69	69	64	61	106	89	58	67	66	61	63	66	65	66	66	66	70	66	63	64	64	71	115	82	70	69	69	69	70	70	69	67	66	69	66	63	63	57	46	114	94	54	60	58	54	57	61	63	62	62	61	58	58	60	44	54	124	71	54	57	58	54	54	54	54	55	56	55	53	51	39	54	117	62	44	49	53	50	51	50	50	50	50	50	45	36	41	116	70	44	47	47	47	45	44	44	45	47	44	41	42	115	138	110	116	117	119	119	117	116	117	113	106	88	104	141	117	112	113	115	115	113	110	110	106	88	84	121	122	101	103	103	104	104	104	100	92	77	95	126	103	101	99	96	95	97	90	79	74	102	112	79	81	80	81	82	80	66	80	110	83	81	82	79	82	124	67	52	91	131	94	72	80	103	63	59	63	59	72	65	67	93	102	83	79	69	88	102	101	84	81	93	98	81	80	102	75	54	81	109	66	91	101	103	107	112	101	110	110	110	118	121	119	122	123	125	125	125	129	131	137	125	125	140	137	132	137	134	137	141	143	140	146	149	152	152	150	149	144	152	152	152	152	157	155	162	162	165	168	168	171	174	173	174	151	159	137	146	167	164	175	171	150	174	144	144	159	156	168	165	153	117	121	143	127	156	172	182	183	172	150	132	109	79	65	45	57	61	51	31	37	45	47	51	53	96	46	0	3	3	35	21	4	3	0	0	0	0	0	0	0
114	114	119	118	124	138	125	119	121	118	118	115	115	119	121	120	118	120	120	120	123	121	122	126	128	128	126	124	127	127	127	127	127	106	124	105	68	89	95	85	74	62	59	66	67	53	56	47	111	162	165	164	163	164	163	165	161	152	160	161	166	166	166	164	160	160	161	160	160	155	154	162	166	164	160	154	155	157	157	156	138	80	76	79	78	76	75	74	70	69	69	68	62	61	59	59	60	57	51	51	102	101	86	74	69	66	59	47	40	34	27	20	109	62	7	9	5	5	20	30	29	29	29	29	29	28	25	24	23	21	21	21	21	19	19	19	19	18	16	15	14	14	14	11	143	195	149	152	147	144	154	155	148	171	194	125	100	99	96	99	97	95	95	164	203	123	92	97	99	96	93	93	91	91	94	100	76	11	10	17	21	45	73	72	72	79	75	78	83	89	86	92	96	96	95	94	101	102	105	107	105	110	110	110	107	112	116	117	112	113	121	121	112	106	100	104	117	121	121	125	119	117	104	103	99	102	94	110	109	94	116	123	127	118	112	122	129	126	126	133	135	128	126	120	88	70	72	95	111	129	127	121	150	130	76	92	101	78	101	109	111	130	123	124	92	94	94	97	91	74	80	83	114	114	81	87	59	42	49	89	86	86	83	86	83	79	81	76	79	80	73	81	57	63	75	105	110	125	119	117	116	101	78	76	61	58	83	99	108	103	97	91	97	95	90	92	102	103	120	153	134	109	109	112	107	132	162	150	152	104	77	101	73	64	67	58	65	96	83	77	51	51	73	73	53	40	50	65	62	35	33	15	22	32	46	35	59	81	75	75	63	60	66	67	65	55	62	46	93	105	48	55	55	58	58	61	132	104	98	58	56	59	59	56	61	62	58	62	79	60	60	65	64	67	90	85	107	72	69	68	63	65	65	63	60	42	108	86	56	61	68	75	77	79	79	77	74	70	70	76	76	73	64	51	67	114	66	62	69	78	76	74	65	64	64	67	74	77	71	62	59	44	47	111	79	53	60	66	73	66	64	58	57	57	59	61	64	61	53	44	59	110	65	52	55	60	75	78	80	74	66	65	70	71	71	68	53	60	101	75	64	73	72	74	74	82	85	85	85	85	83	83	81	57	93	98	84	84	85	85	86	87	86	88	87	86	83	80	72	57	93	88	75	73	77	75	78	80	81	82	82	82	80	74	60	86	85	80	79	79	79	79	75	75	76	79	81	80	64	85	90	93	88	93	95	96	96	95	95	96	93	82	81	93	84	98	94	94	97	97	95	94	95	85	69	96	84	87	90	91	91	90	91	94	91	80	78	88	78	86	87	87	87	87	91	83	70	97	87	89	94	88	89	90	90	86	87	90	84	87	88	88	88	93	121	61	48	85	125	92	70	84	99	71	73	57	57	75	76	93	101	104	96	95	86	101	104	107	98	95	101	104	91	94	110	76	59	88	108	73	97	106	109	109	109	104	115	115	115	115	115	116	122	123	125	125	126	128	134	137	134	129	142	137	140	140	140	146	146	149	149	151	152	149	149	149	151	142	145	145	155	152	155	161	163	162	165	167	168	169	172	174	177	150	166	163	166	173	173	176	177	173	180	171	163	180	183	183	181	175	137	147	165	151	173	177	181	172	151	125	96	67	43	44	41	43	51	54	38	43	38	41	43	50	53	57	11	0	5	38	23	4	3	0	0	0	0	0	0	0
132	129	132	129	127	129	130	131	131	130	133	131	130	134	133	134	136	136	136	136	136	136	136	139	140	140	141	142	138	131	118	110	109	89	97	97	90	81	70	72	67	73	93	96	103	109	121	129	164	177	184	182	181	181	177	177	174	168	174	173	166	174	177	179	175	169	166	166	168	165	162	173	176	172	167	163	162	166	170	173	152	82	80	78	72	68	67	69	69	69	69	65	64	62	59	58	57	55	54	54	108	103	89	77	72	66	59	46	40	34	29	24	114	59	6	9	6	6	19	27	29	29	27	25	25	25	25	25	23	21	21	21	20	20	19	19	19	16	15	14	15	14	15	12	144	196	137	124	124	131	130	127	138	166	192	118	97	100	96	99	96	92	95	164	203	119	88	94	96	95	93	96	97	94	92	94	71	9	9	17	24	46	70	72	75	82	78	80	83	83	80	91	95	93	93	86	89	93	98	101	100	109	107	104	110	107	101	108	103	106	109	115	106	103	94	100	106	111	109	105	108	111	95	92	82	84	84	93	102	98	102	115	116	107	109	118	117	109	111	112	106	128	122	103	99	67	64	88	106	112	83	43	63	78	60	41	78	93	98	105	100	120	96	80	41	58	104	83	65	54	67	61	69	75	65	41	51	71	34	47	39	57	58	50	44	49	64	73	63	67	80	93	79	63	55	81	83	87	86	88	109	78	101	74	43	41	79	71	80	77	89	88	71	99	95	92	89	92	88	99	110	109	88	92	94	87	100	94	106	73	69	77	70	69	61	56	83	133	103	90	48	49	70	45	27	46	53	39	47	29	20	12	18	42	92	52	67	75	67	79	93	102	101	87	87	88	90	99	110	100	85	86	87	88	89	93	135	97	113	90	90	92	92	91	92	67	49	54	76	88	89	95	99	97	107	90	111	102	99	101	102	98	101	99	93	88	134	85	92	95	92	95	101	107	110	104	107	109	107	104	106	109	99	90	116	115	91	99	94	100	97	100	98	97	98	100	94	97	98	96	92	82	107	133	83	91	95	96	106	101	104	95	95	94	93	96	95	98	94	90	128	110	89	95	96	94	99	102	100	97	97	100	97	97	101	100	90	114	122	84	92	96	98	95	99	110	107	107	109	108	108	108	107	95	147	104	103	107	108	109	108	108	108	108	109	108	105	102	100	90	144	92	97	99	100	100	101	102	100	102	100	100	99	96	82	135	95	94	99	101	100	99	99	101	102	102	99	98	86	126	109	95	94	96	97	100	100	98	99	99	99	94	101	115	87	95	97	98	100	98	97	97	92	93	84	121	94	93	94	94	96	96	96	96	96	93	94	114	85	88	86	87	90	92	93	91	84	113	91	92	91	94	99	99	97	92	98	104	90	93	97	93	91	94	124	67	49	96	131	90	67	88	108	77	67	54	60	80	81	101	98	105	107	103	86	101	108	105	94	96	98	101	92	100	119	83	66	78	105	77	100	106	112	109	113	107	116	116	115	112	113	121	125	125	125	128	131	131	137	137	134	128	140	134	140	146	143	146	149	150	149	152	154	149	148	152	149	134	135	149	156	158	164	159	163	164	165	165	166	170	172	171	172	161	162	171	173	172	175	174	180	168	176	183	135	124	160	157	154	163	132	154	145	100	131	135	127	90	58	51	64	65	37	22	24	31	40	41	36	33	27	22	16	23	37	31	15	0	5	37	24	5	3	0	0	0	0	0	0	0
144	143	143	143	145	144	143	147	149	146	149	146	146	147	148	152	151	154	156	154	152	152	173	168	138	125	118	113	106	106	103	100	98	94	96	101	104	103	110	121	125	131	132	136	136	141	128	92	150	181	178	178	179	181	181	177	172	170	172	174	171	172	174	178	174	170	167	167	168	169	166	173	177	174	167	167	169	175	175	176	154	79	79	78	76	70	68	69	68	68	68	63	58	58	58	57	57	57	55	58	105	104	93	80	71	63	55	45	40	32	32	26	118	57	5	8	7	6	19	25	23	23	22	22	22	22	22	21	21	17	16	16	18	17	18	16	13	13	12	8	9	10	8	9	147	200	140	138	138	141	140	138	133	162	195	113	92	99	98	99	93	85	92	165	204	125	93	95	96	92	92	95	94	90	94	95	75	12	10	18	21	39	71	71	69	78	77	81	83	80	77	89	94	93	99	83	80	89	93	94	99	103	104	109	108	104	107	103	102	92	98	111	101	97	85	97	107	101	101	98	103	99	88	92	81	73	74	84	105	99	97	101	107	94	103	103	87	91	98	106	93	98	87	86	92	77	72	87	89	90	59	42	33	29	35	26	59	99	75	95	101	68	65	60	26	27	43	47	58	64	72	58	57	55	47	31	53	88	60	25	32	38	43	59	43	33	42	29	60	77	81	55	60	61	56	74	80	60	78	93	45	48	79	94	79	57	57	62	63	58	65	56	30	42	41	48	59	61	49	46	78	88	88	83	83	73	60	51	57	58	58	55	50	41	37	36	50	65	59	72	45	38	27	20	16	25	16	15	9	13	31	27	42	53	87	66	68	59	57	74	96	104	100	97	90	91	93	72	78	90	87	93	91	95	96	100	132	94	115	98	97	101	103	100	92	64	58	55	73	103	107	102	103	103	111	89	108	110	104	103	106	108	109	106	107	101	156	106	102	104	101	101	96	106	113	101	105	101	101	101	105	119	113	98	130	141	105	111	102	102	102	102	104	102	103	103	98	101	101	98	101	99	116	147	99	102	108	107	106	105	110	101	103	100	100	104	110	109	102	93	141	130	100	106	101	103	100	104	104	98	101	104	101	104	109	110	98	122	134	93	98	98	106	102	103	112	109	109	112	112	113	113	114	99	150	117	110	115	112	112	112	112	113	112	110	108	105	100	100	94	145	104	102	105	104	102	104	105	102	102	102	102	101	99	89	137	102	99	99	103	105	105	102	102	102	102	99	99	87	123	106	94	94	93	93	92	92	91	96	97	97	96	100	117	84	92	100	98	97	100	100	100	91	94	82	126	98	96	94	96	97	94	94	97	97	92	97	110	84	87	88	87	86	86	90	87	83	112	88	88	85	85	95	94	92	93	99	102	90	91	96	89	82	86	136	87	61	103	130	93	71	92	106	62	60	42	45	78	78	103	100	92	101	103	90	102	102	108	97	97	100	101	95	101	113	87	77	75	107	79	103	112	115	112	115	106	113	115	109	111	116	122	124	126	148	143	126	131	136	136	134	127	138	135	140	145	145	146	147	143	145	153	154	153	145	129	137	94	82	102	91	117	145	157	166	164	163	152	153	167	173	174	172	161	147	168	173	167	174	173	167	122	109	132	123	90	70	87	117	120	85	94	75	60	57	66	71	65	65	61	69	72	54	27	16	30	45	53	56	30	35	48	35	36	65	57	60	11	2	41	29	4	1	2	0	0	0	0	0	0
150	152	153	156	157	157	159	160	160	162	162	161	159	162	165	166	171	174	173	167	163	171	171	185	182	161	142	128	117	120	113	108	112	114	114	111	114	121	123	127	130	134	138	140	139	136	116	86	144	177	172	171	174	175	180	177	173	169	165	162	165	168	171	171	168	164	161	159	157	162	163	165	167	170	168	169	166	170	172	174	151	81	80	76	75	74	72	67	67	65	64	61	60	61	59	55	54	52	48	51	104	107	95	83	71	62	55	47	42	31	22	29	122	53	3	9	9	4	15	20	23	25	22	19	21	25	27	24	25	23	28	29	25	30	37	34	40	38	40	45	45	52	47	46	156	193	153	160	162	159	160	158	141	165	188	136	125	129	132	134	125	123	116	164	204	121	90	97	93	96	93	92	90	91	92	96	77	13	18	14	17	42	69	66	70	74	76	85	82	88	82	88	93	91	90	84	73	78	93	87	94	103	97	101	89	96	105	100	96	80	86	103	108	95	77	75	91	91	90	97	85	82	78	82	69	51	60	60	88	94	81	90	97	80	81	82	71	74	91	86	73	71	71	77	61	55	62	82	69	68	54	46	36	29	22	47	56	73	64	95	79	53	73	61	66	72	69	45	45	53	56	28	26	51	74	83	60	69	56	34	22	25	25	40	49	16	30	40	68	65	60	46	44	72	83	82	77	49	54	77	36	45	55	47	48	53	51	62	86	30	28	46	24	27	28	36	53	66	46	33	29	55	72	60	65	55	47	52	54	44	33	41	50	23	5	13	51	55	59	70	24	22	17	10	15	20	8	11	21	22	22	15	28	41	47	44	51	60	59	69	56	51	55	70	80	88	88	71	67	81	74	86	101	93	104	104	131	83	110	102	101	101	99	100	99	72	61	50	65	98	102	102	104	106	111	94	105	110	104	106	107	105	105	106	106	100	153	111	105	102	99	99	99	105	114	102	102	99	97	99	108	109	107	103	132	143	109	116	117	110	101	103	100	102	106	106	99	102	103	100	103	100	115	149	100	101	104	110	112	113	113	106	106	103	100	101	108	105	105	93	140	136	101	104	100	104	102	105	108	99	102	104	104	107	108	109	106	127	137	105	108	105	105	102	105	112	111	110	110	112	113	115	115	103	151	115	113	113	113	112	110	111	112	112	111	108	103	99	98	92	144	103	104	104	102	102	103	103	103	103	104	102	101	99	87	137	102	102	97	100	103	103	102	101	100	100	100	97	87	125	105	91	91	91	91	91	91	90	91	91	95	97	102	117	85	91	99	94	93	97	94	92	91	91	82	125	97	98	96	96	94	93	91	97	97	91	97	110	85	85	85	85	86	85	86	85	82	112	88	87	86	84	85	88	88	88	97	99	83	91	91	81	77	91	141	66	50	98	120	91	71	85	123	95	81	47	46	78	74	105	106	95	91	100	92	102	102	108	98	98	104	105	95	101	96	63	65	81	111	79	104	115	113	115	115	103	118	116	110	118	124	119	123	123	121	142	141	134	136	134	137	125	134	136	142	143	143	143	150	122	92	113	134	144	141	98	85	55	37	46	79	75	79	105	136	166	159	154	110	109	146	166	166	160	148	171	168	167	169	172	164	112	63	46	45	44	47	41	52	62	43	58	44	43	29	21	29	52	61	78	94	89	70	63	56	55	86	72	47	48	53	74	66	53	43	48	46	10	3	41	30	5	1	1	0	0	0	0	0	0
159	160	160	160	163	166	168	167	167	171	173	174	175	176	175	172	174	175	174	171	171	172	174	171	181	190	187	189	181	171	159	146	137	121	117	129	136	139	140	149	145	139	136	140	144	125	87	49	140	174	168	166	168	171	174	171	168	160	159	162	165	165	165	165	162	162	162	156	152	155	158	167	168	167	164	164	160	161	169	172	148	80	82	78	72	71	69	68	68	66	64	64	62	60	56	54	54	53	50	51	106	110	92	83	71	62	56	46	40	90	128	120	136	114	111	114	112	111	121	118	119	118	121	127	127	132	127	133	134	138	139	139	142	143	150	153	156	153	154	166	150	156	161	155	180	190	158	165	166	169	174	176	161	172	185	162	158	158	164	172	168	174	148	165	201	118	94	99	97	95	92	91	96	92	98	97	93	44	47	29	36	57	74	65	66	83	83	78	85	86	80	92	99	97	89	91	87	79	88	91	96	99	73	66	80	96	106	95	88	85	94	94	90	82	70	71	74	86	86	78	61	67	65	57	52	35	49	62	63	75	71	74	80	81	65	66	68	69	72	69	60	61	54	75	77	84	56	69	79	53	18	33	36	29	30	37	44	41	61	73	60	70	97	72	96	112	50	63	59	49	42	26	20	37	52	54	57	57	42	38	27	23	36	56	35	31	54	23	17	44	53	47	43	81	79	71	95	62	41	20	19	25	41	35	27	24	62	69	54	36	33	42	37	26	28	28	23	24	29	32	25	33	37	24	46	32	23	49	53	40	27	28	39	20	4	12	22	31	20	41	35	45	71	43	39	38	38	94	82	11	13	28	56	45	43	37	33	57	53	44	33	40	56	74	61	71	75	71	66	68	82	87	93	79	75	74	125	77	107	106	105	101	99	102	104	67	60	51	61	94	102	104	104	106	112	93	106	113	104	106	104	104	103	103	106	99	153	114	111	108	108	106	106	110	115	108	108	105	102	102	112	112	112	109	134	141	108	118	122	117	102	101	102	104	105	105	102	105	108	107	107	104	121	152	107	104	102	104	108	108	109	106	105	107	105	103	105	102	108	97	139	139	114	113	107	112	110	109	108	104	102	105	110	115	120	123	114	127	142	114	120	114	108	105	105	112	112	112	113	115	118	118	115	106	147	117	112	114	114	113	110	110	109	108	110	107	103	100	100	96	147	102	103	103	102	102	103	103	103	103	101	101	100	100	87	139	105	104	99	100	100	100	100	100	100	100	100	99	87	125	104	89	89	91	91	91	91	90	90	87	91	95	102	117	86	90	91	88	88	89	88	88	89	91	82	124	97	97	94	90	87	88	88	90	93	88	95	111	85	88	85	87	85	85	85	85	82	112	88	87	88	85	84	86	86	81	95	97	81	85	84	80	77	89	107	49	41	89	118	93	75	85	115	99	78	53	54	76	73	103	100	100	94	93	90	102	102	108	100	101	106	107	95	102	91	49	39	57	97	82	107	116	115	115	116	107	120	120	120	112	88	87	85	98	85	128	145	106	103	138	138	127	134	135	144	147	144	134	99	82	93	73	83	87	84	93	80	79	63	79	77	77	82	67	55	91	125	170	86	58	80	126	128	144	149	141	154	156	166	166	130	67	42	35	41	54	54	14	29	33	25	38	21	21	21	18	21	26	32	46	72	67	66	82	72	58	49	82	74	42	58	41	49	72	52	59	43	3	2	38	25	5	4	2	0	0	0	0	0	0
176	175	174	174	173	173	175	176	175	177	177	177	174	175	176	178	178	178	177	176	174	172	169	173	173	180	182	183	189	191	198	200	188	181	173	169	153	145	143	143	142	144	146	149	150	100	56	41	138	172	169	171	168	172	174	167	168	162	162	168	168	166	165	166	165	158	165	171	174	171	167	172	169	170	164	162	160	157	165	170	144	77	80	74	74	70	68	68	67	65	65	66	61	58	57	57	57	57	54	54	103	104	92	81	66	59	54	47	36	134	199	161	136	142	160	168	165	168	167	167	169	160	139	156	165	171	163	171	152	129	150	162	156	157	165	162	151	164	145	122	115	114	147	163	188	188	153	163	164	169	170	173	158	175	189	168	167	164	168	173	175	175	146	162	199	122	98	105	102	106	94	94	90	93	115	112	112	75	62	57	67	70	70	69	84	81	85	79	81	81	85	96	98	96	91	90	87	90	90	74	79	86	55	51	77	95	102	89	75	64	75	76	71	78	70	63	63	70	59	62	58	59	55	50	52	38	46	74	60	50	52	53	75	75	52	59	72	69	51	45	45	47	34	50	74	118	73	94	71	41	20	21	11	18	30	39	51	51	77	92	65	47	46	38	53	43	35	37	23	29	52	67	33	47	45	26	56	44	28	36	30	7	13	33	32	61	55	20	16	36	49	44	73	100	62	93	82	35	23	34	42	48	42	33	31	16	43	49	33	59	64	45	52	41	35	31	31	18	19	77	83	51	49	29	31	18	27	43	46	56	22	29	32	26	52	32	27	52	15	11	20	30	62	46	26	13	19	55	62	34	25	15	11	15	38	43	26	36	51	47	45	63	48	54	52	55	68	67	65	63	67	82	91	68	62	60	112	85	98	88	93	101	102	102	104	64	60	54	63	99	105	106	105	105	111	94	107	115	106	105	102	103	103	102	104	98	153	110	109	111	111	111	108	108	110	110	114	111	111	111	113	113	115	106	131	140	105	111	114	114	118	117	117	115	114	114	116	117	118	118	110	108	124	152	118	119	117	116	114	114	117	114	110	113	114	114	111	105	111	99	138	138	117	119	119	120	117	120	120	114	105	105	118	120	119	117	109	125	143	111	114	117	108	105	106	114	114	114	114	116	117	114	110	99	147	113	110	111	112	113	113	111	110	109	109	108	106	108	108	99	146	102	102	102	102	102	101	100	100	101	100	100	100	100	89	139	102	102	103	101	100	100	100	99	98	98	97	96	88	125	106	91	91	92	91	91	91	91	91	90	92	91	99	117	85	89	88	86	88	88	88	88	88	88	81	121	94	91	88	88	88	85	85	85	87	83	94	112	86	87	85	88	88	88	88	88	82	113	88	87	88	87	85	85	90	82	95	99	81	80	79	80	83	87	82	63	55	93	114	97	72	88	103	87	88	49	55	79	75	99	91	98	97	91	90	104	99	108	100	100	106	107	94	102	92	51	40	63	103	83	109	118	115	116	116	108	105	94	110	87	44	39	38	29	52	120	83	96	96	98	123	107	88	100	126	142	136	109	77	60	71	82	75	58	54	60	72	51	51	53	45	45	63	67	44	28	87	118	87	37	50	80	71	103	105	91	101	97	107	115	80	68	75	55	50	59	51	21	26	15	30	16	3	34	42	24	20	57	24	23	39	48	52	76	65	57	79	89	65	29	22	18	26	35	23	31	53	35	11	40	27	1	0	1	0	0	0	0	0	0
177	177	179	179	174	174	174	175	181	181	181	179	177	176	173	174	181	182	182	182	186	186	185	185	184	184	182	182	183	183	190	194	199	201	198	200	201	193	188	169	150	141	142	147	145	73	10	23	150	184	181	184	181	178	172	167	174	175	176	173	165	154	163	165	163	165	169	147	121	108	88	77	150	174	166	160	157	153	166	167	140	76	72	67	68	68	67	65	62	62	62	61	61	57	56	57	52	52	54	56	100	95	92	78	63	58	53	48	39	141	199	166	141	157	167	149	133	142	159	156	151	157	158	169	178	143	109	134	104	65	116	145	165	170	146	113	108	133	126	81	71	79	122	176	188	190	163	175	174	181	176	178	152	179	190	169	175	174	173	173	177	177	142	157	198	135	105	100	87	97	92	95	99	81	104	83	70	74	76	82	79	83	75	80	87	78	78	66	83	109	82	87	101	91	91	99	87	83	86	78	80	79	48	52	72	82	88	79	67	47	53	56	67	77	62	55	68	70	52	49	52	36	48	45	53	57	66	77	69	46	40	41	61	59	57	54	52	53	49	29	30	37	16	27	32	20	34	54	40	18	24	14	20	23	41	58	51	82	86	69	46	48	25	27	23	12	28	22	21	35	60	42	25	23	19	19	21	30	27	12	6	12	35	36	52	79	84	76	63	49	47	52	37	23	32	49	49	35	33	26	25	35	22	24	20	30	40	60	46	39	27	48	47	39	29	51	52	28	28	57	61	52	49	27	21	21	17	39	42	32	30	36	27	35	56	55	44	28	29	5	7	33	38	20	14	25	36	47	33	19	21	12	25	24	15	31	25	26	39	39	35	22	31	50	40	43	39	36	39	55	54	45	42	50	55	58	90	84	100	75	76	92	106	104	101	67	68	52	63	96	105	105	102	106	110	95	107	114	106	105	102	102	103	103	104	99	151	105	107	108	106	105	105	105	105	105	105	106	106	108	108	106	107	100	130	138	102	107	104	97	111	117	114	117	113	115	114	114	113	113	109	105	121	149	111	117	119	119	117	115	118	119	120	120	118	118	111	108	112	99	138	131	107	110	111	110	108	111	109	108	104	107	108	108	108	106	100	120	138	101	105	109	107	104	106	111	110	111	107	108	108	105	106	93	147	109	105	108	108	108	111	111	110	111	108	107	107	107	111	97	144	102	102	102	102	102	100	100	100	100	100	100	100	100	89	138	103	100	103	101	101	100	98	98	98	98	98	97	89	127	106	91	91	93	91	91	91	91	91	91	91	88	97	118	86	88	88	88	88	88	90	88	88	88	82	122	88	86	88	89	88	86	86	85	85	81	94	112	86	88	88	88	88	88	88	88	82	112	88	85	88	85	85	85	91	88	97	97	80	80	80	80	78	94	93	58	47	86	114	84	41	80	79	77	98	39	50	76	75	96	91	93	96	96	90	102	98	107	99	97	106	103	95	101	94	50	43	66	104	83	110	119	116	118	101	75	78	57	60	63	50	36	26	67	35	27	30	66	80	41	54	56	48	55	59	93	109	72	59	56	57	58	64	37	48	31	52	57	25	13	34	45	41	47	59	31	36	33	50	34	46	42	34	45	39	52	57	48	39	59	70	74	58	34	40	31	47	42	51	42	30	69	33	11	13	42	32	33	27	9	22	50	55	70	97	93	96	118	65	45	37	17	32	35	29	12	25	76	60	53	40	21	22	18	18	20	18	16	15	17
183	180	180	182	181	181	181	181	184	184	186	186	183	181	180	179	182	182	182	183	187	187	190	190	189	189	189	189	191	188	186	189	189	193	191	197	199	194	201	204	199	194	183	173	154	111	79	111	166	158	146	128	113	110	150	165	162	135	111	89	64	58	145	163	163	166	170	136	106	80	51	34	139	169	161	161	150	152	162	165	133	68	65	66	67	64	63	66	62	62	59	60	58	54	53	56	57	54	56	57	101	95	92	80	66	59	55	47	42	152	198	152	127	139	136	119	84	101	134	107	93	81	96	118	148	94	50	73	80	63	59	135	178	147	109	91	88	92	121	135	66	71	84	138	185	186	118	153	168	177	177	154	138	177	184	165	175	175	170	169	176	174	137	159	200	107	69	88	81	78	90	69	89	59	62	49	34	52	49	76	57	73	70	51	59	65	59	66	60	70	72	92	103	88	100	94	71	72	83	80	73	69	43	44	54	67	71	57	45	35	42	54	69	76	76	62	60	55	45	52	43	31	51	34	36	45	41	58	46	29	38	38	46	42	36	42	51	39	35	27	29	32	31	24	31	31	32	26	20	25	19	20	31	41	33	43	28	37	61	48	30	43	40	24	43	49	33	25	24	18	4	8	13	23	21	26	46	64	41	21	16	46	64	62	99	93	73	51	66	72	74	74	41	54	68	41	18	25	8	13	17	23	28	26	18	33	21	22	25	15	28	53	24	21	19	23	49	24	20	32	38	39	13	13	23	15	11	39	48	45	18	16	17	46	45	34	38	31	28	18	22	30	20	33	34	24	17	14	26	18	6	10	11	16	14	22	25	16	17	21	24	32	51	41	20	31	36	54	41	25	31	27	44	35	52	81	109	83	100	69	88	100	103	104	110	69	65	66	66	91	102	104	101	104	108	94	104	112	104	104	100	100	103	103	103	99	151	105	103	105	105	104	106	106	106	105	104	104	104	104	105	105	105	99	129	139	103	107	97	92	107	109	108	103	110	110	109	109	109	109	109	104	119	147	106	109	109	112	112	112	112	113	112	112	110	108	108	106	109	99	137	129	101	106	106	106	106	106	106	106	106	106	106	106	105	106	99	123	138	100	105	104	104	105	106	106	106	106	105	105	105	105	105	95	147	108	103	106	106	106	106	106	108	107	106	106	104	105	104	94	144	103	103	103	103	103	102	100	100	100	100	100	100	100	89	138	103	99	100	100	100	100	98	98	98	98	97	95	89	126	106	91	91	93	91	91	91	91	91	91	91	87	98	119	87	89	91	91	91	90	91	89	88	91	83	124	90	88	89	87	87	87	87	87	87	84	94	115	87	87	88	88	89	88	85	87	81	114	88	85	87	85	85	86	88	85	97	98	80	81	82	83	78	94	89	54	55	92	120	90	45	85	80	92	108	37	54	77	73	96	88	88	93	94	93	101	100	106	98	98	104	102	95	102	100	49	45	71	107	85	109	122	120	120	100	64	48	56	54	57	55	57	47	55	28	7	16	42	36	19	27	33	28	39	40	46	50	58	50	37	52	44	32	44	65	33	31	68	45	27	22	45	26	33	16	31	57	33	23	22	45	44	56	39	27	31	40	56	51	43	50	60	72	68	88	53	39	39	46	69	60	70	54	37	28	43	23	14	32	36	16	7	21	24	36	59	39	54	77	77	34	17	23	34	45	33	25	45	43	67	78	82	81	80	82	82	79	82	81	81
185	182	182	182	183	183	183	183	184	183	183	184	183	182	182	182	184	183	182	182	184	187	187	190	190	191	192	193	193	194	195	194	195	196	194	194	196	198	202	205	197	195	195	181	158	142	119	80	105	126	104	78	58	47	146	172	166	134	113	88	67	56	152	167	163	163	169	138	109	83	57	43	139	160	157	160	152	156	156	161	132	61	63	62	62	61	61	61	63	62	61	58	56	55	55	57	57	51	51	57	106	98	92	82	70	61	55	48	42	150	151	105	85	76	69	55	53	60	62	76	69	56	68	61	96	66	38	39	50	58	48	126	180	123	79	56	55	67	97	145	59	53	53	58	166	190	106	104	101	153	153	124	105	161	189	167	172	171	166	129	144	150	117	154	197	89	43	52	74	59	77	48	70	72	36	30	47	38	43	44	85	62	45	36	54	38	47	51	38	39	55	75	90	80	72	69	70	60	71	65	54	48	45	39	43	56	57	40	34	20	41	67	57	55	52	52	42	48	48	35	32	31	48	50	32	25	24	40	40	37	31	20	24	26	17	28	24	29	39	43	25	27	35	35	28	34	35	18	19	37	21	33	28	24	29	34	25	46	65	43	21	26	16	16	15	33	36	48	85	39	11	31	55	46	45	42	61	74	39	50	51	54	54	50	51	51	43	34	35	32	53	54	52	75	69	26	14	14	8	13	18	16	29	41	41	34	8	7	9	38	43	30	15	17	6	11	20	18	13	17	18	28	13	21	17	9	25	40	29	28	32	25	46	42	27	14	22	30	24	17	19	7	8	18	27	28	14	15	19	28	25	21	3	9	28	14	11	27	37	25	44	39	53	33	34	31	33	28	20	27	19	46	53	26	35	77	124	101	105	54	76	103	103	96	101	70	62	73	68	88	102	102	100	102	109	88	98	111	102	102	100	101	102	102	102	99	150	104	100	103	103	104	104	104	104	104	103	103	103	103	103	104	104	98	132	138	97	98	102	91	99	101	96	97	107	105	106	106	107	106	107	102	120	146	105	107	105	107	105	106	106	106	108	107	107	106	106	106	106	99	138	129	101	106	106	106	106	106	104	106	106	106	106	106	105	105	99	123	138	100	104	104	104	104	106	106	106	104	104	104	103	103	105	94	146	107	102	103	103	103	104	104	104	104	103	103	103	103	103	94	145	103	102	102	102	103	102	100	100	100	100	100	100	99	89	138	103	99	99	100	99	99	98	98	98	98	97	95	87	125	106	91	92	93	91	91	91	91	91	91	91	88	98	120	89	91	91	91	91	91	91	90	90	90	82	124	90	87	88	88	88	87	88	88	88	84	94	115	87	88	89	89	88	87	85	88	81	114	90	85	87	87	85	86	88	87	99	99	82	83	84	82	78	96	80	46	52	89	127	86	45	96	83	92	110	46	58	77	75	99	91	93	91	90	88	98	93	103	96	96	108	100	91	95	99	54	47	70	99	75	102	121	121	108	75	59	41	31	19	26	32	41	83	61	24	14	13	28	27	11	25	59	59	41	46	38	30	44	47	50	48	34	47	88	64	22	13	24	46	68	59	75	69	49	12	13	33	44	29	18	34	40	52	39	52	59	32	54	60	32	28	42	52	75	65	67	51	51	51	59	58	34	21	23	30	37	20	6	10	23	14	3	4	24	47	19	29	38	40	71	42	18	25	29	25	32	26	32	37	51	78	113	116	118	115	106	106	110	120	128
185	183	185	186	187	186	184	184	184	184	184	184	185	185	186	187	187	187	187	188	190	190	193	193	193	194	195	195	196	197	198	200	200	199	200	198	199	190	163	151	169	176	176	170	156	143	106	55	105	152	136	114	100	85	131	147	169	137	111	88	60	55	123	136	142	139	157	133	103	77	51	37	130	146	146	146	141	146	150	153	124	60	63	60	58	59	59	61	57	57	56	55	54	54	54	55	49	46	49	54	107	100	89	80	73	64	57	48	46	152	120	67	60	60	74	68	60	60	61	77	65	62	77	58	54	42	34	21	28	38	39	64	104	80	53	37	35	51	55	56	51	54	44	39	159	187	92	67	69	90	71	87	96	162	184	140	145	107	116	80	94	107	95	153	201	81	33	59	58	42	60	45	38	39	21	10	21	33	57	44	43	27	26	15	26	29	27	23	28	36	37	63	76	67	67	56	55	43	50	57	56	48	51	43	50	48	40	30	27	18	31	61	55	55	54	44	31	42	40	28	21	22	41	26	24	21	31	37	37	41	26	19	24	20	15	21	12	13	34	53	29	28	32	26	19	9	13	15	33	43	38	42	25	12	28	30	47	54	47	18	13	12	35	17	27	47	42	75	77	37	33	51	55	59	34	36	89	95	45	44	53	41	47	48	32	17	33	36	23	26	31	26	29	44	28	16	24	15	25	19	12	26	21	16	18	19	7	6	7	20	32	53	27	27	23	27	36	36	15	8	14	33	19	33	41	17	26	20	32	33	44	42	32	26	26	45	43	47	49	24	9	10	14	17	19	8	7	12	11	7	12	6	8	13	36	33	18	25	30	11	17	15	22	40	37	17	16	28	29	46	27	39	47	20	26	39	113	100	97	84	79	90	96	92	91	71	58	53	68	88	103	101	98	101	109	85	95	112	102	103	101	100	100	100	100	97	151	102	103	104	103	104	104	103	103	103	103	104	103	105	105	106	106	100	132	138	94	89	88	96	96	95	89	89	104	104	103	105	105	101	103	100	113	141	112	112	105	104	103	105	105	105	105	105	104	104	105	103	106	97	137	129	101	105	104	105	106	106	104	103	103	104	106	106	104	104	98	122	137	99	103	103	103	104	104	103	103	103	104	103	103	103	104	94	146	106	101	103	103	103	103	103	103	103	103	103	103	104	100	94	145	103	102	102	102	102	103	102	100	101	101	100	100	100	91	139	102	97	99	99	99	99	98	98	98	98	97	96	89	127	109	93	92	94	91	91	91	91	91	91	91	88	100	120	90	92	91	91	91	91	90	91	91	90	84	124	90	87	88	88	88	87	88	88	88	84	95	115	87	88	90	89	88	85	86	88	81	114	91	85	85	88	87	88	87	85	96	98	81	84	86	83	78	98	83	38	45	91	123	88	42	97	78	83	104	49	49	74	75	99	91	94	90	91	91	102	92	88	81	76	85	88	87	85	92	56	49	67	72	54	103	124	119	89	53	54	52	29	22	24	15	11	29	42	36	28	13	17	25	20	11	32	62	46	38	53	47	24	42	62	60	50	48	57	48	57	73	32	33	38	39	37	48	63	38	16	36	63	55	19	43	40	34	47	36	41	51	31	36	32	19	18	31	29	21	30	25	17	23	38	49	40	41	22	13	27	35	18	4	12	20	3	8	14	40	27	15	15	13	34	32	29	45	31	15	8	27	38	16	13	21	52	67	65	68	61	58	54	59	66
192	191	192	196	196	194	194	193	193	193	193	192	191	192	191	191	189	189	191	192	192	193	193	193	194	195	195	197	201	199	199	199	199	196	199	199	201	192	160	145	163	150	138	123	110	84	63	87	165	167	163	153	140	122	92	127	157	154	145	140	133	125	133	121	104	113	101	65	48	34	23	40	88	99	94	96	99	97	108	120	109	74	80	76	74	72	72	71	69	68	65	66	62	61	60	59	57	58	63	67	108	97	87	83	76	67	56	47	48	155	118	53	46	53	56	51	50	49	49	69	71	49	42	44	27	18	26	27	22	35	46	32	46	63	26	23	21	25	33	36	40	50	36	37	162	182	61	57	58	63	51	64	60	149	180	85	77	67	69	67	70	58	46	150	201	81	18	43	45	18	24	29	58	25	33	23	7	27	43	25	33	15	24	16	9	15	15	14	13	16	25	31	39	44	50	40	39	33	33	42	57	54	54	47	57	45	33	24	14	12	25	41	43	36	27	24	19	28	25	29	27	13	30	22	24	23	22	30	35	24	30	25	27	38	13	21	16	22	33	45	33	23	23	17	20	20	23	26	17	14	29	18	10	17	23	34	28	37	43	28	32	18	14	8	22	50	24	26	41	21	7	20	46	63	58	71	35	101	64	35	59	58	21	28	18	13	26	8	25	46	35	30	21	20	6	12	16	19	39	21	9	19	13	10	11	15	13	6	16	17	19	48	32	30	57	60	44	16	12	27	29	21	16	24	28	20	36	15	26	32	34	28	13	20	18	34	35	40	28	25	9	12	23	16	20	12	17	22	23	10	10	8	6	19	29	28	15	25	42	14	17	13	18	41	40	17	14	17	32	35	31	32	21	21	50	35	105	95	93	66	67	72	90	88	82	73	62	52	72	87	105	104	98	97	107	83	96	108	100	99	102	99	98	101	100	98	150	104	103	105	103	103	103	106	103	103	103	106	103	100	102	100	104	98	130	136	89	83	77	87	92	100	90	78	100	108	106	103	105	103	108	102	118	128	109	110	104	103	103	105	108	105	105	105	105	105	105	103	106	97	137	129	101	106	105	104	104	104	104	105	103	103	105	106	103	103	99	120	137	100	103	103	104	104	105	103	104	103	103	104	104	104	104	95	145	107	100	103	103	103	103	103	103	104	103	103	103	103	100	94	145	102	100	103	103	103	102	102	102	102	100	100	100	101	91	139	101	100	101	100	100	99	99	98	98	99	98	98	88	126	108	93	93	95	91	91	91	91	93	93	93	90	98	121	89	93	91	91	91	91	89	91	91	89	83	125	92	91	89	89	91	87	89	89	89	86	95	115	85	88	90	87	87	87	85	87	83	114	90	82	86	88	89	89	91	87	97	98	81	81	87	84	83	102	88	33	54	99	118	100	52	88	72	78	93	40	54	80	78	95	78	83	87	91	89	82	76	63	54	59	49	65	61	54	78	52	47	68	81	85	95	94	92	61	41	54	43	33	15	12	7	12	17	21	32	36	18	16	13	9	12	27	19	38	23	32	22	15	12	20	44	38	25	19	25	45	41	19	16	25	26	25	25	25	24	37	26	38	39	15	36	21	28	37	26	34	64	32	16	20	24	25	28	10	12	18	22	31	24	23	23	27	25	9	4	13	29	28	5	3	4	0	0	19	17	20	12	14	22	21	15	35	27	17	13	7	18	42	56	29	25	46	63	59	60	62	65	64	68	73
191	194	192	191	196	196	199	197	196	196	194	194	196	196	195	193	192	193	193	193	191	191	193	194	195	195	196	198	199	197	197	197	202	202	200	200	202	195	156	150	167	156	147	132	117	101	75	102	169	147	138	122	108	89	67	120	118	163	163	155	146	130	115	88	112	183	161	149	150	154	157	171	175	158	159	160	156	148	138	128	148	176	169	157	151	146	139	136	130	133	124	117	113	112	113	127	138	147	154	159	145	119	103	89	79	67	56	43	50	116	74	44	38	38	38	54	51	44	45	58	38	28	26	17	16	19	41	41	14	23	30	27	37	38	35	26	17	20	26	37	39	51	39	50	161	177	52	30	46	63	59	54	43	143	179	68	51	58	59	55	44	34	35	149	200	73	8	39	52	18	50	32	23	19	42	32	45	43	26	8	13	21	29	22	14	21	18	8	5	7	13	12	16	31	46	24	25	22	14	44	45	42	60	25	30	34	25	23	18	12	29	28	27	34	21	30	40	48	36	17	31	22	28	20	20	21	18	32	32	32	36	39	14	34	20	28	19	26	20	37	23	25	26	32	31	31	41	30	29	54	35	26	11	9	22	37	34	46	46	29	17	17	6	7	13	39	9	28	26	17	27	51	46	22	51	66	35	65	33	22	29	42	32	23	36	38	24	39	49	20	12	15	11	4	20	34	10	9	15	7	15	17	3	14	17	24	16	11	24	12	12	26	13	33	38	31	36	21	26	41	21	18	17	36	34	66	55	22	14	24	13	28	40	52	71	49	23	35	33	12	11	12	9	13	11	15	23	32	23	8	15	12	19	40	29	28	25	23	52	56	36	20	12	31	31	11	20	34	24	34	43	50	37	24	53	65	107	85	83	53	60	54	69	91	82	77	65	64	65	93	101	98	95	105	107	86	99	101	81	85	98	97	103	103	99	94	152	103	103	103	103	102	103	104	103	105	92	98	94	88	101	98	96	93	129	121	77	76	73	80	93	98	75	74	93	104	107	101	104	104	106	97	119	135	102	105	105	106	105	105	106	106	103	103	104	105	105	103	106	97	137	128	102	105	104	105	105	103	105	105	103	103	103	103	106	105	98	118	136	100	104	105	105	105	105	103	105	103	100	103	107	109	103	94	145	107	103	103	103	103	103	102	101	103	102	102	103	102	100	94	145	102	102	103	103	103	100	100	102	100	100	100	100	100	90	139	101	96	100	98	101	99	99	99	101	101	100	99	90	126	110	93	95	95	91	91	91	91	94	94	94	91	101	121	89	93	91	91	91	91	92	92	92	92	84	124	96	89	88	90	93	89	89	89	89	85	96	115	85	87	90	90	90	90	91	89	84	114	91	84	88	87	86	86	86	84	98	98	78	80	83	81	80	103	89	34	59	97	116	92	45	80	61	56	62	33	59	77	74	94	75	72	78	82	84	77	44	38	42	35	48	51	40	38	72	55	45	75	74	86	75	52	50	35	55	78	53	35	33	13	4	5	8	58	69	15	9	8	5	4	7	27	13	10	7	11	5	7	8	11	26	23	19	24	25	22	40	34	12	17	23	17	15	14	22	51	51	47	58	25	26	30	26	28	39	47	46	36	31	28	31	37	51	42	39	34	40	66	65	61	47	37	50	49	47	46	57	57	46	46	46	47	49	53	54	62	67	78	80	83	86	90	93	87	84	79	84	90	93	91	98	99	93	89	91	89	88	87	73	79
186	185	188	195	196	194	196	196	194	194	194	194	194	196	194	193	193	193	193	194	194	196	196	196	197	197	199	199	203	203	203	203	202	202	202	202	202	194	163	150	169	163	153	140	122	103	80	96	173	157	146	133	119	100	83	138	180	166	154	147	136	122	111	88	125	222	216	216	218	215	211	208	189	160	156	144	132	122	107	84	115	169	160	154	151	148	145	140	135	125	123	130	135	137	141	171	173	169	157	148	140	132	115	84	73	65	58	47	46	118	79	47	34	38	31	49	42	43	49	48	39	35	35	26	20	24	24	12	8	12	19	20	19	47	56	26	22	20	17	29	31	34	36	69	172	171	54	41	42	54	37	25	22	142	178	42	33	35	40	33	28	22	21	143	198	67	44	60	55	21	39	33	26	31	15	16	73	42	27	20	16	36	32	25	48	24	7	11	5	9	10	10	4	15	43	27	31	25	16	37	40	40	41	24	27	31	26	25	27	21	37	45	44	38	35	40	33	31	28	17	18	25	26	25	27	27	26	44	27	27	40	48	17	28	49	34	37	32	24	38	37	23	29	46	42	27	45	39	36	39	27	22	11	13	34	54	47	43	37	26	27	23	11	5	4	10	13	11	15	17	28	48	35	33	44	13	23	24	37	48	23	31	19	27	44	28	16	33	22	13	12	6	7	9	21	13	3	6	4	13	39	19	4	24	26	45	21	4	18	16	17	20	18	41	48	29	23	27	57	59	22	31	18	34	29	27	48	46	19	15	30	58	67	69	97	52	10	14	21	14	9	17	12	14	12	10	8	15	22	9	14	24	27	21	39	34	34	35	33	27	29	26	12	22	41	42	34	41	23	20	34	50	38	32	27	43	100	92	75	42	38	26	34	67	89	76	58	64	59	93	82	89	96	106	111	92	106	92	71	97	97	97	95	93	100	99	151	103	103	103	103	103	106	102	95	98	89	85	84	85	96	94	101	96	101	93	78	74	67	74	95	104	80	72	80	85	97	99	88	83	94	87	110	148	100	103	105	106	106	103	103	105	103	103	105	105	103	102	103	94	137	127	99	105	103	104	105	105	103	103	103	103	103	103	105	106	100	119	138	100	105	103	105	105	103	103	106	105	103	103	106	106	103	94	146	109	103	103	103	103	103	102	102	102	103	103	103	102	100	96	146	103	102	102	102	103	102	102	102	102	100	100	101	100	91	139	103	98	107	101	101	99	100	98	99	99	100	100	91	126	110	92	95	95	91	91	91	91	91	93	94	91	100	122	88	91	91	91	91	92	95	92	92	95	89	125	92	92	92	87	86	89	89	89	89	86	98	116	86	84	91	91	90	89	91	89	84	116	94	89	88	86	89	88	89	86	98	101	82	86	84	83	80	104	94	46	53	94	116	90	52	92	70	75	71	31	49	76	73	97	75	69	75	82	77	68	46	39	53	57	59	80	68	42	78	57	49	73	57	48	53	36	31	32	53	75	68	59	69	50	48	41	50	90	103	69	61	62	64	66	67	75	73	71	73	84	77	81	82	85	91	94	90	93	90	92	91	94	89	90	94	92	91	91	92	103	98	96	94	97	94	102	101	99	99	99	101	98	101	106	107	101	106	105	104	102	102	104	102	102	102	106	106	106	106	107	106	104	109	111	108	109	114	106	111	111	114	114	110	115	111	111	112	109	104	104	111	107	104	105	113	110	110	107	104	104	107	108	94	94
194	188	186	189	193	196	199	199	196	196	196	196	194	196	196	193	194	194	196	196	199	199	200	199	200	200	202	202	202	203	205	205	205	203	205	205	209	197	154	141	168	164	151	136	120	102	76	96	175	160	149	137	120	104	82	150	206	175	166	156	144	132	120	94	125	204	198	192	187	189	184	181	176	170	158	150	142	127	119	102	112	142	139	137	133	132	130	126	119	106	107	115	119	118	118	167	176	172	164	154	145	131	113	86	73	64	59	49	49	74	63	35	48	30	19	17	31	38	18	25	24	12	9	14	23	24	13	9	10	6	15	15	18	40	26	22	21	15	20	23	17	23	57	53	160	169	38	33	33	26	17	12	21	144	172	43	25	23	13	18	27	20	9	137	198	66	24	32	16	18	15	14	19	16	13	4	21	41	22	14	8	26	21	28	38	19	20	8	3	22	33	31	16	36	67	57	45	33	53	54	52	54	41	63	60	43	23	45	57	36	30	31	44	44	44	41	35	34	24	36	36	35	30	33	41	36	30	45	36	44	45	35	39	40	52	36	42	47	52	54	52	65	64	48	56	53	41	49	47	24	34	18	35	37	46	61	22	19	22	32	14	14	9	3	3	11	32	28	21	17	13	26	35	28	41	26	30	12	29	20	11	11	15	21	23	21	15	19	18	8	11	21	10	3	3	3	5	5	7	21	28	8	5	15	14	18	16	7	6	18	23	18	15	7	18	23	28	34	49	53	21	47	49	42	32	31	53	50	54	29	42	56	67	74	46	20	7	13	19	30	14	22	37	25	19	21	14	19	34	23	32	34	15	19	37	24	11	11	23	26	22	15	19	35	42	26	36	45	40	35	40	45	35	19	23	43	95	90	80	37	35	20	17	52	76	74	55	58	68	92	81	84	81	91	104	91	102	92	71	96	93	88	90	87	94	89	149	105	103	103	103	105	105	105	92	83	79	73	80	87	84	84	89	98	86	87	82	76	75	76	87	91	74	75	76	77	93	89	67	69	84	91	111	147	103	105	106	105	103	103	103	103	103	103	103	103	103	103	103	94	137	128	101	105	103	103	105	105	106	105	103	103	103	104	104	106	100	121	138	100	106	104	104	104	103	109	123	103	106	106	103	102	103	94	146	109	103	103	103	103	102	103	103	103	103	103	103	103	102	97	148	103	103	103	103	103	103	103	103	102	101	101	102	102	109	146	102	95	114	107	101	99	99	102	98	90	97	99	89	126	109	93	95	95	93	94	94	93	91	91	93	89	97	121	89	90	91	91	91	91	92	92	92	93	84	123	97	88	95	87	84	93	93	85	88	88	94	107	83	88	88	85	87	91	91	90	84	112	91	85	85	90	87	88	91	91	94	95	88	87	88	92	93	105	94	65	59	105	120	78	52	94	73	80	70	41	54	87	90	105	96	96	99	107	119	107	103	98	91	93	102	105	109	110	97	52	49	80	114	112	108	103	105	108	111	106	108	111	116	113	114	112	115	116	111	116	115	119	119	114	115	115	113	115	109	113	118	122	116	110	113	115	116	109	107	110	112	113	117	109	109	112	113	116	116	115	121	112	104	109	107	104	109	112	113	108	107	110	109	114	113	110	107	106	103	106	108	103	100	97	97	103	103	101	102	105	106	107	103	102	103	101	104	104	103	102	106	102	106	109	104	106	100	102	101	104	101	99	100	98	100	99	103	100	102	101	101	102	100	105
192	195	194	192	188	185	191	200	199	202	202	202	201	202	202	202	202	202	202	202	202	202	202	201	202	201	201	202	203	203	205	208	209	208	208	206	207	202	122	79	146	142	125	108	94	73	63	147	178	163	147	134	122	104	75	145	208	175	168	157	146	133	122	94	117	188	185	184	179	174	173	169	175	170	160	153	141	129	122	102	107	138	130	126	125	122	117	112	111	108	105	96	90	90	92	167	180	176	168	161	149	141	123	86	72	70	70	66	74	84	59	34	36	25	22	12	26	33	26	25	15	17	13	20	20	15	7	5	8	8	7	15	16	12	12	18	17	9	23	33	20	21	42	37	155	171	27	12	20	17	12	9	20	149	168	35	19	13	17	17	19	14	18	142	192	72	11	15	16	16	20	19	17	23	13	2	1	12	8	3	7	11	21	28	12	11	18	14	18	48	64	63	68	65	70	74	78	82	103	83	75	61	56	88	81	57	53	62	63	53	48	49	66	60	45	51	51	55	49	47	45	40	50	53	58	61	54	49	54	45	42	34	43	39	30	46	48	64	64	73	97	102	82	50	62	64	49	40	33	40	64	40	49	44	49	49	22	20	20	36	36	21	20	23	9	18	37	38	17	11	15	20	41	54	35	45	29	24	21	18	9	9	7	5	13	10	24	31	17	10	12	20	12	5	8	11	13	12	11	26	18	13	25	16	10	15	35	27	26	23	27	38	20	28	24	30	51	54	67	39	25	43	61	59	43	36	74	60	57	42	44	65	63	23	30	47	35	21	30	35	24	14	37	39	26	36	19	17	40	27	17	10	8	22	10	18	8	18	18	9	19	21	29	24	34	36	44	40	49	54	59	51	39	27	22	32	88	78	73	40	31	38	28	35	55	68	60	67	72	84	81	68	87	69	75	96	106	104	77	93	96	94	79	102	100	88	153	97	102	104	105	102	102	107	95	75	75	74	72	80	86	88	78	83	80	74	74	72	80	81	74	84	76	57	56	78	75	82	63	78	85	93	116	135	105	106	104	104	102	104	102	103	102	103	103	102	103	103	104	95	138	128	101	106	102	104	105	104	106	106	104	103	103	102	102	103	100	120	136	100	102	102	101	100	102	102	103	103	102	104	105	103	103	94	143	106	101	103	103	102	101	103	103	100	102	102	101	101	101	95	146	101	101	103	102	100	101	101	101	101	100	101	101	101	107	146	106	100	104	101	101	100	100	107	100	88	96	99	92	126	108	91	94	96	94	95	94	94	94	93	93	90	100	123	89	96	93	93	95	95	93	94	94	92	89	124	118	93	104	103	94	104	102	98	98	99	98	103	95	105	106	102	109	115	115	114	108	116	114	115	115	118	119	122	119	122	120	122	122	118	113	115	118	124	89	72	64	118	131	72	53	96	72	82	62	34	52	107	123	122	119	118	119	118	120	120	116	115	120	118	118	121	119	127	101	53	48	76	124	124	122	118	118	116	121	113	114	114	116	110	106	112	119	118	124	120	118	122	116	117	116	118	116	111	112	113	113	117	116	112	112	111	112	112	110	112	114	117	116	115	113	110	115	115	111	110	106	109	110	109	109	106	110	115	112	109	102	102	108	106	103	106	109	109	109	109	111	108	109	112	110	107	107	114	116	111	112	112	109	114	111	110	107	110	112	112	114	111	108	109	114	106	106	112	113	114	115	112	111	112	113	108	113	113	113	113	116	114	113	111
194	194	196	197	200	193	188	191	199	203	203	200	200	200	199	197	200	200	199	197	196	195	194	194	197	197	197	197	197	200	202	203	203	202	200	200	196	190	174	163	149	92	77	66	59	51	78	166	157	140	122	109	91	77	64	143	183	172	168	159	145	128	114	92	111	189	185	180	179	177	173	170	174	170	157	153	145	127	119	99	109	142	140	136	132	126	123	123	121	118	114	114	114	108	111	176	177	170	164	158	150	141	120	91	77	76	75	72	69	36	31	19	14	13	12	13	16	31	29	21	19	25	15	13	17	13	6	7	15	12	15	19	7	7	18	13	12	25	26	22	23	23	17	27	154	163	32	24	13	7	12	8	21	150	165	34	11	22	16	14	20	19	25	145	192	73	18	24	36	22	18	14	14	21	4	1	0	3	2	9	20	30	25	28	40	49	55	68	80	91	95	95	93	98	98	105	107	107	116	111	111	115	112	117	110	107	107	108	99	106	100	106	103	102	102	99	100	103	103	98	92	91	92	85	83	74	74	74	71	68	69	71	64	76	73	73	86	84	85	97	103	103	101	96	89	81	88	86	88	90	95	94	86	86	90	72	65	70	63	62	72	62	65	67	47	53	58	51	38	50	55	59	69	47	22	48	36	42	36	26	16	7	14	20	18	28	32	12	9	16	13	13	13	10	20	25	22	30	20	36	11	18	30	41	30	18	34	52	43	29	34	42	35	36	46	41	51	59	61	50	47	61	60	60	45	40	74	72	52	58	52	50	51	32	47	58	51	47	56	57	51	31	35	37	40	61	37	30	40	30	20	11	8	13	16	37	14	33	49	26	21	23	29	32	41	53	53	39	58	82	53	56	50	68	77	62	104	77	81	66	67	71	66	66	76	73	54	69	70	78	91	83	84	69	87	108	111	76	39	59	73	86	90	67	75	88	142	103	103	103	106	102	103	101	100	75	65	61	66	75	86	81	61	69	73	59	50	49	54	69	68	78	73	55	47	55	58	53	48	74	86	91	110	131	103	109	109	107	105	104	103	103	106	106	106	106	107	107	107	98	141	130	104	107	106	106	106	104	105	106	106	108	106	105	106	109	101	122	137	101	108	108	105	105	104	105	105	104	104	112	112	105	105	94	148	111	102	104	104	103	104	106	103	100	101	103	101	101	103	92	145	103	100	100	100	101	103	104	103	102	103	102	101	103	96	134	107	98	99	98	98	100	103	100	92	92	100	110	105	122	111	99	100	105	106	101	103	109	107	108	109	109	112	120	110	114	113	110	113	111	111	114	114	113	115	120	116	115	116	119	112	116	118	119	115	108	107	108	112	119	117	118	115	120	118	117	121	116	116	119	121	121	118	121	118	117	116	120	123	122	117	117	121	131	93	69	59	121	132	70	56	88	64	75	55	33	61	107	120	120	117	118	121	120	121	119	122	119	114	112	112	114	120	125	95	53	50	76	124	116	118	114	117	120	122	120	112	111	117	116	116	116	120	118	121	118	117	122	121	118	114	116	118	113	116	116	116	116	119	121	116	116	119	119	119	116	113	112	114	116	111	115	118	115	116	118	118	117	118	118	117	121	122	124	118	117	116	113	113	119	118	113	116	116	122	122	122	116	121	116	119	116	112	116	117	111	111	114	111	114	114	114	114	114	114	114	108	111	109	110	113	116	117	114	114	117	113	113	115	117	114	114	120	120	122	116	119	120	120	113
196	196	197	197	197	194	191	191	196	200	200	200	202	202	200	199	199	199	197	197	197	196	196	194	194	194	196	196	196	196	196	196	199	199	197	196	196	193	194	189	178	169	167	166	167	169	172	170	125	82	75	68	55	48	68	135	147	145	128	120	104	95	79	58	101	159	164	164	164	165	167	168	175	175	161	155	148	130	118	91	116	162	160	154	152	149	146	144	139	139	136	135	131	129	134	173	170	166	158	153	146	136	110	98	106	104	101	98	74	44	41	20	22	12	11	21	13	19	11	15	8	10	19	23	25	27	13	23	30	22	32	37	40	43	48	48	48	54	45	49	63	67	67	69	160	159	65	60	54	56	42	35	44	149	157	56	35	34	43	46	35	51	51	143	188	81	42	37	52	36	39	44	45	45	42	49	58	68	78	88	87	100	105	111	105	107	110	107	116	116	118	120	121	123	123	127	127	124	123	126	122	124	128	128	126	126	126	126	124	127	126	124	121	124	124	121	117	122	125	122	122	128	127	126	122	124	127	122	126	125	123	125	121	126	125	123	121	118	119	119	117	115	115	116	118	123	122	120	121	121	115	112	121	121	122	118	117	115	115	117	114	118	116	117	113	120	114	115	110	118	119	115	109	101	97	93	99	105	99	93	82	75	80	83	81	69	66	65	61	64	63	56	53	63	60	48	51	53	44	53	53	56	53	69	71	68	61	60	68	62	51	62	68	55	61	58	57	66	66	73	65	64	67	68	70	69	65	67	68	74	71	59	58	55	57	76	84	80	69	68	66	72	71	61	57	66	53	53	61	51	42	36	28	25	20	27	27	34	47	41	44	46	47	55	47	58	62	68	70	73	69	75	78	84	90	84	119	83	89	94	83	95	86	83	88	83	51	69	70	78	103	106	101	97	100	99	96	92	68	75	80	70	78	63	80	99	123	98	99	100	103	98	99	90	90	72	53	46	66	62	67	68	57	53	45	40	26	36	59	52	61	76	76	74	57	36	42	43	59	64	90	90	90	121	105	105	105	105	105	101	105	104	107	107	107	107	103	101	101	94	136	127	100	100	102	104	106	107	105	104	107	109	105	107	110	113	104	128	131	104	111	107	105	111	107	109	112	108	113	107	104	107	107	101	136	112	109	110	110	109	109	113	113	111	112	113	115	114	110	107	133	117	119	123	122	118	118	118	118	119	119	117	116	119	114	118	114	114	116	112	110	111	115	117	116	113	109	115	115	115	113	108	109	115	115	109	109	111	112	113	115	116	117	115	117	113	120	118	120	120	118	117	119	119	125	123	120	120	117	117	119	119	119	120	120	117	115	117	119	123	121	122	121	118	121	120	118	117	117	116	117	121	121	120	123	115	117	120	120	119	116	116	125	134	79	55	59	122	131	71	67	83	66	69	49	32	53	109	119	125	121	126	121	120	123	119	127	122	124	127	127	122	127	130	92	50	46	81	129	122	124	126	126	123	119	120	127	124	116	119	122	122	128	126	127	125	132	134	127	124	124	132	130	133	134	131	128	130	127	128	125	127	127	121	127	121	124	124	122	121	116	119	116	123	127	120	124	124	118	119	112	114	115	115	115	114	117	118	118	118	115	110	113	117	117	115	117	114	116	115	119	119	116	115	115	116	117	112	109	110	115	117	116	115	115	115	118	118	115	118	122	121	116	115	115	113	111	116	119	116	116	115	113	112	117	120	125	117	119	116
203	203	203	202	203	199	197	197	196	196	197	197	200	202	203	203	203	202	202	202	202	202	200	200	199	197	196	194	193	191	191	190	188	187	185	185	184	185	182	187	184	184	184	186	186	184	182	178	168	161	157	153	154	154	154	152	154	125	84	75	72	59	49	51	99	113	121	120	122	125	128	131	136	112	95	85	81	72	57	55	110	137	145	145	147	150	152	152	155	153	153	152	153	150	154	166	155	155	152	145	134	120	90	109	137	132	129	128	116	70	26	9	9	18	21	20	21	21	19	43	37	48	66	75	82	91	87	97	96	89	91	98	102	108	104	110	117	107	92	94	102	99	107	115	166	158	106	110	116	115	103	103	106	154	151	103	95	100	104	101	101	109	112	159	183	132	119	121	118	107	117	117	116	117	116	116	121	114	109	108	115	118	123	122	125	126	125	124	126	123	123	126	126	129	126	123	117	111	116	118	119	125	127	121	119	125	124	122	123	118	118	114	109	118	124	123	121	123	121	118	121	116	118	121	124	117	120	123	123	121	124	129	127	127	126	125	125	127	127	123	127	128	128	125	124	127	127	121	126	126	123	123	123	129	125	127	129	128	131	130	129	129	128	127	133	136	132	133	130	128	133	132	124	126	126	130	130	131	127	132	141	134	132	131	134	131	130	132	131	131	135	132	129	129	127	124	122	130	130	125	131	130	123	128	122	124	127	127	128	124	131	124	127	131	128	125	124	122	126	122	116	113	113	107	116	112	106	107	106	103	105	104	103	101	101	104	111	103	103	105	106	116	111	112	108	98	102	103	102	104	96	87	93	90	86	87	88	88	93	89	88	90	93	93	100	100	97	97	88	89	90	103	97	92	92	91	121	94	84	105	96	103	91	79	94	103	58	75	69	81	113	116	116	121	116	76	92	127	116	110	106	106	106	110	118	114	113	110	119	116	116	110	109	111	113	106	101	103	106	104	101	97	106	102	93	93	92	103	104	102	107	110	110	105	103	103	103	106	114	109	112	112	116	124	118	114	112	115	118	115	114	118	118	118	118	118	113	114	116	111	120	124	117	119	115	115	117	120	120	117	118	121	121	124	124	124	119	123	120	120	118	119	117	124	121	121	127	124	120	123	121	118	117	117	120	118	120	119	118	120	120	124	124	120	120	123	123	119	120	122	121	127	124	122	119	119	117	116	116	115	117	119	118	118	112	113	119	114	111	117	121	122	118	115	119	121	120	115	121	118	119	119	115	119	119	119	117	118	123	125	122	122	127	127	125	125	123	118	123	127	128	127	126	128	131	121	120	122	121	124	127	126	122	121	120	118	122	122	127	125	125	124	128	127	124	124	122	127	128	125	124	127	129	132	135	129	128	128	128	126	123	123	135	141	67	35	58	125	128	66	64	91	81	80	63	45	55	120	122	124	126	131	128	130	126	125	131	132	133	134	135	132	130	133	89	50	50	87	136	136	137	140	133	130	129	124	135	130	126	126	129	133	137	134	136	135	131	133	130	132	130	135	138	137	132	141	137	134	138	138	135	136	140	137	135	128	135	133	130	130	138	138	138	140	132	129	128	132	134	130	130	125	125	129	133	127	128	129	129	126	127	125	128	128	128	124	131	134	125	126	129	127	125	120	119	125	123	113	113	116	118	118	120	120	121	119	119	117	121	126	127	122	117	121	121	116	113	116	116	113	114	117	114	116	119	113	115	115	110	110
196	196	196	196	196	196	196	194	194	194	196	196	193	193	193	194	201	202	202	200	199	196	194	193	193	192	190	187	186	185	184	184	182	181	181	178	173	172	172	172	170	170	169	167	167	168	166	167	168	171	169	168	169	169	168	165	163	161	154	149	146	143	143	145	141	141	143	145	146	144	143	143	135	105	92	90	87	83	77	88	108	105	114	117	114	118	123	123	117	122	124	125	123	122	123	100	72	74	69	61	55	41	57	116	142	168	171	165	153	92	36	28	23	54	78	66	71	86	92	95	98	111	112	110	117	122	118	108	115	125	121	112	114	106	105	106	108	107	112	113	108	110	113	115	154	140	101	109	106	100	104	106	108	151	143	108	111	106	104	112	117	123	133	160	178	136	115	118	117	118	124	120	122	117	117	119	124	121	124	123	130	130	124	125	125	130	128	128	125	124	123	125	123	127	127	136	132	129	131	125	126	130	126	124	124	124	128	123	118	114	116	119	118	115	114	117	120	121	119	121	121	120	126	130	128	128	128	124	127	131	132	130	130	124	127	129	129	134	124	127	129	126	129	131	132	128	130	129	131	127	125	123	130	127	131	133	128	120	129	138	135	129	129	132	131	126	125	126	127	129	131	130	130	137	131	137	134	135	132	135	138	132	132	134	131	134	136	135	129	126	131	134	130	137	132	132	131	134	137	137	134	135	129	138	136	133	134	129	136	132	133	133	135	132	135	135	133	137	133	133	135	133	131	138	136	133	135	137	137	134	134	133	131	128	130	125	123	119	125	129	126	132	127	124	122	120	124	118	116	121	117	114	119	118	116	120	120	114	112	117	114	113	116	108	112	112	112	112	110	113	109	111	111	110	113	108	139	121	106	117	105	107	108	108	109	98	41	68	64	78	111	101	107	113	121	101	121	132	119	116	110	109	109	110	114	111	115	112	115	113	113	111	112	118	117	116	118	124	116	117	116	117	122	120	120	119	118	121	123	121	117	117	114	116	123	127	124	127	123	121	120	119	125	119	118	118	118	118	123	122	117	124	123	119	120	123	123	125	126	128	120	124	131	125	125	127	122	127	127	127	128	127	128	130	133	127	126	131	126	128	128	129	130	133	131	131	132	128	127	128	128	130	127	127	124	130	128	125	128	126	129	127	127	124	122	124	124	123	128	124	126	126	122	127	128	123	119	125	128	131	129	133	135	128	124	126	129	129	128	132	132	130	128	128	127	122	131	134	137	131	133	136	130	131	131	126	127	133	133	136	136	136	138	136	134	130	126	129	128	129	133	131	131	134	132	127	129	129	131	135	134	136	134	134	132	131	133	131	136	136	130	129	128	133	139	139	136	133	132	132	132	133	131	134	140	137	135	135	133	135	133	131	141	144	70	29	58	125	134	59	51	92	82	86	68	46	57	123	133	133	136	136	133	133	127	133	137	137	135	134	134	138	138	140	95	54	49	80	128	132	138	137	128	129	127	128	126	130	134	134	137	140	135	129	132	136	133	136	136	137	135	131	143	137	133	130	133	133	133	133	131	136	140	143	140	137	137	138	143	146	147	144	149	146	140	143	140	137	141	139	142	141	144	144	141	135	132	138	139	135	137	131	128	125	125	127	129	128	124	125	128	128	129	123	123	129	130	127	134	133	131	130	127	127	124	122	121	118	126	122	124	130	129	129	130	129	128	132	132	129	127	130	126	127	129	123	126	120	118	120
196	196	194	194	194	194	194	194	191	191	191	191	190	188	185	184	184	185	186	187	184	182	179	178	175	173	172	172	172	172	172	169	167	167	169	169	169	167	167	167	166	165	165	165	164	162	161	158	160	159	158	157	156	155	153	152	153	153	153	154	155	155	155	154	152	152	150	150	150	147	146	146	148	147	144	144	145	145	144	143	143	143	141	141	141	140	140	140	138	138	135	131	128	126	129	119	113	114	105	95	91	85	94	107	147	200	195	198	196	190	181	171	155	155	157	141	140	129	133	139	128	127	123	118	127	125	118	120	123	127	122	127	132	121	121	125	124	120	123	132	115	109	123	129	136	138	122	124	123	126	130	133	134	143	129	122	123	120	120	119	119	125	135	162	173	132	121	123	127	129	126	129	134	136	140	145	143	139	137	129	126	125	125	126	125	128	129	125	125	128	126	127	128	133	130	139	133	134	133	128	128	137	134	128	125	125	128	128	129	132	132	136	136	132	128	127	127	122	127	127	130	127	129	130	126	129	134	134	130	133	130	121	120	125	129	126	126	132	129	133	129	123	124	124	127	127	127	127	127	127	130	131	129	128	129	127	123	133	138	133	131	134	134	131	135	134	131	125	125	129	137	136	136	134	139	137	134	133	132	138	134	134	135	137	135	138	141	142	144	141	138	139	136	141	136	136	134	131	132	131	131	133	131	132	137	138	135	134	131	134	136	127	132	126	129	129	125	127	124	124	127	123	124	131	134	135	134	136	136	138	139	139	143	140	138	135	137	137	139	138	140	139	137	134	133	137	134	130	131	137	140	141	137	138	140	135	138	137	133	134	134	134	139	134	128	131	127	132	131	134	135	132	130	128	126	123	151	144	132	135	122	124	120	127	129	128	75	65	52	90	129	123	124	129	131	118	132	136	127	121	123	118	120	123	123	118	122	118	115	116	118	122	125	128	125	124	122	123	123	124	124	125	124	122	121	124	123	124	122	116	116	121	122	119	123	126	126	127	121	127	131	124	124	131	126	126	126	125	123	125	123	124	124	123	126	130	127	129	126	126	123	128	131	132	126	126	126	123	126	129	129	124	126	127	131	131	130	130	129	130	128	127	128	128	127	129	127	124	124	127	124	124	126	126	124	125	124	122	123	120	121	117	121	124	118	116	117	121	123	123	117	119	120	123	123	123	130	130	127	127	130	130	133	133	131	137	134	135	128	133	130	131	134	130	137	133	133	136	134	129	128	129	126	128	135	133	135	138	129	128	126	128	127	122	127	132	128	135	135	138	140	137	136	136	134	133	133	133	135	137	139	140	133	132	133	136	139	133	134	133	131	134	136	135	138	138	137	137	132	133	135	138	140	138	139	138	135	135	133	136	131	120	123	135	75	48	62	127	135	70	64	93	89	90	56	39	65	125	137	137	140	137	140	137	137	137	137	134	139	136	141	142	139	145	99	49	51	83	136	138	137	140	137	137	139	137	137	132	135	138	139	139	137	132	129	123	128	132	130	127	134	130	137	132	128	126	126	122	127	129	132	134	133	136	132	132	133	134	137	140	139	142	133	132	131	127	127	131	122	122	121	129	125	122	127	125	122	131	122	124	128	122	118	118	122	123	120	122	127	135	133	127	128	124	125	134	138	129	132	131	133	136	133	131	124	130	131	128	134	130	130	134	130	130	132	132	126	133	138	137	137	136	130	132	137	130	131	132	128	128
198	197	194	194	191	191	191	191	191	191	190	188	188	187	185	185	181	178	175	176	176	176	175	173	172	172	172	172	172	172	169	166	166	164	163	163	161	160	160	161	160	160	160	159	157	157	156	156	159	157	155	154	155	154	152	151	154	155	155	155	158	159	158	156	155	155	152	152	152	152	152	151	151	152	152	152	150	148	146	143	143	146	147	149	149	149	149	149	150	147	146	149	149	146	149	147	144	143	138	135	129	136	154	168	187	194	192	193	192	190	188	189	197	195	196	196	194	192	192	183	172	159	148	133	131	125	115	107	111	111	114	118	116	114	122	128	127	130	124	130	133	135	136	138	137	130	130	138	145	139	135	135	131	128	122	132	132	129	129	132	133	137	139	148	161	141	143	135	138	143	143	145	140	136	129	125	123	126	126	119	126	126	129	129	125	122	119	118	121	123	121	126	133	133	132	138	137	136	133	132	134	134	131	128	131	133	134	137	137	137	139	138	133	133	135	133	135	129	129	137	133	125	129	124	125	128	125	128	117	117	123	129	136	140	132	130	130	126	127	124	123	129	135	138	138	140	140	140	138	135	131	130	135	133	130	132	134	136	133	137	135	134	135	134	139	142	145	142	142	142	139	136	131	131	132	126	127	132	133	136	141	141	139	139	137	140	143	144	139	141	142	140	140	140	142	142	140	137	140	137	138	138	140	143	140	138	137	135	137	135	137	134	138	137	140	139	143	135	135	134	134	129	128	131	132	131	129	127	129	134	135	132	136	140	131	132	138	133	138	138	136	135	138	137	136	138	135	132	137	133	131	134	137	135	146	137	136	138	143	141	141	140	141	142	140	143	137	139	143	147	150	141	143	143	140	139	164	147	146	140	130	126	114	93	94	138	118	73	80	87	106	109	104	122	130	120	124	145	147	141	139	137	134	136	135	134	137	136	135	135	137	137	138	136	136	137	135	135	132	132	133	135	135	132	130	132	130	133	136	130	129	135	136	129	128	127	129	132	131	133	131	139	136	127	126	130	127	122	126	126	126	126	126	127	129	128	121	123	120	119	125	123	122	120	123	126	126	123	124	124	126	120	117	129	127	127	127	127	127	127	123	125	126	126	129	128	127	127	128	132	130	126	126	126	129	129	120	118	116	116	117	116	117	120	126	124	123	125	126	126	117	120	120	121	117	123	126	126	120	120	124	126	126	126	126	131	128	128	126	133	133	133	136	136	139	136	133	136	136	135	128	128	127	130	136	136	136	136	140	135	134	140	139	133	136	140	144	141	141	144	145	146	145	143	138	143	144	141	138	140	140	139	135	132	132	135	135	135	135	132	135	135	134	133	132	135	129	127	127	127	129	132	132	131	131	132	134	133	135	137	131	136	138	137	71	68	62	126	125	71	69	84	80	71	35	37	67	130	144	137	138	133	139	142	141	137	137	142	141	137	135	136	141	143	90	51	49	80	133	137	132	131	128	126	132	133	133	135	139	139	143	142	139	139	139	133	136	136	136	135	138	139	136	136	129	129	128	127	129	123	131	124	126	130	129	130	131	130	130	133	135	135	138	141	136	137	137	135	129	129	129	133	132	134	143	131	134	133	127	127	133	131	131	133	137	137	137	135	138	142	138	135	132	130	131	134	128	131	134	128	144	153	153	148	148	145	144	144	146	149	149	145	140	136	134	137	132	132	132	132	124	120	118	120	121	114	110	117	121	112
191	191	191	191	191	190	188	185	188	188	188	185	182	182	182	181	182	181	178	175	170	169	169	167	169	170	172	172	170	172	169	167	169	167	166	164	165	163	164	166	163	162	161	161	162	163	164	165	166	165	163	163	164	165	164	164	163	163	165	165	164	164	165	165	164	164	164	162	162	164	164	162	161	161	160	156	156	155	153	151	152	152	152	152	150	152	152	152	149	149	152	155	152	153	155	155	156	155	155	156	158	158	158	160	164	164	174	174	179	177	180	188	189	186	182	186	180	181	187	189	192	195	197	198	198	191	188	184	172	162	159	148	135	134	133	122	120	129	129	130	129	123	126	128	118	118	119	122	127	133	133	125	129	140	138	135	138	138	141	146	150	154	152	148	158	148	146	142	135	129	125	129	124	124	125	125	131	131	131	128	123	120	120	120	116	121	127	131	127	119	115	124	126	124	129	139	142	135	142	141	141	135	135	135	136	136	138	138	137	132	135	137	139	138	135	135	138	141	138	141	141	141	144	144	146	142	139	138	136	136	139	142	141	138	141	144	145	146	144	142	144	144	142	147	148	147	144	144	142	145	146	146	146	145	141	147	139	136	137	140	140	140	140	141	144	144	147	144	141	147	144	145	142	143	146	139	138	145	146	145	146	145	143	143	143	146	146	147	146	146	145	143	146	143	147	146	143	143	147	146	144	140	143	147	141	140	139	139	143	140	144	146	140	144	150	147	150	146	150	152	149	146	147	149	144	142	142	138	141	141	141	141	140	142	143	140	138	136	134	140	140	136	140	138	144	141	144	144	144	144	141	140	146	143	144	141	140	140	139	141	147	150	146	147	140	134	139	138	143	149	122	114	102	95	94	98	129	116	111	86	59	61	78	69	62	69	75	74	92	85	77	75	75	90	113	130	119	119	122	147	140	142	144	146	145	145	144	141	143	143	140	139	138	138	139	136	138	138	137	135	135	135	132	129	133	133	129	130	136	132	136	142	139	133	133	132	137	142	142	139	141	141	139	138	135	136	133	130	131	126	128	131	134	134	133	133	131	126	117	116	124	129	133	130	132	132	132	132	125	124	130	124	120	126	128	126	126	129	132	129	128	131	129	126	127	130	133	132	131	132	134	131	129	129	135	135	134	134	129	130	135	135	131	132	130	130	135	137	138	143	141	142	135	133	137	137	139	140	137	139	135	138	137	135	138	139	133	131	133	136	135	137	135	138	138	135	134	134	136	134	140	138	135	140	142	142	140	134	130	138	141	136	132	133	138	135	140	138	141	140	134	134	133	131	132	133	138	141	136	138	137	134	131	131	135	139	137	137	131	128	134	127	119	119	116	125	122	122	126	124	124	124	126	127	124	130	128	125	129	129	129	129	138	133	71	69	65	134	120	69	81	99	76	76	39	36	58	116	135	135	135	126	130	135	134	131	131	135	132	131	125	128	138	137	91	50	53	89	136	130	134	134	134	131	129	132	127	135	135	129	137	135	140	140	134	136	139	131	129	134	133	138	138	138	136	135	129	132	135	129	132	132	133	140	140	140	139	136	135	137	140	131	134	137	142	136	134	137	135	141	138	138	138	133	135	133	136	133	136	136	137	137	135	136	137	134	134	131	133	136	134	136	126	125	125	125	121	124	130	134	134	135	138	133	126	129	134	138	134	130	130	136	133	130	131	137	136	137	140	141	138	136	134	129	130	118	117	119	121	116
188	189	189	187	188	187	186	184	185	184	183	184	184	183	182	181	181	181	181	179	178	175	175	175	171	171	171	171	171	171	171	171	174	174	176	176	174	171	171	171	171	170	169	169	165	164	164	164	164	164	162	161	164	164	164	167	164	161	161	161	161	161	161	162	159	159	161	161	162	164	164	163	164	164	163	159	155	154	155	157	153	153	154	155	156	156	158	156	155	156	156	155	153	156	156	156	156	156	159	159	160	160	158	157	157	160	161	157	158	159	161	161	163	169	173	180	182	183	189	193	190	190	187	187	185	182	188	189	194	197	193	202	205	199	189	176	169	171	170	159	143	132	119	119	123	121	115	114	124	125	125	131	133	143	146	139	148	155	155	149	148	141	140	138	137	142	132	119	118	125	129	129	128	127	127	128	129	128	129	131	131	128	125	125	126	125	125	125	116	120	120	131	139	139	141	147	142	138	144	145	137	126	136	136	134	130	130	132	137	136	137	139	140	141	141	145	145	138	144	145	146	146	146	149	149	137	140	145	152	149	148	154	156	151	152	155	160	166	157	151	153	153	150	150	147	147	150	150	153	154	153	150	149	147	143	149	152	151	154	155	157	159	159	158	159	159	157	152	154	154	150	147	147	141	150	147	153	149	151	151	151	150	153	151	150	147	150	149	144	143	146	146	149	146	149	146	144	144	151	153	150	149	150	146	148	149	151	150	150	150	148	150	146	150	150	146	150	153	154	152	150	149	149	153	155	156	159	152	155	154	150	147	150	154	152	144	143	146	141	145	144	139	138	136	131	127	134	134	135	135	135	130	136	134	132	133	136	134	130	125	123	130	128	118	123	114	123	116	152	152	99	84	73	76	59	53	86	88	100	104	92	77	83	66	65	43	47	69	101	83	63	83	95	63	77	85	93	92	101	124	112	143	148	145	148	147	149	144	145	151	148	148	150	147	151	147	139	142	138	138	139	141	145	143	138	140	137	137	141	139	139	138	139	139	139	139	141	140	138	138	137	137	136	137	140	140	143	143	139	131	136	140	137	135	134	137	131	122	121	127	134	139	139	138	134	129	129	123	126	124	132	132	133	127	137	137	135	132	135	133	132	136	136	130	136	144	146	144	140	140	136	140	145	147	144	143	144	144	145	142	142	146	142	142	145	142	142	142	149	148	147	144	136	133	139	136	141	143	137	137	141	135	141	144	136	138	136	133	133	139	136	136	139	136	136	139	137	139	138	138	139	137	136	135	132	133	133	133	127	124	127	130	130	129	126	125	130	130	134	134	130	126	126	125	127	127	126	129	130	135	136	132	133	134	134	134	136	137	134	137	138	139	134	129	132	134	131	138	137	131	131	133	131	131	131	132	127	125	129	128	132	130	138	132	80	64	68	140	128	72	86	105	73	89	54	52	86	129	137	138	144	139	134	138	138	138	142	145	141	140	145	141	138	134	114	79	67	84	143	152	147	139	143	144	144	141	147	144	144	141	138	137	140	141	137	138	141	137	137	140	138	140	143	143	135	141	134	138	132	129	138	135	129	136	139	139	138	137	137	133	131	134	135	135	132	133	134	134	137	143	143	140	134	139	136	134	139	143	142	142	142	139	139	138	134	131	134	141	137	141	141	145	137	138	142	141	137	137	137	140	142	137	135	129	126	135	138	138	135	137	138	137	136	139	140	139	138	140	140	141	140	141	139	139	140	135	144	147	146	144
184	185	185	184	184	184	186	187	187	183	182	183	181	182	183	184	182	182	181	178	178	176	178	179	177	176	174	172	172	170	168	167	165	165	166	166	166	166	165	164	164	165	165	165	165	165	165	167	162	162	161	161	159	158	159	161	161	159	158	159	159	159	159	159	159	159	157	156	158	159	160	161	162	162	161	162	160	157	157	158	156	154	154	154	156	156	157	157	157	157	157	157	157	158	158	157	158	160	160	159	160	158	157	157	157	155	154	153	155	158	158	157	157	158	159	160	159	160	164	168	173	180	188	191	192	190	184	182	178	182	178	184	189	191	195	198	200	200	205	205	203	197	187	181	179	171	155	136	132	142	143	150	149	139	137	136	134	133	133	129	129	135	137	136	134	131	127	123	129	128	135	139	133	131	131	133	133	126	133	133	120	126	119	119	123	128	132	132	139	143	140	135	134	131	131	129	129	131	129	137	129	126	144	146	135	135	138	141	144	144	141	142	140	141	138	131	138	127	133	140	143	144	150	153	146	148	154	158	159	154	156	156	154	151	149	146	148	151	150	147	155	155	152	155	153	151	157	156	147	153	154	158	160	160	156	160	160	155	162	160	157	159	159	159	156	160	164	163	168	168	165	159	164	165	167	168	180	178	164	164	157	157	160	163	159	153	153	153	153	153	153	154	156	159	162	153	151	155	152	152	147	149	152	149	150	148	150	150	152	154	152	152	154	157	153	149	152	150	154	154	156	158	156	158	155	156	159	157	160	150	153	148	150	155	153	149	147	146	145	143	145	152	148	144	143	145	139	137	140	137	139	140	137	137	140	134	141	133	135	131	133	127	120	108	113	126	133	118	108	105	109	92	84	96	91	77	82	106	89	91	94	101	97	73	82	60	62	69	103	100	73	76	89	84	66	71	74	81	98	104	87	105	139	114	103	122	134	131	134	146	148	145	148	149	157	158	154	149	142	147	150	151	154	145	140	144	141	138	129	135	141	139	140	146	149	149	149	147	147	149	146	143	140	138	138	135	137	134	132	133	134	129	134	141	137	133	136	131	129	136	138	132	141	141	130	126	117	108	117	120	125	131	140	138	144	146	142	141	146	149	145	141	142	145	154	153	150	151	152	150	146	149	156	152	146	148	150	148	150	147	143	148	145	140	136	139	145	148	145	139	139	142	140	136	138	139	133	132	126	122	130	128	133	134	133	130	131	133	136	137	134	134	137	137	133	134	132	135	131	131	129	129	132	128	128	128	128	131	128	128	131	126	128	132	130	130	137	133	130	127	125	125	130	129	129	129	126	127	130	132	130	130	131	129	126	128	137	137	134	131	127	132	131	134	135	136	132	131	133	133	135	133	137	131	128	129	133	132	135	135	130	130	135	130	73	54	64	130	127	73	88	106	71	78	45	61	96	133	141	134	138	144	141	141	139	132	136	137	137	138	133	130	131	121	106	94	62	81	147	140	134	140	140	138	141	137	141	141	140	143	137	140	137	137	135	137	147	138	138	137	134	135	136	133	134	140	133	137	130	130	136	137	132	135	136	136	135	133	139	136	133	133	136	132	131	129	132	135	141	138	142	145	146	150	144	150	148	148	147	135	138	138	135	138	136	136	136	139	133	134	137	144	137	138	136	138	138	133	135	134	142	143	139	141	145	146	146	145	148	151	145	136	137	140	145	144	141	142	139	134	139	140	142	145	145	141	137	146	142	146
184	185	187	188	190	190	188	190	191	190	187	187	187	184	181	179	180	179	178	175	175	175	175	178	174	175	173	171	170	170	171	171	169	166	162	159	162	164	166	167	163	162	161	160	159	159	159	161	161	161	161	161	161	161	161	161	161	161	161	161	161	161	161	161	162	162	156	153	155	156	157	158	159	158	157	159	160	159	158	158	158	160	158	158	158	155	154	157	158	160	160	160	161	160	160	161	161	161	160	160	161	163	160	160	160	160	160	160	156	156	158	158	160	160	160	160	161	160	160	161	163	163	163	161	166	172	173	180	185	189	197	198	198	191	192	197	194	188	185	188	186	192	182	189	201	205	208	206	200	203	200	194	181	166	156	148	147	140	139	140	138	140	140	150	139	134	141	141	139	134	134	139	140	143	143	140	139	136	134	136	126	135	132	132	142	145	144	142	145	140	136	134	128	125	125	128	137	141	138	132	127	133	133	133	128	123	123	129	139	141	132	126	126	132	133	132	138	144	138	140	141	144	146	138	136	145	142	142	145	139	145	148	143	137	141	140	137	136	144	141	144	151	148	144	147	146	146	151	153	157	153	152	153	153	153	155	157	156	160	164	162	162	156	153	154	164	168	167	176	176	180	187	183	187	181	178	176	176	164	159	162	165	164	171	151	153	154	155	153	157	156	164	159	156	157	155	152	146	150	153	151	156	156	153	156	148	147	153	155	156	153	159	166	165	160	154	156	155	158	159	171	171	170	168	159	162	157	151	151	148	151	155	145	148	147	157	150	146	142	140	141	143	141	143	147	147	146	153	149	152	151	146	146	145	144	141	148	143	144	144	148	142	147	148	147	145	145	138	142	144	146	139	134	137	137	134	133	142	147	130	120	123	129	129	130	123	121	120	125	125	111	114	112	113	116	125	118	121	121	114	112	117	128	122	125	132	125	124	134	129	135	136	136	141	135	133	135	143	144	147	150	145	151	154	150	150	146	146	142	146	149	149	149	150	150	149	146	146	146	144	148	144	142	143	141	140	138	137	138	136	137	138	143	148	145	142	145	146	141	145	146	143	145	145	142	142	142	145	148	152	148	149	149	149	146	155	155	155	155	156	152	145	144	149	150	153	154	154	155	153	158	156	155	151	153	150	147	147	145	150	145	151	148	148	147	148	150	151	148	153	153	147	145	139	136	136	133	134	130	132	136	138	132	134	136	137	135	134	137	136	133	133	134	135	140	140	135	135	132	133	132	132	132	129	133	136	137	137	137	134	132	134	134	137	137	133	130	130	130	128	126	123	127	128	127	124	121	121	127	123	123	124	123	123	123	126	127	131	133	130	123	121	114	117	117	124	130	131	133	130	133	134	136	134	134	136	138	136	139	135	130	129	140	124	64	47	66	137	133	74	83	85	74	80	41	62	95	131	144	136	138	136	141	150	145	139	139	139	140	144	141	148	146	142	105	78	74	91	147	144	143	146	143	149	150	147	150	149	148	149	145	145	146	141	143	137	140	134	131	137	134	138	140	137	135	138	138	147	144	137	138	138	138	144	142	139	139	133	139	139	139	136	142	145	135	141	144	142	144	146	149	139	138	146	144	143	146	140	140	136	141	138	138	144	143	143	143	143	136	130	130	138	134	141	137	144	136	135	139	123	132	138	135	138	135	141	137	138	137	135	135	135	139	136	135	138	137	146	140	134	134	131	133	132	131	133	131	132	128	140
182	182	184	185	185	184	184	182	182	181	181	182	184	182	184	184	182	182	181	178	178	175	175	175	174	175	175	173	175	175	172	170	168	167	166	165	163	162	162	162	164	163	163	163	164	164	164	164	164	164	164	164	167	167	167	164	162	162	162	161	161	161	161	161	162	159	156	156	156	157	159	161	159	159	159	159	159	159	159	157	160	160	160	161	160	161	160	160	159	160	160	160	163	160	160	163	163	161	161	163	163	163	163	163	160	160	163	163	162	161	161	162	164	164	163	163	163	161	161	163	163	163	165	166	165	164	165	163	163	163	164	169	170	170	176	187	191	194	194	199	203	199	175	177	188	186	182	179	184	191	199	204	210	209	214	211	209	202	198	191	182	181	168	154	143	139	150	136	115	124	130	138	138	141	141	141	138	140	134	139	133	135	140	131	138	142	139	134	135	130	125	127	124	124	135	132	129	119	125	116	105	114	114	114	120	117	116	117	123	123	114	114	113	110	122	131	136	149	153	147	143	137	138	143	144	143	144	145	151	160	153	144	151	153	147	148	149	145	139	134	147	147	141	144	145	142	144	140	143	145	140	144	149	146	148	146	152	158	150	151	152	155	156	152	154	161	164	163	160	171	169	163	164	167	170	167	153	151	160	159	165	165	162	159	151	157	164	161	159	155	153	154	149	143	151	158	153	150	150	158	162	164	160	162	165	161	154	152	153	150	147	151	157	153	154	152	156	158	166	170	169	161	162	163	159	152	147	138	146	146	152	180	164	159	148	145	139	141	140	135	141	138	134	138	138	142	136	135	142	136	139	123	131	134	139	142	140	139	143	146	154	148	151	150	155	146	143	146	143	147	151	153	141	146	146	143	144	145	137	146	149	150	148	150	140	141	149	152	151	147	142	136	138	139	143	143	143	139	144	138	135	132	137	138	139	139	138	141	145	143	140	137	138	141	137	140	144	145	143	141	143	139	145	148	149	147	144	149	150	150	147	150	150	150	149	149	146	147	146	142	146	148	150	152	153	153	147	146	146	152	149	149	154	154	151	157	153	154	155	152	157	156	153	150	147	148	151	151	154	151	148	148	149	152	153	156	156	158	156	156	159	163	159	156	153	158	156	152	154	145	142	143	155	156	148	144	146	143	146	146	150	150	146	148	147	144	141	137	137	140	140	137	133	139	139	139	137	142	138	139	139	141	137	135	134	138	134	125	136	136	139	136	134	137	134	134	142	142	136	138	140	138	140	135	137	139	134	128	135	131	128	134	134	134	137	133	135	137	132	132	136	131	135	138	139	135	140	142	143	140	137	139	138	138	137	134	134	132	128	125	125	130	130	133	128	128	135	135	136	131	133	136	137	144	144	144	139	142	145	142	142	140	151	123	57	51	77	146	141	71	76	70	59	56	38	51	82	141	144	144	141	138	144	148	152	149	149	145	141	142	142	140	142	136	99	72	69	94	151	147	143	144	144	144	148	146	147	148	143	148	149	148	147	144	144	148	142	142	137	140	140	143	144	144	148	148	146	153	149	144	146	141	146	147	141	148	150	148	151	144	150	148	148	145	147	148	145	142	151	152	145	144	149	143	141	147	147	148	149	138	141	142	142	144	143	144	141	142	152	145	144	144	141	143	142	145	141	135	135	132	134	136	138	131	131	133	135	140	139	139	139	139	142	141	139	141	138	141	145	148	144	147	141	142	136	125	130	140	135	136
178	178	178	178	181	184	184	184	181	179	181	184	181	181	181	183	183	183	183	182	180	180	179	179	178	178	179	178	176	175	174	173	174	173	171	169	171	170	168	166	163	163	163	161	164	164	164	165	165	167	164	162	164	164	162	161	161	161	161	159	161	161	161	161	162	162	159	159	158	160	161	162	161	160	160	160	161	162	161	160	159	161	161	161	161	162	162	161	160	160	161	161	161	161	163	163	163	163	164	166	164	164	163	163	166	166	166	164	163	162	162	162	164	163	163	161	162	163	164	166	166	166	166	164	166	165	166	165	165	166	166	166	165	162	162	165	164	167	167	170	179	185	191	192	192	198	200	197	197	195	192	188	184	182	189	192	198	198	200	199	204	206	211	212	211	202	200	186	164	152	148	160	152	150	150	149	148	149	144	141	149	149	155	149	148	151	147	141	144	147	147	138	136	129	133	128	119	120	140	139	128	136	136	125	122	118	122	121	119	122	121	116	113	127	130	130	134	138	138	138	144	145	146	139	144	141	148	141	140	148	140	136	144	146	143	137	136	143	142	146	144	147	145	140	141	141	147	142	136	136	140	149	154	153	153	154	148	146	147	144	155	155	146	143	157	152	149	142	136	144	146	138	138	146	149	148	147	150	155	144	144	152	158	154	158	160	159	158	159	152	151	150	154	158	168	171	160	163	168	170	164	157	152	158	162	164	145	148	158	155	149	145	149	146	143	150	154	147	146	153	151	148	149	149	146	131	123	127	127	127	142	164	166	168	157	130	129	135	136	128	128	132	131	139	138	129	127	129	132	122	121	120	128	136	137	129	135	134	129	131	128	118	145	144	148	142	138	134	135	139	146	144	135	147	148	148	142	139	125	138	148	146	146	146	141	144	142	144	155	150	153	148	146	145	150	153	149	149	151	148	144	143	154	151	151	148	149	148	154	151	154	153	150	149	146	149	140	123	137	150	146	149	148	141	141	144	141	144	149	149	150	154	152	150	150	150	149	144	145	150	145	148	148	148	149	152	151	146	149	148	146	153	153	153	154	153	150	154	158	155	155	156	154	151	153	156	156	153	151	146	153	148	146	150	153	154	150	153	150	150	153	157	154	154	156	156	154	157	158	156	155	156	161	158	154	158	155	149	152	149	148	148	150	151	151	145	144	144	144	141	141	141	138	145	141	139	143	143	140	137	142	146	147	146	143	139	141	142	142	142	145	142	140	145	141	145	149	148	146	146	146	145	146	146	143	141	142	138	143	146	142	142	143	143	146	148	147	149	147	147	145	148	145	145	147	145	146	146	149	150	149	143	142	148	149	148	147	144	141	140	136	139	139	141	141	135	133	133	136	137	140	139	142	142	141	145	142	141	149	141	140	145	162	128	51	46	76	148	137	79	69	66	72	52	50	43	69	135	145	143	144	137	138	144	154	154	151	150	142	142	146	143	142	144	121	98	84	86	137	141	140	134	134	130	133	133	132	135	143	143	145	142	141	130	133	138	143	138	138	134	140	137	140	137	132	133	133	132	135	141	132	135	151	137	128	143	140	143	140	134	138	131	138	144	143	135	140	149	138	147	145	147	146	146	146	149	147	144	146	143	139	149	147	146	149	156	155	150	153	146	143	146	151	146	139	142	136	141	141	138	131	134	146	143	143	135	147	141	147	141	138	140	138	138	137	138	140	136	141	149	153	153	147	150	145	144	139	147	149	144
179	181	181	181	178	178	178	178	181	178	178	180	181	181	181	184	182	181	180	180	181	181	180	181	179	179	179	179	178	176	176	175	175	176	174	172	176	176	174	175	173	172	168	164	162	162	164	167	168	167	165	164	162	161	159	159	158	161	162	161	161	161	161	161	162	163	162	162	161	160	161	161	161	161	161	161	160	160	158	159	162	163	164	165	165	164	165	164	165	166	164	164	163	164	166	163	164	164	166	164	166	166	166	164	163	163	164	163	163	165	165	165	166	164	163	163	167	167	169	169	166	167	169	169	167	167	167	167	170	172	170	170	168	167	169	169	172	170	170	169	167	166	166	168	169	172	178	181	187	192	200	205	179	180	207	197	189	183	179	180	183	186	188	189	193	192	193	200	203	209	211	211	210	210	203	193	187	179	166	162	163	162	158	157	160	157	157	157	153	154	150	146	142	142	142	140	139	134	131	128	135	140	148	143	130	131	133	118	119	128	134	128	133	130	128	122	125	129	135	138	139	135	144	141	136	133	142	141	140	138	136	131	133	133	135	129	139	137	132	137	136	138	139	137	145	139	143	155	154	151	147	138	139	146	149	153	148	145	155	155	154	152	152	152	147	138	141	136	132	139	138	137	137	141	144	149	149	151	147	147	157	159	160	159	154	145	140	151	155	155	152	153	162	167	170	164	153	159	164	162	159	156	156	162	165	165	159	170	168	155	148	141	152	154	145	151	142	142	139	140	142	148	141	138	137	137	136	139	132	137	137	133	137	132	137	142	147	143	141	139	136	136	143	156	149	139	137	139	141	142	135	137	138	137	138	137	141	131	134	125	122	123	142	138	147	141	146	144	144	147	150	151	146	151	155	155	148	147	151	151	150	147	154	153	152	149	146	148	152	150	148	150	152	151	151	153	151	148	152	151	147	145	149	148	145	139	141	153	157	154	161	159	147	150	149	153	152	156	153	150	151	152	148	146	147	142	149	149	148	146	143	139	144	146	150	152	151	145	142	146	142	148	151	146	149	149	150	146	149	148	145	148	153	151	151	151	151	147	150	154	154	156	156	152	154	158	157	160	159	156	156	150	152	149	148	150	157	160	157	160	157	158	161	159	162	164	161	162	164	167	166	162	164	160	160	159	165	160	154	157	156	159	156	159	158	157	152	149	153	156	155	150	150	152	147	149	146	143	146	146	143	146	148	149	147	147	148	150	144	144	144	138	141	144	145	150	149	150	149	145	142	144	144	147	149	147	145	141	142	145	148	145	145	143	143	144	149	149	149	146	144	146	144	148	146	142	145	146	145	146	149	150	148	153	157	157	153	150	150	150	145	148	149	148	148	151	146	140	137	141	150	150	142	137	143	146	144	143	152	149	145	140	152	125	55	43	70	150	139	89	67	77	64	45	54	46	67	136	142	136	140	146	142	146	154	151	147	151	149	145	144	126	114	140	97	63	49	71	121	138	140	137	139	137	135	140	142	140	136	136	132	131	142	134	130	133	128	127	128	130	132	132	138	131	134	129	126	127	132	129	129	131	135	134	133	140	138	129	132	137	137	141	138	139	135	127	128	141	130	141	144	137	140	143	137	137	135	138	137	141	141	144	142	148	147	147	155	147	151	150	144	144	144	144	137	145	138	137	142	140	137	138	140	134	146	145	142	138	137	138	134	141	138	143	137	135	136	137	128	130	140	139	142	149	137	139	132	136	145	145
179	181	181	181	181	181	181	182	181	181	181	181	183	183	184	184	183	182	182	181	182	181	180	181	181	180	180	178	178	178	177	177	178	178	177	174	172	173	174	175	175	174	172	171	170	167	162	161	164	161	164	167	167	167	164	161	164	164	161	162	161	159	159	159	159	162	162	162	161	162	163	163	163	163	164	164	164	163	163	163	163	164	164	165	166	167	166	167	166	166	166	166	166	166	166	166	166	166	164	163	166	166	164	163	163	163	163	163	166	166	166	166	166	166	166	166	164	166	166	166	166	167	169	169	169	169	170	172	170	172	170	167	169	169	170	172	170	170	172	172	173	172	173	173	171	170	170	170	169	168	169	173	160	160	188	191	196	200	199	194	195	198	197	190	185	180	176	173	174	176	178	178	186	189	197	205	210	216	218	214	210	207	201	195	183	178	171	168	163	156	147	141	144	147	151	147	149	154	144	146	153	152	152	145	147	144	147	142	143	138	137	134	134	126	126	123	123	135	138	124	121	126	126	136	131	135	141	141	129	126	139	138	143	150	148	153	143	140	138	139	144	138	141	147	146	148	149	147	149	150	147	143	142	151	152	155	151	143	152	151	144	140	144	140	134	129	135	134	142	157	151	151	151	158	160	157	155	153	147	146	150	146	146	153	150	142	141	140	139	150	155	162	157	157	157	157	158	156	162	165	168	173	170	163	161	156	156	145	141	135	137	148	152	145	148	149	142	147	150	147	140	145	163	158	157	154	152	141	138	132	139	133	134	139	148	153	153	145	146	144	151	139	143	144	140	157	154	146	153	155	157	154	152	152	152	153	152	148	151	149	154	152	152	147	149	145	146	145	144	150	154	151	148	148	152	159	156	156	159	158	151	148	151	151	154	154	146	147	148	148	149	150	149	150	151	152	146	149	156	151	147	146	149	148	147	147	149	153	158	156	154	157	155	152	156	151	153	155	156	155	156	158	154	151	152	152	157	159	153	153	149	143	144	149	150	145	150	146	147	152	146	152	154	149	152	150	149	148	155	152	150	149	154	155	151	152	147	146	154	151	154	153	149	145	147	147	151	154	151	152	149	150	146	151	151	146	149	152	152	158	156	159	159	156	155	158	158	155	156	156	155	156	156	156	159	160	161	164	166	160	158	159	155	158	157	159	156	153	154	158	157	153	153	153	150	153	147	144	150	151	147	150	150	150	150	156	153	153	153	150	151	150	156	157	153	153	151	152	152	149	146	148	149	146	151	149	142	148	152	149	152	149	150	149	149	147	150	150	150	150	151	151	154	154	152	143	149	149	149	147	146	146	145	150	153	153	153	150	148	145	144	146	145	142	148	153	151	145	144	144	147	147	141	137	147	144	147	149	148	150	150	148	155	127	58	53	77	153	159	85	68	84	53	42	52	47	63	137	148	143	142	154	148	151	152	149	149	149	152	147	123	105	131	135	84	66	64	81	147	143	137	140	147	145	142	150	149	142	140	141	135	147	141	142	137	141	143	141	138	138	139	147	153	146	143	138	136	137	140	137	140	134	130	136	131	125	135	143	146	141	140	142	137	135	135	128	134	146	137	135	134	137	146	146	137	135	133	139	143	143	144	140	133	136	132	132	130	126	147	153	153	147	140	143	143	143	144	137	140	138	140	134	132	135	126	136	140	135	137	138	142	145	139	149	141	142	141	144	141	135	139	145	137	134	134	139	138	140	137	140
178	178	178	178	181	179	181	182	181	183	182	181	181	181	178	178	179	180	181	183	183	182	181	180	178	178	181	181	180	180	180	180	179	179	178	176	176	176	176	175	173	170	171	174	171	173	173	170	164	164	164	164	165	165	165	167	167	164	164	164	165	164	164	162	165	166	165	162	162	164	166	166	164	166	166	167	168	168	167	166	165	165	165	165	165	165	165	165	166	166	166	166	166	166	166	167	167	167	166	166	167	166	166	164	166	165	164	166	167	166	166	167	167	167	169	169	169	170	170	172	169	170	169	169	170	169	170	170	170	172	173	175	172	172	173	173	172	172	173	173	171	173	175	174	174	173	175	175	173	175	175	175	176	177	175	172	174	172	174	179	181	188	194	195	198	197	197	197	193	189	184	180	178	178	177	175	179	176	187	198	202	203	205	206	209	209	211	215	213	209	203	198	197	188	178	173	167	159	153	147	146	143	149	152	147	141	144	151	147	142	144	143	146	149	144	134	137	137	142	134	135	132	122	129	135	135	133	129	133	133	141	145	142	143	145	157	148	142	146	151	144	140	147	151	151	157	154	145	151	157	159	169	160	159	149	146	143	143	145	148	150	149	147	147	146	142	143	135	142	145	142	146	159	168	156	156	156	140	147	148	141	141	143	145	147	139	131	137	160	148	148	152	150	158	161	164	164	161	164	155	152	156	150	141	145	140	131	133	135	152	155	153	159	159	156	156	144	140	146	150	146	152	150	154	150	147	156	147	137	139	139	135	143	141	145	156	159	161	156	157	165	163	163	162	163	159	153	152	151	147	150	140	146	154	158	161	163	165	162	167	159	147	155	157	156	155	153	153	150	150	147	141	141	147	150	151	148	144	148	155	141	138	141	144	144	148	145	144	148	151	151	148	153	154	154	151	144	147	151	147	144	145	151	151	150	152	153	150	154	159	156	159	157	152	156	157	151	151	155	158	153	153	151	148	153	153	151	156	160	162	159	156	156	159	159	154	152	150	151	155	154	156	155	152	153	151	153	154	155	153	156	156	154	154	157	156	156	151	149	151	152	155	156	150	154	153	156	153	146	145	145	149	151	146	143	145	144	149	148	151	153	153	153	149	150	150	156	156	147	148	149	147	145	145	147	151	147	150	147	143	149	149	152	151	152	154	155	156	158	157	158	158	153	154	151	152	151	148	154	154	153	151	151	151	153	153	152	150	150	150	151	148	150	154	153	155	155	157	157	155	155	155	156	158	163	159	155	157	153	150	156	158	155	156	158	156	153	156	156	156	159	159	153	158	156	159	153	156	152	154	154	153	155	156	158	157	156	153	156	150	154	153	151	153	160	158	157	156	153	154	150	153	152	150	154	154	160	156	154	154	158	154	162	138	64	59	77	155	168	99	75	70	45	44	48	51	63	147	160	159	151	151	154	154	155	158	151	151	142	134	133	152	110	72	65	77	83	78	108	147	149	151	154	151	150	152	155	151	153	153	144	150	146	148	148	143	152	149	155	150	147	146	146	145	149	153	155	152	146	146	152	152	149	149	147	148	146	149	144	146	143	146	151	155	154	150	146	150	145	148	146	142	142	143	140	143	146	146	158	154	140	142	145	149	151	154	148	148	153	147	153	159	154	149	155	152	153	147	146	143	137	143	144	146	140	140	143	143	149	143	149	151	151	155	148	147	150	146	150	144	151	154	155	146	146	148	148	154	145	155
178	177	178	178	181	181	181	179	177	179	180	177	180	180	180	177	178	179	181	182	183	185	184	183	181	181	182	182	180	180	179	179	179	179	179	178	177	176	175	174	174	173	174	176	176	176	176	173	176	175	170	166	164	164	162	162	164	164	164	167	168	168	167	167	167	168	168	165	165	166	166	165	165	165	168	168	167	166	166	167	166	167	166	164	166	166	167	167	164	164	163	163	164	164	165	167	167	167	168	170	170	169	168	169	168	167	167	167	167	167	168	168	170	172	172	172	173	173	175	175	176	175	175	175	173	172	170	170	170	169	169	172	173	173	174	175	174	175	176	178	175	176	176	176	175	175	175	175	176	175	175	176	178	175	175	176	175	176	176	175	173	174	176	176	172	176	181	184	189	195	199	199	205	205	203	204	197	187	183	186	183	182	179	181	180	180	183	182	185	192	201	210	210	215	217	216	217	210	206	203	196	186	182	181	170	162	154	150	150	149	153	154	155	153	146	145	147	149	149	140	138	129	132	132	137	139	141	143	138	129	132	137	141	143	150	150	146	142	154	158	146	149	155	158	158	152	148	151	147	152	151	152	144	149	150	152	146	149	149	153	153	144	147	150	147	150	147	143	146	140	146	150	145	135	141	139	144	142	142	139	139	141	137	139	139	145	145	148	164	154	157	160	165	167	163	152	149	137	136	138	145	151	150	143	141	152	145	145	148	151	150	152	150	156	156	150	148	140	145	143	142	130	135	147	145	144	158	157	147	158	158	165	167	168	166	169	173	172	160	159	162	165	162	161	154	153	153	156	152	150	153	150	152	154	152	152	156	156	152	158	150	151	157	158	154	153	152	147	148	145	144	153	149	149	149	148	144	144	142	139	144	144	148	146	148	147	148	149	143	145	145	151	155	154	151	149	150	146	150	150	145	146	148	148	149	149	149	152	152	156	153	153	154	151	145	149	153	147	148	148	155	154	155	154	148	150	155	160	157	157	153	151	154	152	156	158	156	156	156	156	160	161	159	159	155	156	155	163	164	160	160	157	159	153	156	157	158	160	155	155	157	163	160	154	158	158	159	154	155	151	151	154	153	154	155	153	155	155	155	158	157	153	151	153	157	158	158	156	153	153	155	155	149	153	154	157	154	144	144	150	149	149	156	150	152	156	159	156	151	148	145	151	155	155	153	152	151	151	154	155	152	155	156	155	155	150	152	147	145	146	149	149	153	156	151	150	151	151	151	151	151	154	151	157	159	160	161	155	154	148	153	153	155	158	156	156	160	157	153	151	156	154	152	157	160	164	158	158	157	150	153	157	167	164	161	158	156	153	157	156	160	153	155	161	158	157	160	156	155	156	156	159	158	161	159	160	164	163	162	155	159	160	167	161	142	159	170	194	188	162	135	83	48	33	44	42	81	161	166	165	162	152	161	159	165	151	164	165	164	158	162	138	57	69	57	70	79	74	114	133	154	157	156	150	150	156	156	151	156	160	160	151	149	155	152	149	152	154	158	151	157	157	154	155	156	160	160	160	156	153	154	155	160	155	150	160	154	151	155	161	161	158	151	157	154	153	157	153	148	154	152	148	154	151	151	154	156	156	157	159	156	149	149	153	151	153	156	156	156	149	147	153	154	152	155	154	145	146	152	157	152	151	140	141	143	152	149	152	153	151	149	147	141	150	153	152	151	148	150	155	158	146	149	152	146	149	143	151	149	153
178	178	178	180	178	181	181	180	180	179	179	180	180	181	181	181	181	181	180	180	181	182	184	184	185	184	182	181	181	181	179	179	177	177	178	179	179	179	178	177	179	179	179	179	176	176	176	176	176	176	176	176	173	171	168	167	164	165	167	167	170	170	168	167	168	170	170	170	167	167	167	167	168	168	168	168	168	166	167	168	167	168	166	164	165	166	168	168	168	167	167	166	165	166	167	167	167	166	167	170	171	170	171	172	171	170	170	169	169	170	171	172	171	172	173	173	173	175	175	175	176	175	175	178	179	178	178	179	178	176	175	176	175	175	175	175	173	173	175	175	175	175	175	176	175	175	175	175	175	175	175	178	178	178	178	178	178	179	178	178	177	177	177	177	177	177	176	177	176	177	177	177	179	186	192	195	195	203	206	206	203	203	203	209	207	189	186	183	180	180	182	185	181	184	187	192	197	200	204	207	209	212	215	218	222	218	216	214	208	205	193	179	167	170	166	165	167	158	153	148	138	137	141	134	132	138	142	142	129	120	139	146	154	152	150	149	148	151	152	153	151	151	151	148	148	145	146	151	148	148	147	148	149	147	146	152	150	144	148	136	137	143	150	144	147	151	145	143	143	141	147	150	147	138	141	146	150	149	144	149	151	150	156	158	148	149	151	152	151	158	167	163	156	137	128	139	137	137	140	148	144	150	150	147	149	148	142	144	154	150	154	158	151	154	157	156	147	132	134	125	117	107	111	124	127	121	140	162	159	154	160	169	168	159	158	155	162	163	156	152	149	152	155	157	154	151	162	165	155	152	152	161	148	142	152	152	146	142	145	150	149	151	157	157	155	149	146	146	146	149	151	152	150	150	147	147	158	152	144	145	156	150	152	153	147	144	146	151	151	153	156	159	160	157	152	157	155	150	150	145	143	147	146	149	149	145	143	145	152	152	147	142	144	146	144	141	145	143	148	146	151	145	146	148	152	157	158	150	145	150	152	152	144	146	147	146	154	154	154	155	156	158	151	153	157	161	158	157	157	151	148	149	154	153	151	153	154	156	157	161	163	159	162	167	157	151	153	156	152	155	153	151	157	154	157	157	156	159	158	158	158	155	155	155	156	159	159	159	163	160	160	160	153	156	158	164	158	157	154	158	160	154	154	151	155	156	158	159	154	156	154	154	159	156	155	155	153	153	154	155	162	163	161	160	163	160	162	160	156	158	160	160	162	162	156	156	156	158	158	155	154	155	150	154	156	156	155	156	158	155	158	158	158	160	156	155	155	157	153	149	151	157	153	157	159	158	155	154	157	160	159	159	161	161	167	161	161	164	160	163	170	168	167	166	166	163	165	164	160	154	157	157	156	157	165	156	143	139	132	107	123	139	197	211	209	203	194	191	191	195	187	160	99	44	58	53	87	118	125	125	136	142	142	141	119	100	138	124	138	145	104	103	96	70	55	64	72	84	152	150	156	158	153	154	155	160	156	154	159	157	157	153	153	157	156	156	155	159	160	156	152	152	151	154	162	162	156	156	161	161	156	150	153	152	146	152	155	151	151	145	152	146	145	149	152	146	137	145	152	146	148	149	154	151	151	151	149	145	148	154	152	155	153	148	153	156	156	153	154	155	152	149	150	150	147	149	151	154	151	147	156	158	148	143	152	150	145	151	150	150	151	143	136	144	147	142	142	144	140	150	152	152	140	143	137	149	156	146	149	155
178	178	178	180	178	178	178	178	178	179	179	180	178	176	177	180	178	178	177	177	179	178	179	181	183	183	183	182	180	179	178	178	179	180	180	181	182	181	181	180	178	178	178	178	179	179	179	179	179	176	176	179	177	176	176	176	176	173	170	165	164	164	167	168	171	170	171	170	170	170	170	170	168	168	171	171	170	169	169	170	170	170	170	169	169	169	169	169	169	170	172	172	170	169	169	169	168	168	169	169	172	172	171	172	173	173	172	172	174	174	174	174	173	173	175	175	173	175	175	175	175	175	175	176	178	178	179	181	178	178	178	181	179	178	177	177	176	175	175	175	176	176	175	176	175	175	175	175	175	176	178	178	178	178	178	178	178	181	181	178	179	179	179	180	182	182	182	182	182	183	185	182	184	181	178	180	181	179	178	181	185	185	191	199	202	207	210	205	200	201	198	194	191	188	188	188	188	186	186	185	184	185	187	189	192	198	201	206	210	208	213	217	220	215	214	213	212	202	194	187	177	169	169	171	164	157	149	146	152	152	147	150	156	163	156	156	151	154	152	154	160	151	142	149	146	147	154	145	139	145	150	149	148	148	145	144	144	145	145	136	140	139	132	131	130	140	142	131	121	131	128	128	140	149	151	154	149	152	157	158	159	156	156	150	145	153	148	140	144	134	136	142	149	135	138	154	154	152	149	153	147	147	141	135	144	150	147	147	148	144	144	140	125	131	132	128	140	143	146	135	131	136	133	139	147	150	152	144	149	153	155	161	150	144	154	164	162	150	148	148	149	156	159	157	157	154	157	165	166	159	162	160	154	159	160	157	154	145	150	150	153	154	156	161	151	149	148	151	155	152	158	157	166	162	153	158	169	168	164	163	166	167	169	166	158	156	161	168	162	162	163	164	161	165	160	157	159	155	152	149	158	155	151	152	158	156	155	149	151	143	134	134	140	135	146	147	142	143	142	146	142	138	140	141	147	148	155	146	149	152	145	145	149	148	147	152	157	154	151	157	161	158	155	156	160	157	160	157	154	146	150	154	149	152	154	154	152	149	150	154	147	149	148	154	150	150	156	153	145	145	148	152	147	144	147	139	145	146	143	140	140	143	146	148	154	158	156	159	156	156	159	159	154	152	150	150	153	155	152	152	153	159	155	147	157	155	152	155	155	154	150	155	156	160	154	157	156	154	154	157	165	160	158	161	161	162	164	164	167	164	161	161	162	162	155	153	157	160	165	161	162	162	156	158	154	151	154	157	154	151	151	149	150	151	151	150	154	154	154	154	153	153	150	153	153	153	152	152	151	150	148	144	152	150	146	147	150	143	141	160	154	137	149	155	155	144	122	142	142	153	151	144	146	151	159	146	125	126	140	146	139	177	190	169	187	188	180	179	175	181	177	168	156	99	90	90	75	99	84	62	74	77	68	63	59	91	82	101	101	78	74	84	76	64	45	71	60	91	163	159	172	172	162	156	154	152	146	144	150	150	153	153	159	159	153	153	150	149	155	155	152	154	151	154	152	159	155	146	156	152	152	154	149	148	139	133	136	146	144	145	155	153	146	142	152	152	150	150	156	147	152	149	157	152	151	157	157	154	152	155	149	152	153	155	165	159	156	156	157	148	154	160	156	144	137	139	146	147	150	148	144	146	154	149	138	138	138	142	140	144	154	154	145	143	152	150	141	139	141	146	148	149	145	140	132	144	154	143	144	150
175	175	177	178	178	175	175	175	177	177	179	180	179	179	180	180	180	180	179	179	180	181	181	180	180	181	182	183	185	185	185	186	185	185	186	186	185	184	184	183	182	182	182	182	181	179	180	179	182	181	179	179	179	177	176	176	174	174	176	176	174	171	167	164	162	164	168	173	174	173	173	171	171	171	174	174	172	170	170	172	171	170	170	172	171	170	169	169	168	168	171	172	173	173	172	172	171	172	171	170	171	171	170	170	171	171	171	171	173	173	172	171	172	172	172	172	172	172	175	175	173	172	172	175	175	174	175	175	175	175	176	178	177	178	179	178	179	181	181	181	179	178	178	178	178	178	178	177	177	178	179	178	181	181	181	181	179	181	182	181	181	182	182	181	182	182	181	182	184	184	184	185	183	182	183	184	182	184	184	182	181	179	180	177	177	180	183	184	186	189	195	198	207	209	207	207	209	204	201	198	191	193	193	190	183	184	185	184	181	167	167	164	163	168	179	184	189	195	188	194	206	214	220	219	217	207	195	187	179	162	150	154	163	151	147	152	151	160	158	152	151	148	142	147	145	141	143	137	140	149	157	152	150	144	150	154	142	142	141	145	142	145	137	140	144	140	143	142	133	137	141	146	151	152	153	163	156	156	159	156	159	155	144	130	138	156	153	150	157	153	154	153	148	142	144	141	143	140	143	154	147	150	147	144	143	140	140	141	135	128	132	131	128	140	149	147	136	136	155	134	129	141	144	142	148	148	149	147	151	149	137	137	149	153	159	158	154	157	163	171	175	176	175	170	161	168	162	161	168	167	149	136	150	148	143	156	153	150	147	147	147	153	156	160	153	155	156	164	173	170	165	164	168	178	171	166	163	164	165	165	163	161	161	168	169	169	167	167	165	170	174	175	176	178	172	167	163	162	156	156	149	143	143	143	144	144	137	142	132	136	141	143	133	137	144	136	136	140	148	152	145	145	146	145	146	145	146	137	139	145	139	144	142	143	152	148	148	156	151	157	162	153	151	151	146	146	143	145	144	143	150	153	149	143	143	148	143	138	143	148	151	146	147	152	152	143	142	143	145	144	144	143	146	148	146	152	153	153	162	150	148	141	144	151	153	156	153	153	152	150	147	143	136	143	143	138	141	143	140	145	143	144	145	148	148	149	148	152	149	148	142	152	153	154	154	153	149	149	147	153	153	150	150	153	152	157	154	154	161	159	158	156	153	155	151	152	153	148	153	151	148	148	146	145	146	143	144	146	150	150	144	143	136	137	141	139	136	136	140	146	140	137	133	137	139	141	139	134	138	132	131	120	128	117	118	126	128	118	120	135	110	90	114	126	119	107	106	104	98	114	105	120	139	158	161	134	146	135	164	124	132	179	142	170	193	182	167	179	182	180	167	143	153	116	102	104	80	102	120	113	101	93	73	73	83	94	106	121	106	98	109	80	65	61	54	69	66	72	121	165	168	170	162	157	155	159	156	153	152	156	156	156	162	165	162	159	152	149	158	155	155	160	155	154	151	148	150	153	159	163	159	149	151	151	151	152	150	158	156	156	158	158	156	155	161	163	157	158	161	161	161	158	160	156	153	156	153	153	153	153	149	153	150	142	156	153	156	159	152	156	154	151	156	152	145	141	146	149	150	145	151	147	148	147	134	143	147	149	153	154	161	161	155	153	155	159	152	145	148	147	148	151	157	153	151	151	147	150	150	155
175	175	177	178	175	175	178	178	180	180	182	183	186	186	186	186	186	186	186	186	184	185	184	183	183	184	185	186	186	185	186	187	186	186	186	187	185	185	186	186	184	182	182	182	182	180	179	180	180	180	182	185	179	179	179	179	179	178	179	177	180	179	175	173	170	170	167	166	167	170	173	176	174	174	174	174	172	171	171	173	172	169	169	172	174	172	171	171	170	171	171	172	174	174	173	171	173	174	174	173	171	171	171	172	173	173	172	173	174	173	172	172	173	172	173	173	173	173	173	173	173	173	173	173	176	176	175	176	176	176	176	177	177	178	179	179	179	179	180	180	180	180	179	179	179	179	179	179	179	179	179	178	178	179	180	180	180	182	181	180	181	181	182	182	181	181	182	183	182	180	180	182	180	181	182	182	182	184	184	183	185	184	185	184	186	186	186	186	183	183	180	178	180	180	180	183	189	191	197	204	206	210	212	212	209	208	206	203	194	188	185	179	179	179	181	181	179	178	160	164	166	164	171	184	200	211	216	218	223	219	219	212	206	197	192	184	168	161	155	139	133	142	145	137	131	125	139	155	152	159	160	151	147	150	153	159	161	152	145	151	159	161	161	164	167	161	159	157	154	160	164	155	161	157	160	163	159	153	151	156	153	158	155	145	158	166	155	154	157	153	149	148	148	145	141	142	139	146	151	155	141	144	151	149	142	142	135	128	143	140	142	148	147	143	130	127	126	132	133	142	152	147	152	155	154	151	151	146	150	147	145	168	164	150	159	161	156	161	161	153	152	155	154	156	154	152	148	140	137	135	141	142	142	140	148	142	144	150	150	147	156	155	146	147	161	174	180	169	165	173	163	156	158	160	149	154	159	165	164	161	158	158	161	164	168	162	157	153	162	163	165	165	167	171	164	166	160	155	154	146	142	144	141	136	130	133	128	134	136	140	148	152	148	146	150	149	151	148	160	158	157	152	153	152	147	152	151	145	143	150	150	157	157	154	145	141	127	141	151	150	151	144	141	141	137	136	130	133	140	146	147	150	148	145	137	144	150	148	158	162	147	153	152	147	143	145	149	141	143	134	136	143	152	155	155	156	156	158	170	152	169	164	151	156	155	150	151	153	150	145	143	142	138	138	148	148	141	148	147	149	145	147	141	145	141	149	143	143	130	138	139	139	148	151	151	148	149	146	144	145	144	143	135	135	136	139	136	140	147	144	144	142	144	148	149	150	151	143	146	146	147	144	147	144	141	139	140	142	148	151	152	147	140	140	137	137	140	132	136	134	132	131	124	128	125	131	134	122	125	126	118	118	117	111	137	117	104	103	107	118	107	115	107	92	104	87	93	83	113	113	142	137	133	125	110	93	107	113	110	69	109	147	112	145	171	156	122	111	131	127	129	119	92	79	72	61	88	84	112	86	80	80	77	79	84	55	61	101	75	77	101	93	58	48	70	73	63	74	82	132	141	138	146	160	162	160	162	159	167	165	163	162	155	158	154	158	161	162	162	161	160	166	161	157	159	159	165	164	163	156	157	154	162	159	156	163	157	155	165	162	161	160	162	157	163	169	160	161	163	160	160	166	167	168	167	170	167	157	159	159	151	152	155	162	157	157	163	161	161	158	154	152	160	166	165	166	162	158	155	157	160	160	157	163	160	157	153	162	157	155	161	159	160	159	156	155	156	150	155	154	162	163	160	145	144	148	155	159	161	162
177	177	177	177	178	178	180	181	184	187	187	190	190	189	190	192	192	192	192	192	190	188	188	189	187	187	187	188	190	188	186	186	190	189	187	186	185	186	188	188	190	187	187	188	187	184	183	182	181	181	182	182	183	183	184	184	185	184	185	182	181	181	178	179	179	180	177	174	174	168	167	170	170	171	173	176	177	174	171	170	174	173	173	176	176	176	176	174	174	176	175	174	177	174	174	174	174	174	174	174	174	174	174	176	176	176	176	176	175	175	175	175	174	174	173	173	174	173	173	171	172	175	174	172	173	174	174	174	175	175	176	176	176	177	177	176	177	178	179	180	180	179	179	179	179	179	180	180	181	181	181	180	180	180	179	179	180	179	179	180	179	179	180	180	180	181	183	184	183	183	183	183	183	183	182	182	182	182	182	183	185	184	183	184	186	186	183	183	186	186	186	186	186	186	183	183	183	183	183	183	181	183	186	189	195	198	204	207	209	215	215	210	204	200	194	191	192	187	169	183	178	172	168	163	168	175	178	187	187	190	200	206	211	216	210	214	226	222	217	209	203	195	182	191	178	168	163	154	147	142	149	134	139	145	141	145	159	155	155	155	157	152	154	160	167	161	156	154	158	156	161	163	142	144	150	144	139	141	144	151	154	152	158	158	152	145	153	137	145	157	154	152	153	151	149	151	149	152	147	144	140	128	140	147	150	148	147	143	142	150	144	146	148	142	144	150	143	149	152	152	156	152	151	140	148	148	152	145	144	150	146	161	145	145	148	138	131	115	107	111	114	131	132	125	132	138	129	130	140	144	150	148	149	143	140	136	127	143	142	145	159	159	154	156	163	163	169	167	153	153	155	161	155	158	152	158	163	164	160	157	158	161	158	166	172	169	165	169	159	150	156	158	155	167	164	161	159	153	158	163	158	155	161	163	161	157	156	149	150	153	159	162	155	157	160	164	166	162	159	153	152	153	152	158	161	158	158	152	154	163	161	157	154	147	144	150	152	141	144	154	157	147	146	140	136	145	136	139	149	155	149	151	153	159	153	154	151	144	152	154	150	152	147	141	148	155	158	143	142	138	139	145	145	148	155	154	159	151	146	131	157	162	153	149	149	147	160	163	161	151	145	144	147	138	150	156	152	147	147	141	140	138	138	141	143	146	143	150	137	137	141	138	135	144	145	142	142	139	142	139	145	149	134	135	134	128	122	131	135	135	133	137	137	140	140	140	145	146	142	144	140	143	148	143	141	147	144	150	148	145	146	151	150	147	140	141	144	135	138	135	137	133	137	138	128	133	133	142	140	126	125	132	116	131	131	100	118	121	132	137	115	121	120	103	109	106	111	103	128	119	127	126	115	104	100	113	119	114	85	91	103	124	130	114	123	123	83	66	75	87	71	68	65	81	81	71	102	109	97	83	86	83	85	82	110	87	101	115	94	71	96	114	108	123	99	90	89	67	71	83	90	69	104	104	113	113	133	143	141	148	149	150	127	129	133	129	138	160	172	171	169	169	166	168	169	163	166	169	169	166	166	160	169	163	162	160	164	165	167	170	169	165	165	160	166	166	164	166	166	162	164	172	169	166	169	170	173	159	163	162	166	165	165	169	165	169	170	161	161	158	158	152	159	165	170	179	171	163	159	163	166	166	169	173	171	169	158	154	159	159	159	152	156	161	159	164	156	155	158	153	159	156	162	156	149	150	157	154	154	161
175	175	175	175	177	178	178	180	183	184	187	187	189	189	189	190	190	190	190	191	193	193	193	192	190	190	192	191	189	188	189	190	190	189	189	190	190	190	191	191	191	188	187	188	188	187	186	187	184	185	185	182	185	185	186	187	185	185	185	184	182	179	179	181	179	180	180	179	176	177	176	171	167	168	168	167	173	176	179	180	179	177	176	176	173	173	174	176	176	176	176	176	177	177	177	177	177	177	177	177	177	180	180	180	176	176	176	175	174	175	174	175	176	175	173	173	174	173	173	174	174	174	173	173	174	174	174	175	176	175	174	174	175	174	174	175	175	177	178	180	180	179	178	177	178	178	178	178	179	180	179	179	180	181	181	181	182	181	181	182	183	182	183	182	181	181	182	183	184	184	184	184	184	184	186	185	184	185	185	185	186	185	183	185	186	186	186	186	186	186	186	186	186	183	183	183	183	186	183	183	186	186	183	183	183	183	183	183	185	185	191	194	194	195	200	206	206	209	203	203	200	197	195	193	187	185	184	182	176	185	180	185	184	184	181	175	194	201	205	204	216	218	220	223	221	223	221	212	202	191	194	184	172	174	168	162	161	150	151	156	146	149	152	161	159	164	155	146	155	156	161	159	155	159	154	146	147	145	153	153	151	155	157	154	150	140	157	162	165	165	163	161	161	156	156	156	155	158	159	157	151	157	152	149	151	151	157	151	157	162	162	156	155	152	146	143	151	136	144	150	143	143	135	142	138	142	141	135	142	139	140	135	127	124	128	130	125	122	140	143	124	127	134	126	123	147	137	142	142	147	138	140	151	157	159	153	147	153	156	155	160	168	159	157	151	159	162	168	169	170	163	151	151	154	166	174	164	156	151	154	157	160	157	157	156	161	157	155	158	150	158	146	136	139	137	136	147	152	158	149	152	144	147	143	152	161	162	156	165	162	162	156	143	156	161	165	163	165	162	153	153	156	159	162	161	159	162	156	160	170	168	153	144	152	145	152	154	144	154	157	163	155	154	155	152	148	150	156	154	155	154	153	152	160	172	172	168	162	147	146	153	165	170	164	161	159	161	158	159	163	158	158	154	153	147	152	153	155	156	149	157	154	152	160	156	151	157	162	161	151	146	148	153	144	144	148	144	142	141	139	135	135	131	137	139	135	137	136	134	132	133	131	134	133	133	135	135	132	138	144	142	148	142	142	135	138	138	135	134	132	136	145	138	139	139	136	133	138	132	134	131	142	139	137	137	140	140	136	142	139	133	137	142	127	128	137	141	137	135	134	139	135	133	131	126	123	126	135	142	130	136	133	122	133	130	129	118	137	139	127	129	131	129	125	132	128	138	136	129	115	129	135	121	118	129	120	123	136	122	130	124	140	129	128	119	121	112	112	111	105	104	123	116	104	106	101	103	108	119	123	120	126	114	121	113	111	110	105	118	109	112	96	94	114	104	88	93	75	89	90	99	99	105	85	107	84	79	95	94	104	91	103	113	114	111	98	100	123	136	154	158	162	164	161	168	169	169	169	167	164	166	164	160	159	160	161	166	160	164	163	165	165	159	161	160	162	169	165	157	155	155	159	158	154	161	160	158	153	155	155	158	155	159	155	161	158	160	161	158	157	163	160	160	159	163	163	159	160	159	157	155	153	162	165	169	166	161	162	159	163	161	153	156	150	151	155	157	150	153	156	156	154	157	155	155	153	161	154	137	150
175	175	175	175	175	178	180	181	183	184	186	187	187	189	190	190	190	192	190	190	192	193	194	192	192	193	194	194	194	191	189	190	190	191	193	194	194	193	194	193	193	191	191	192	193	189	188	187	187	188	189	189	185	187	185	181	184	187	185	187	191	191	194	191	187	191	193	189	191	183	179	179	180	179	176	174	174	174	174	174	177	180	179	176	176	176	176	176	176	174	176	176	177	180	180	180	180	177	177	177	177	177	177	177	177	176	175	174	174	174	174	175	174	174	175	175	176	177	176	178	177	175	176	177	176	176	177	177	176	176	176	177	176	177	178	177	177	177	177	176	176	177	178	178	178	178	177	177	177	178	178	178	179	180	181	182	182	182	181	182	183	183	183	182	182	182	182	182	182	182	182	182	183	182	181	179	181	182	185	186	185	185	185	188	189	189	186	186	186	186	186	186	186	186	186	186	186	189	189	189	186	186	186	186	186	186	184	183	183	185	185	180	177	177	177	177	180	180	186	186	186	189	193	201	200	201	205	205	206	200	187	187	183	181	187	181	181	183	180	179	185	188	189	193	194	199	202	208	211	219	218	216	221	224	222	218	216	211	202	191	179	168	163	165	162	167	156	150	158	160	161	155	162	169	175	182	174	163	159	161	165	162	156	162	162	162	160	161	161	159	160	163	159	157	156	147	154	160	166	160	149	149	146	146	146	157	161	158	164	164	162	148	152	149	143	161	155	153	155	145	149	160	150	148	157	151	152	131	122	128	134	140	128	130	133	136	141	135	140	146	135	137	144	150	146	136	140	143	132	142	139	148	152	140	134	143	137	137	141	135	139	121	124	132	143	149	150	155	169	166	163	157	158	145	146	158	150	144	149	154	159	144	144	154	157	151	142	139	144	141	147	141	137	140	146	138	136	139	143	150	154	150	153	154	153	152	151	149	157	152	156	159	165	173	181	161	166	168	159	159	161	156	159	162	157	163	160	158	166	151	142	137	149	153	156	165	158	155	163	161	159	164	162	157	158	157	167	158	157	157	166	166	164	163	163	157	158	163	160	166	160	160	161	164	157	161	160	157	156	156	160	162	161	165	165	162	158	165	157	153	154	163	162	166	160	153	157	167	159	158	155	159	156	154	154	152	155	152	148	157	149	149	137	137	134	135	142	138	132	135	140	137	131	129	138	144	132	125	131	137	123	129	138	139	140	135	138	138	137	135	139	143	136	139	141	136	136	133	127	127	135	143	140	137	133	127	136	133	136	141	142	139	132	130	136	127	135	138	137	141	142	137	138	137	142	133	135	130	137	137	143	139	142	139	142	135	135	138	126	121	129	127	137	127	122	116	126	128	126	127	135	126	130	128	133	142	147	140	123	124	130	132	119	124	126	127	130	131	122	103	109	118	121	133	132	121	124	114	126	131	114	123	109	106	111	118	118	122	128	134	141	123	116	112	111	105	113	113	117	116	112	118	124	121	128	114	103	102	115	112	76	71	83	82	105	103	107	117	107	122	146	159	159	159	149	145	149	160	149	156	156	163	162	156	149	154	154	154	151	147	149	157	161	163	159	156	159	156	155	152	152	155	151	154	153	157	152	157	159	160	156	155	155	155	162	166	165	159	160	153	159	151	155	161	159	160	162	149	148	159	157	157	157	155	160	157	155	152	156	162	160	159	156	154	159	153	153	156	162	156	157	157	160	159	157	153	154	157	152	150
172	175	175	175	177	177	180	185	186	188	189	189	188	189	192	191	193	195	193	193	192	192	193	193	191	192	191	190	192	191	192	193	194	194	194	194	192	193	193	193	191	191	190	191	194	203	203	209	203	200	201	203	203	209	210	207	209	209	206	206	203	200	199	192	185	189	192	189	188	189	188	182	182	182	180	180	177	176	173	170	171	174	177	180	180	180	180	179	180	180	179	176	176	177	179	177	176	174	177	176	174	177	176	174	175	174	174	174	175	176	177	175	174	174	176	177	177	177	178	180	179	177	177	178	177	177	177	177	178	178	178	178	180	180	180	178	177	177	177	177	177	178	178	179	177	177	177	177	179	178	178	180	177	178	177	177	179	179	180	180	179	179	178	179	181	182	182	181	180	178	179	183	182	180	180	180	177	177	180	183	186	183	185	188	186	186	186	186	186	186	189	192	192	192	192	189	189	189	188	186	188	189	186	186	183	186	188	188	185	182	182	182	185	182	179	179	182	182	180	177	180	180	177	177	178	178	184	188	191	194	200	203	206	203	203	203	197	196	191	191	189	182	186	188	187	187	184	186	187	186	184	186	195	195	198	192	202	209	207	213	220	224	219	218	217	214	207	206	205	193	183	173	163	163	161	167	168	170	164	167	166	164	167	174	170	164	164	158	162	166	170	162	158	158	157	153	149	158	159	158	156	144	153	156	148	155	154	145	148	151	155	148	152	151	161	158	161	154	147	146	144	146	149	142	148	149	157	150	145	145	141	146	148	147	147	144	141	138	132	139	128	139	132	136	148	145	154	142	128	137	141	145	148	145	142	145	140	154	143	135	129	127	131	133	131	132	146	145	161	150	147	151	167	149	123	132	158	151	149	151	148	151	148	150	142	136	136	136	129	127	138	132	131	128	136	135	133	145	137	145	138	137	141	142	146	141	143	139	147	147	138	151	181	203	173	157	154	154	149	143	150	155	151	157	150	154	154	156	160	159	154	154	164	174	177	180	178	171	162	172	175	172	167	172	173	169	167	167	164	158	165	163	164	159	155	152	162	160	159	157	153	155	158	164	151	143	151	155	157	150	146	152	157	155	153	155	147	159	155	155	152	151	151	164	162	160	163	167	159	161	161	160	164	166	164	156	153	157	169	167	163	157	157	150	150	139	141	152	142	142	142	145	144	141	145	148	136	134	133	135	138	136	134	129	127	128	134	130	136	125	129	130	134	137	132	127	133	130	126	129	134	140	145	145	146	139	137	137	139	143	148	143	147	145	143	134	131	143	137	139	142	137	141	142	148	142	138	132	141	144	141	137	139	144	145	146	143	144	143	139	144	140	148	147	145	144	141	137	139	138	139	151	150	144	148	151	149	145	139	137	137	141	134	131	131	140	138	135	129	137	140	127	109	123	129	127	131	131	133	130	124	127	128	126	131	129	136	140	140	143	152	147	140	133	139	142	132	127	121	122	123	131	128	120	130	131	139	141	139	125	114	125	115	113	121	128	126	121	114	119	117	132	132	124	108	120	121	130	123	144	153	155	160	157	157	155	157	156	155	146	142	153	159	158	161	157	154	153	145	147	151	151	148	150	150	152	149	148	155	160	159	154	153	154	154	160	154	146	149	153	150	150	151	155	149	148	157	149	145	157	155	157	156	155	153	151	151	152	153	153	150	152	151	159	147	150	159	154	159	157	154	154	145	148	144	144	145	154	151	156
175	178	174	175	173	172	176	180	183	184	184	185	184	186	188	187	190	192	193	192	192	191	192	192	193	193	191	190	191	191	192	192	194	194	194	194	191	193	194	194	196	194	194	196	197	203	198	200	199	196	197	197	194	194	194	191	190	188	188	188	185	185	185	184	184	186	186	185	182	183	183	182	180	180	180	180	179	179	176	176	174	171	171	173	174	176	179	180	182	183	185	182	182	179	177	180	180	179	177	176	176	177	176	174	173	175	176	176	173	174	176	174	174	174	174	175	177	177	180	180	180	180	177	180	180	180	180	180	180	180	180	180	180	180	180	180	180	180	180	180	180	180	180	180	177	177	177	177	177	177	177	180	177	177	180	180	177	177	180	177	177	176	177	179	177	179	179	178	180	177	180	183	183	181	182	186	186	186	186	186	186	183	183	186	183	183	186	186	186	186	186	186	186	186	186	186	188	188	186	186	188	188	188	188	186	186	185	186	188	188	188	188	188	185	185	183	183	182	182	179	179	179	179	179	178	177	176	176	177	177	178	179	182	180	183	189	188	194	200	204	207	207	203	197	195	196	193	189	187	183	181	183	183	183	180	168	181	172	169	181	186	186	195	190	200	206	215	218	218	221	226	221	220	217	209	207	183	186	181	181	182	179	176	173	176	174	171	174	172	172	166	158	165	159	151	150	139	141	149	150	153	150	147	147	142	139	147	148	148	145	144	148	149	141	149	147	145	147	134	133	134	142	148	152	154	150	151	149	156	153	157	165	170	164	154	142	135	148	151	148	134	142	135	127	141	141	135	143	143	136	133	133	141	132	131	141	145	140	137	128	124	116	125	138	127	118	133	118	110	118	118	135	152	137	138	134	139	140	142	136	141	145	146	143	143	157	145	133	118	119	146	134	131	131	140	144	138	137	154	152	142	145	148	150	158	147	148	145	146	151	153	153	161	150	139	156	147	155	155	149	147	147	150	137	124	123	126	140	139	134	142	156	159	159	153	165	163	165	165	166	174	173	167	162	164	159	155	160	164	168	164	160	162	170	164	164	164	160	165	161	156	161	153	153	154	150	154	154	160	165	162	156	151	150	151	157	155	172	170	166	155	146	152	160	164	159	163	174	168	163	159	159	166	167	163	150	155	152	152	157	156	156	152	149	146	141	134	143	134	139	143	143	153	146	150	144	131	134	142	137	137	132	132	134	133	130	137	135	138	124	130	128	135	135	140	141	139	139	135	134	130	132	132	133	133	139	144	138	138	146	147	143	141	146	149	143	140	135	134	137	141	135	137	142	143	140	146	139	149	151	144	143	147	146	144	147	153	144	137	138	143	145	140	140	140	140	137	138	143	149	143	139	146	147	147	142	141	145	147	147	141	146	148	141	131	133	132	131	139	134	130	126	130	126	129	146	135	140	144	139	133	118	119	120	122	131	129	143	141	135	133	139	136	125	132	127	119	117	102	117	126	133	126	118	114	121	127	121	118	126	127	133	127	128	124	125	113	121	133	120	120	123	120	114	121	135	137	131	126	133	136	138	141	141	149	147	147	157	151	146	152	149	146	155	157	151	148	151	151	156	160	158	154	147	153	155	153	150	152	144	147	147	145	149	149	149	145	151	149	149	146	149	161	159	158	158	158	158	150	154	149	149	155	155	157	160	152	155	158	152	146	149	148	148	148	148	155	144	147	150	142	139	151	151	151	156	151	153	155	149
174	178	175	177	177	178	179	179	181	182	183	184	181	183	185	185	184	189	190	190	192	193	193	193	192	190	190	190	190	191	191	191	194	194	194	194	190	190	190	191	191	191	191	193	193	188	188	188	188	190	190	188	187	188	188	185	184	184	184	184	182	182	182	181	181	179	179	179	180	180	180	179	179	180	180	180	179	179	179	179	182	179	176	177	174	173	174	173	173	177	183	186	186	186	186	186	185	185	185	183	183	180	177	177	176	176	176	176	177	177	176	176	177	177	177	180	177	183	183	180	180	180	180	180	180	180	183	180	180	180	180	180	180	180	180	180	183	180	177	177	180	180	180	180	180	180	180	180	180	177	177	177	177	177	177	177	180	180	180	180	179	178	180	181	179	180	180	180	180	180	180	180	179	180	181	182	183	186	186	183	186	186	186	186	186	186	186	186	183	183	183	183	183	183	183	186	186	188	188	188	188	186	186	188	189	188	188	188	185	185	186	188	185	185	183	183	185	185	182	182	179	179	179	177	176	176	177	179	176	179	180	179	177	176	176	179	174	174	174	176	177	179	176	188	200	203	207	209	211	206	206	197	184	180	177	175	178	172	175	177	175	175	175	172	177	177	178	184	187	186	184	181	195	199	202	214	217	220	221	223	221	219	215	211	200	193	184	175	165	155	139	139	152	153	152	152	139	147	156	150	150	152	145	152	148	142	144	141	141	132	127	132	146	149	149	147	148	156	154	158	154	160	163	160	152	149	154	155	150	147	153	157	167	168	164	161	151	148	150	154	155	148	143	133	136	126	116	131	126	124	129	127	127	126	135	136	131	116	118	114	116	122	136	149	151	148	137	118	116	140	149	153	148	137	139	135	127	128	140	136	138	145	140	144	145	157	156	147	140	150	164	162	170	171	165	155	144	135	142	139	151	159	157	160	167	161	172	162	160	155	147	145	136	135	145	147	140	146	157	142	137	139	152	148	154	146	145	155	170	165	155	154	154	165	155	150	155	161	165	158	158	157	152	158	161	158	161	154	172	177	166	170	167	160	149	152	148	144	164	158	158	153	152	155	153	156	154	160	169	163	164	167	171	167	167	171	179	171	168	177	177	163	159	165	159	153	158	166	162	161	158	164	163	160	156	151	150	146	145	157	155	155	151	153	150	141	137	141	148	142	141	134	142	144	142	144	135	131	139	129	125	128	125	111	121	120	123	131	134	124	127	130	129	134	136	133	133	126	123	126	125	128	131	135	139	140	140	140	144	138	136	144	137	141	138	139	135	136	136	136	138	136	133	130	133	131	139	138	140	140	135	133	135	144	143	141	144	145	142	139	143	140	137	142	144	139	135	134	143	134	137	134	139	144	145	149	153	144	145	141	152	149	157	149	132	136	136	135	140	144	128	127	130	128	131	136	133	132	136	142	139	130	137	143	130	133	139	143	146	142	137	140	139	136	134	129	131	127	137	139	133	138	135	135	135	140	139	137	138	133	128	133	133	137	132	127	123	135	138	120	114	122	125	125	121	135	131	134	140	134	123	121	123	129	143	139	128	125	126	129	135	137	138	145	139	151	153	143	138	134	142	154	156	155	153	152	147	153	153	141	140	145	149	148	157	152	148	153	155	156	155	149	157	159	156	152	149	149	152	152	151	149	154	157	158	155	157	151	151	154	152	149	146	147	152	152	157	149	148	155	154	157	156	150	142	144	139	141	150	147
175	178	177	178	175	176	178	178	178	179	181	182	181	183	185	184	184	187	187	187	187	188	187	188	188	188	188	188	189	190	190	191	191	191	191	191	191	191	191	191	191	188	190	191	185	185	185	187	185	187	185	187	185	185	185	185	184	182	182	182	184	182	182	182	184	182	182	182	182	180	180	182	182	183	185	185	183	183	182	180	183	183	183	183	182	180	176	173	167	165	168	170	176	180	183	185	185	185	185	185	185	185	182	182	179	179	177	177	177	176	174	174	174	177	177	177	180	180	180	177	177	177	180	180	180	180	180	180	177	180	180	183	180	180	180	180	183	177	174	177	177	180	180	180	180	183	183	180	177	177	177	177	177	177	174	177	177	177	177	178	182	180	179	180	180	182	183	182	183	180	180	180	177	179	179	178	177	177	180	180	180	183	183	183	183	183	183	183	180	183	183	183	177	180	180	180	180	182	183	183	185	185	185	185	188	188	188	188	186	186	186	186	186	186	186	185	185	185	185	185	185	183	182	182	180	182	183	183	182	182	182	182	180	182	182	179	179	180	182	182	179	179	176	176	174	174	174	177	180	189	199	203	201	206	204	202	196	184	172	172	183	187	181	181	180	177	178	179	178	175	166	165	172	162	162	180	183	187	196	201	204	210	212	218	222	225	225	219	217	212	205	204	189	172	161	162	160	154	154	153	155	158	149	149	150	158	148	141	145	145	153	160	156	161	169	163	165	164	161	159	151	157	158	157	139	135	153	155	155	156	156	153	145	150	149	151	133	139	141	142	137	141	146	143	147	140	134	135	133	139	133	130	137	134	140	134	134	124	122	128	136	152	151	144	153	157	149	148	147	136	133	134	140	140	135	142	145	142	142	136	131	133	134	146	152	130	126	136	139	149	141	145	155	149	136	127	119	132	136	140	145	148	145	150	151	154	151	148	137	139	143	139	142	131	136	136	137	157	153	143	141	132	128	131	126	137	138	139	145	147	138	144	163	168	170	163	159	147	149	151	150	146	152	155	148	168	170	161	148	157	161	145	155	134	149	152	149	135	122	134	155	158	159	150	154	151	148	151	146	150	153	160	177	177	176	175	177	170	173	187	190	178	174	175	165	162	166	169	174	175	167	169	173	163	154	161	163	166	166	165	165	158	145	150	147	138	147	147	158	151	146	144	143	140	140	144	132	124	130	112	122	128	120	120	130	121	119	140	131	124	120	133	133	139	141	139	150	142	136	135	139	142	145	147	139	145	143	137	147	144	134	138	133	135	127	136	139	136	130	128	126	132	132	127	129	138	138	122	124	134	134	134	130	137	147	142	146	142	142	147	140	149	149	145	146	142	139	132	140	137	143	149	149	144	138	143	144	145	144	141	138	136	143	144	142	138	135	139	137	139	142	134	143	143	152	146	135	137	138	141	141	142	135	144	130	131	136	143	139	141	134	136	142	138	136	146	142	132	140	138	130	123	115	124	128	127	127	133	136	132	132	135	135	134	131	134	128	136	140	134	129	131	142	140	134	138	128	136	128	132	127	122	118	122	123	123	128	127	124	119	124	121	121	127	131	133	131	127	121	120	127	138	137	139	137	139	144	149	153	150	140	138	144	141	148	147	147	146	150	150	146	152	149	141	139	142	147	150	147	144	144	147	153	150	148	145	142	146	143	147	152	147	145	143	147	144	144	152	151	151	153	159	149	148	148	142	147	148	153	144
178	180	175	175	176	179	181	180	178	179	181	182	181	184	186	184	186	189	187	186	186	188	188	188	187	187	187	188	189	189	189	190	190	190	188	188	188	188	188	187	187	185	185	187	188	190	187	188	188	188	185	188	185	187	187	185	188	188	188	188	185	185	184	184	182	182	182	184	182	182	182	185	185	186	186	188	185	185	182	182	183	183	182	180	183	182	182	180	177	173	170	167	167	167	173	182	186	185	183	182	182	185	186	183	180	179	179	177	180	179	177	177	177	180	180	183	180	177	177	177	177	177	180	180	180	177	180	177	177	180	180	183	177	177	180	180	183	177	177	180	177	177	180	180	177	177	177	177	174	177	180	180	180	177	177	180	180	180	180	180	184	181	179	179	177	179	180	180	183	180	180	180	178	180	181	180	180	177	177	177	180	180	183	180	177	177	180	183	180	183	183	183	180	180	180	180	179	179	179	180	183	183	185	183	182	182	182	182	185	185	183	182	182	182	182	182	185	185	188	188	188	186	185	185	185	185	185	185	183	182	185	188	185	180	180	185	182	180	179	179	180	177	180	176	177	180	180	174	174	171	165	168	167	173	180	191	201	211	213	217	216	211	205	195	181	178	175	174	181	181	177	178	179	170	165	178	168	167	173	173	180	187	190	196	202	205	210	215	220	224	231	227	230	228	225	222	208	190	185	167	163	172	163	146	137	157	153	157	155	158	168	177	174	169	180	173	175	173	162	147	146	149	161	176	156	146	163	159	153	150	159	149	143	150	146	151	148	153	154	150	137	136	128	128	146	145	150	143	134	145	133	136	140	137	140	149	140	134	135	123	133	130	154	139	143	155	139	140	135	123	113	113	130	145	140	148	149	152	148	144	142	136	137	137	139	125	115	122	136	137	133	135	147	140	129	127	134	143	147	149	138	135	132	132	134	132	140	135	135	138	142	137	144	131	120	127	140	154	143	127	131	113	111	114	120	138	129	145	137	146	159	159	150	149	158	149	153	158	164	150	134	140	158	148	136	172	156	155	121	123	146	128	181	178	161	170	149	150	146	155	155	135	137	149	155	152	155	154	153	152	149	166	175	168	163	155	172	165	169	182	186	185	181	175	174	164	165	173	175	171	161	165	173	161	157	173	173	164	169	173	168	153	144	141	141	140	118	141	165	161	143	137	141	132	141	129	124	123	120	104	103	124	123	129	130	133	132	142	148	144	132	135	152	143	139	140	151	150	146	138	140	144	152	157	148	147	141	138	140	152	147	142	136	142	145	148	143	142	148	131	129	135	137	141	139	139	134	124	136	137	134	141	146	140	134	129	138	145	143	135	140	146	146	142	141	143	145	140	143	140	143	152	144	145	139	139	146	143	136	141	137	134	138	145	145	135	127	131	126	140	148	144	143	146	142	136	130	135	137	139	135	136	136	141	132	134	121	140	148	144	134	139	141	132	130	147	144	148	152	144	138	139	126	114	107	108	94	113	113	130	124	118	121	125	130	140	127	134	137	137	142	134	142	133	145	144	137	141	121	128	132	136	129	127	120	129	131	119	128	129	128	130	130	122	124	123	125	128	129	134	135	135	139	136	133	144	143	142	147	147	135	136	131	135	134	134	143	149	156	149	153	161	146	151	154	148	140	152	146	137	141	150	157	153	153	143	150	149	146	140	144	147	143	144	138	138	126	144	144	139	144	136	137	141	141	132	145	147	147	150
